"uoc_id","uoc","saf_id","organismo","tipo","rubro_modal","anclado","n_adj","n_sup","escala_med","share_directa","acceso","contenido","sede_localidad","sede_provincia","anio_fundacion","credito_vigente","estructura","n_sedes","P_antiguedad","P_presupuesto","A_escala","A_directa","A_tipo","A_antiguedad","A_juris","A_rango","A_presupuesto","N_distribuido","N_tamano"
"101|98/00 - Dir. Compras","98/00 - Dir. Compras","101","101 - Fundación Miguel Lillo","ciencia_universidad","ELECTRICIDAD Y TELEFONIA",FALSE,384,194,1233117.19834313,0.864583333333333,0.0913760609081057,-0.463123433130391,"San Miguel de Tucumán","Tucumán",1931,6804.703921,"administracion_descentralizada",1,"antiguo","bajo","chica","mayoria_directa","ciencia_universidad","antiguo","Tucumán","descentralizada","bajo","una_sede","grande"
"103|91/00 - Departamento de Compras; Mantenimiento y Suministros","91/00 - Departamento de Compras; Mantenimiento y Suministros","103","103 - Consejo Nacional de Investigaciones Científicas y Técnicas","ciencia_universidad","ARTICULOS DEL HOGAR",FALSE,107,77,2602464.50709653,0.803738317757009,0.179231850231006,-0.428392179902465,"CABA","CABA",1958,507413.443501,"administracion_descentralizada",1,"medio","alto","media","mayoria_directa","ciencia_universidad","medio","CABA","descentralizada","alto","una_sede","media"
"105|14 - Compras y Contrataciones - CNEA","14 - Compras y Contrataciones - CNEA","105","105 - Comisión Nacional de Energía Atómica","ciencia_universidad","EQUIPOS",FALSE,1214,517,3353427.20345382,0.715815485996705,0.259770549017032,-0.379205224828069,"CABA","CABA",1950,206735.123078,"administracion_descentralizada",4,"medio","alto","media","mayoria_directa","ciencia_universidad","medio","CABA","descentralizada","alto","distribuido","grande"
"105|14/1 - Centro Atómico Constituyentes - CNEA","14/1 - Centro Atómico Constituyentes - CNEA","105","105 - Comisión Nacional de Energía Atómica","ciencia_universidad","EQUIPOS",FALSE,838,325,2490305,0.750596658711217,0.322480392035533,-0.320752632840152,"Villa Maipú","Buenos Aires",1950,206735.123078,"administracion_descentralizada",4,"medio","alto","media","mayoria_directa","ciencia_universidad","medio","Buenos Aires","descentralizada","alto","distribuido","grande"
"105|14/2 - Centro Atómico Ezeiza - CNEA","14/2 - Centro Atómico Ezeiza - CNEA","105","105 - Comisión Nacional de Energía Atómica","ciencia_universidad","EQUIPOS",FALSE,1236,460,1944425.95745399,0.830097087378641,0.231725001547306,-0.429728139504836,"Ezeiza","Buenos Aires",1950,206735.123078,"administracion_descentralizada",4,"medio","alto","media","mayoria_directa","ciencia_universidad","medio","Buenos Aires","descentralizada","alto","distribuido","grande"
"105|14/3 - Centro Atómico Bariloche - CNEA","14/3 - Centro Atómico Bariloche - CNEA","105","105 - Comisión Nacional de Energía Atómica","ciencia_universidad","ELECTRICIDAD Y TELEFONIA",FALSE,1765,476,2263501.99331973,0.670254957507082,0.218630194528035,-0.502181570000199,"San Carlos de Bariloche","Río Negro",1950,206735.123078,"administracion_descentralizada",4,"medio","alto","media","mayoria_directa","ciencia_universidad","medio","Río Negro","descentralizada","alto","distribuido","grande"
"106|15 - Subgerencia de Compras y Contrataciones","15 - Subgerencia de Compras y Contrataciones","106","106 - Comisión Nacional de Actividades Espaciales","ciencia_universidad","SERV. PROFESIONAL Y COMERCIAL",FALSE,655,333,8367549.44,0.459541984732824,0.423459730999053,-0.231204310953808,"CABA","CABA",1991,66402.817327,"administracion_descentralizada",1,"medio","medio","grande","mixto","ciencia_universidad","medio","CABA","descentralizada","medio","una_sede","grande"
"107|74/00 - ADMINISTRACIÓN DE PARQUES NACIONALES - COORDINACIÓN DE CONTRATACIONES","74/00 - ADMINISTRACIÓN DE PARQUES NACIONALES - COORDINACIÓN DE CONTRATACIONES","107","107 - Administración de Parques Nacionales","administracion","EQUIPOS",TRUE,431,224,8721479.02214782,0.306264501160093,0.368325607771122,-0.195448581414183,"CABA","CABA",1934,73596.265501,"administracion_descentralizada",48,"antiguo","medio","grande","mixto","administracion","antiguo","CABA","descentralizada","medio","distribuido","grande"
"107|74/003 - Parque Nacional Lanin","74/003 - Parque Nacional Lanin","107","107 - Administración de Parques Nacionales","administracion","ELECTRICIDAD Y TELEFONIA",TRUE,297,174,2806832.46074963,0.0471380471380471,0.0510859178694646,-0.433386804958779,"San Martín de los Andes","Neuquén",1934,73596.265501,"administracion_descentralizada",48,"antiguo","medio","media","mixto","administracion","antiguo","Neuquén","descentralizada","medio","distribuido","media"
"107|74/01 - Departamento de Administracion  - Parque Nacional Nahuel Huapi","74/01 - Departamento de Administracion  - Parque Nacional Nahuel Huapi","107","107 - Administración de Parques Nacionales","administracion","EQUIPOS",TRUE,333,167,4881342.24628852,0.027027027027027,0.0210343772057132,-0.389754054604758,"San Carlos de Bariloche","Río Negro",1934,73596.265501,"administracion_descentralizada",48,"antiguo","medio","grande","mixto","administracion","antiguo","Río Negro","descentralizada","medio","distribuido","media"
"107|74/02 - IGUAZU- OFICINA DE ADMINISTRACION","74/02 - IGUAZU- OFICINA DE ADMINISTRACION","107","107 - Administración de Parques Nacionales","administracion","MANT. REPARACION Y LIMPIEZA",TRUE,206,89,3538076.24335418,0.0970873786407767,-0.00129524760356872,-0.439018178017468,"Puerto Iguazú","Misiones",1934,73596.265501,"administracion_descentralizada",48,"antiguo","medio","media","mixto","administracion","antiguo","Misiones","descentralizada","medio","distribuido","media"
"107|74/04 - Parque Nacional Los Alerces","74/04 - Parque Nacional Los Alerces","107","107 - Administración de Parques Nacionales","administracion","MANT. REPARACION Y LIMPIEZA",TRUE,177,99,4189670.30709215,0.0282485875706215,-0.0127111137143554,-0.419522541439438,"Esquel","Chubut",1934,73596.265501,"administracion_descentralizada",48,"antiguo","medio","grande","mixto","administracion","antiguo","Chubut","descentralizada","medio","distribuido","media"
"107|74/05 - Parque Nacional El Rey","74/05 - Parque Nacional El Rey","107","107 - Administración de Parques Nacionales","administracion","REPUESTOS",TRUE,46,39,1240131.13697985,0,0.162646350991089,-0.589056372767265,"Embarcación","Salta",1934,73596.265501,"administracion_descentralizada",48,"antiguo","medio","chica","sin_directa","administracion","antiguo","Salta","descentralizada","medio","distribuido","chica"
"107|74/07 - INTENDENCIA TIERRA DEL FUEGO","74/07 - INTENDENCIA TIERRA DEL FUEGO","107","107 - Administración de Parques Nacionales","administracion","MANT. REPARACION Y LIMPIEZA",TRUE,32,21,3007629.85574879,0.0625,0.148780927934712,-0.325108557211171,"Ushuaia","Tierra del Fuego",1934,73596.265501,"administracion_descentralizada",48,"antiguo","medio","media","mixto","administracion","antiguo","Tierra del Fuego","descentralizada","medio","distribuido","chica"
"107|74/09 - INTENDENCIA LAGO PUELO","74/09 - INTENDENCIA LAGO PUELO","107","107 - Administración de Parques Nacionales","administracion","EQUIPOS",TRUE,111,70,1316029.31397425,0.045045045045045,-0.00895217092293344,-0.469703958475209,"Lago Puelo","Chubut",1934,73596.265501,"administracion_descentralizada",48,"antiguo","medio","chica","mixto","administracion","antiguo","Chubut","descentralizada","medio","distribuido","media"
"107|74/10 - INTENDENCIA EL PALMAR","74/10 - INTENDENCIA EL PALMAR","107","107 - Administración de Parques Nacionales","administracion","EQUIPOS",TRUE,219,128,1640756.05875665,0.0273972602739726,0.0950380007845628,-0.559917638810345,"Concordia","Entre Ríos",1934,73596.265501,"administracion_descentralizada",48,"antiguo","medio","media","mixto","administracion","antiguo","Entre Ríos","descentralizada","medio","distribuido","media"
"107|74/11 - Dirección Regional Patagonia Norte - APN","74/11 - Dirección Regional Patagonia Norte - APN","107","107 - Administración de Parques Nacionales","administracion","INFORMATICA",TRUE,81,54,498330.068369737,0.0246913580246914,-0.0518643787588029,-0.567311889721762,"San Carlos de Bariloche","Río Negro",1934,73596.265501,"administracion_descentralizada",48,"antiguo","medio","chica","mixto","administracion","antiguo","Río Negro","descentralizada","medio","distribuido","chica"
"107|74/13 - PARQUE NACIONAL CAMPO DE LOS ALISOS","74/13 - PARQUE NACIONAL CAMPO DE LOS ALISOS","107","107 - Administración de Parques Nacionales","administracion","MANT. REPARACION Y LIMPIEZA",TRUE,37,26,2814983.11640941,0.027027027027027,-0.1268017041881,-0.510847764571544,"Campo de los Alisos","Tucumán",1934,73596.265501,"administracion_descentralizada",48,"antiguo","medio","media","mixto","administracion","antiguo","Tucumán","descentralizada","medio","distribuido","chica"
"107|74/15 - Parque Nacional Sierra de las Quijadas - Dpto. Administracion","74/15 - Parque Nacional Sierra de las Quijadas - Dpto. Administracion","107","107 - Administración de Parques Nacionales","administracion","EQUIPOS",TRUE,77,51,1220728.27097351,0.012987012987013,0.0676612989018392,-0.569983379216883,"San Luis","San Luis",1934,73596.265501,"administracion_descentralizada",48,"antiguo","medio","chica","mixto","administracion","antiguo","San Luis","descentralizada","medio","distribuido","chica"
"107|74/16 - Delegación Centro DRC - APN","74/16 - Delegación Centro DRC - APN","107","107 - Administración de Parques Nacionales","administracion","MANT. REPARACION Y LIMPIEZA",TRUE,36,21,3511743.60070597,0.138888888888889,-0.14093981481163,-0.226349288481949,"CABA","CABA",1934,73596.265501,"administracion_descentralizada",48,"antiguo","medio","media","mixto","administracion","antiguo","CABA","descentralizada","medio","distribuido","chica"
"107|74/17 - Parque Nacional Talampaya","74/17 - Parque Nacional Talampaya","107","107 - Administración de Parques Nacionales","administracion","EQUIPOS",TRUE,167,71,2446965.04076005,0,0.000474699038456034,-0.627025929801308,"Villa Unión","La Rioja",1934,73596.265501,"administracion_descentralizada",48,"antiguo","medio","media","sin_directa","administracion","antiguo","La Rioja","descentralizada","medio","distribuido","media"
"107|74/18 - CENTRO DE FORMACION Y CAPACITACION EMBALSE","74/18 - CENTRO DE FORMACION Y CAPACITACION EMBALSE","107","107 - Administración de Parques Nacionales","administracion","ARTICULOS DEL HOGAR",TRUE,65,49,2594175.74548851,0.0307692307692308,0.00468061689313374,-0.370551311802743,"Embalse","Córdoba",1934,73596.265501,"administracion_descentralizada",48,"antiguo","medio","media","mixto","administracion","antiguo","Córdoba","descentralizada","medio","distribuido","chica"
"107|74/19 - Parque Nacional El Leoncito","74/19 - Parque Nacional El Leoncito","107","107 - Administración de Parques Nacionales","administracion","REPUESTOS",TRUE,87,64,633048.191330182,0.0344827586206897,-0.0920163790245483,-0.59420156818879,"Barreal","San Juan",1934,73596.265501,"administracion_descentralizada",48,"antiguo","medio","chica","mixto","administracion","antiguo","San Juan","descentralizada","medio","distribuido","chica"
"107|74/20 - Parque Nacional Quebrada del Condorito","74/20 - Parque Nacional Quebrada del Condorito","107","107 - Administración de Parques Nacionales","administracion","EQUIPOS",TRUE,129,74,2057572.57135004,0.0232558139534884,-0.029493651690489,-0.520486198808058,"Parque Nacional Quebrada del Condorito","Córdoba",1934,73596.265501,"administracion_descentralizada",48,"antiguo","medio","media","mixto","administracion","antiguo","Córdoba","descentralizada","medio","distribuido","media"
"107|74/21 - Monumento Natural Laguna de los Pozuelos","74/21 - Monumento Natural Laguna de los Pozuelos","107","107 - Administración de Parques Nacionales","administracion","EQUIPOS",TRUE,35,27,2023320,0,-0.0508910845213594,-0.481171869725304,"Laguna de los Pozuelos","Jujuy",1934,73596.265501,"administracion_descentralizada",48,"antiguo","medio","media","sin_directa","administracion","antiguo","Jujuy","descentralizada","medio","distribuido","chica"
"107|74/24 - Direccion Regional NEA","74/24 - Direccion Regional NEA","107","107 - Administración de Parques Nacionales","administracion","MANT. REPARACION Y LIMPIEZA",TRUE,40,28,1546437.07432029,0,-0.0956514499937971,-0.461952781388609,"Puerto Iguazú","Misiones",1934,73596.265501,"administracion_descentralizada",48,"antiguo","medio","chica","sin_directa","administracion","antiguo","Misiones","descentralizada","medio","distribuido","chica"
"107|74/25 - Parque Nacional Ciervo de los Pantanos","74/25 - Parque Nacional Ciervo de los Pantanos","107","107 - Administración de Parques Nacionales","administracion","BAZAR Y MENAJE",TRUE,177,97,1193861.36462346,0.00564971751412429,0.139096984108126,-0.565704220098882,"Campana","Buenos Aires",1934,73596.265501,"administracion_descentralizada",48,"antiguo","medio","chica","mixto","administracion","antiguo","Buenos Aires","descentralizada","medio","distribuido","media"
"107|74/26 - Parque Nacional Mburucuya","74/26 - Parque Nacional Mburucuya","107","107 - Administración de Parques Nacionales","administracion","EQUIPOS",TRUE,105,61,1022341.01390164,0,0.0569665702894015,-0.569826521774157,"Mburucuyá","Corrientes",1934,73596.265501,"administracion_descentralizada",48,"antiguo","medio","chica","sin_directa","administracion","antiguo","Corrientes","descentralizada","medio","distribuido","media"
"107|74/27 - Parque Nacional Chaco","74/27 - Parque Nacional Chaco","107","107 - Administración de Parques Nacionales","administracion","FERRETERIA",TRUE,170,101,1207924.49566081,0.0235294117647059,0.0593381729418853,-0.53078726560023,"Capitán Solari","Chaco",1934,73596.265501,"administracion_descentralizada",48,"antiguo","medio","chica","mixto","administracion","antiguo","Chaco","descentralizada","medio","distribuido","media"
"107|74/28 - Parque Nacional Río Pilcomayo","74/28 - Parque Nacional Río Pilcomayo","107","107 - Administración de Parques Nacionales","administracion","EQUIPO DE OFICINA Y MUEBLES",TRUE,179,103,756121.85904037,0,-0.0830889557960625,-0.590975601744293,"Clorinda","Formosa",1934,73596.265501,"administracion_descentralizada",48,"antiguo","medio","chica","sin_directa","administracion","antiguo","Formosa","descentralizada","medio","distribuido","media"
"107|74/29 - Parque Nacional Laguna Blanca","74/29 - Parque Nacional Laguna Blanca","107","107 - Administración de Parques Nacionales","administracion","REPUESTOS",TRUE,87,58,702466.241322167,0.0344827586206897,0.0134234589986858,-0.523443750142832,"Laguna Blanca","Catamarca",1934,73596.265501,"administracion_descentralizada",48,"antiguo","medio","chica","mixto","administracion","antiguo","Catamarca","descentralizada","medio","distribuido","chica"
"107|74/30 - Parque Nacional Perito Moreno","74/30 - Parque Nacional Perito Moreno","107","107 - Administración de Parques Nacionales","administracion","EQUIPOS",TRUE,58,49,1208098.87759968,0,0.161587239122595,-0.610092819949763,"Perito Moreno","Santa Cruz",1934,73596.265501,"administracion_descentralizada",48,"antiguo","medio","chica","sin_directa","administracion","antiguo","Santa Cruz","descentralizada","medio","distribuido","chica"
"107|74/31 - Parque Nacional Lihué Calel","74/31 - Parque Nacional Lihué Calel","107","107 - Administración de Parques Nacionales","administracion","ARTICULOS DEL HOGAR",TRUE,158,89,1336799.6867205,0.0189873417721519,0.0612279934044081,-0.56409778068595,"Lihué Calel","La Pampa",1934,73596.265501,"administracion_descentralizada",48,"antiguo","medio","chica","mixto","administracion","antiguo","La Pampa","descentralizada","medio","distribuido","media"
"107|74/32 - PARQUE NACIONAL MONTE LEÓN","74/32 - PARQUE NACIONAL MONTE LEÓN","107","107 - Administración de Parques Nacionales","administracion","EQUIPOS",TRUE,102,59,1299450.79875144,0,-0.0774613992308686,-0.536300916096843,"Monte León","Santa Cruz",1934,73596.265501,"administracion_descentralizada",48,"antiguo","medio","chica","sin_directa","administracion","antiguo","Santa Cruz","descentralizada","medio","distribuido","media"
"107|74/33 - Monumento Natural Bosques Petrificados","74/33 - Monumento Natural Bosques Petrificados","107","107 - Administración de Parques Nacionales","administracion","REPUESTOS",TRUE,44,36,1298296.29243941,0,0.0862634645270293,-0.661638938553593,"Jaramillo","Santa Cruz",1934,73596.265501,"administracion_descentralizada",48,"antiguo","medio","chica","sin_directa","administracion","antiguo","Santa Cruz","descentralizada","medio","distribuido","chica"
"107|74/34 - Direccion de Lucha Contra Incendios Forestales y Emergencias - Administración de Parques Nacionales","74/34 - Direccion de Lucha Contra Incendios Forestales y Emergencias - Administración de Parques Nacionales","107","107 - Administración de Parques Nacionales","administracion","ELECTRICIDAD Y TELEFONIA",TRUE,360,158,2447017.64022322,0.00833333333333333,0.169653483070683,-0.489557484504563,"CABA","CABA",1934,73596.265501,"administracion_descentralizada",48,"antiguo","medio","media","mixto","administracion","antiguo","CABA","descentralizada","medio","distribuido","media"
"107|74/35 - Parque Nacional Copo","74/35 - Parque Nacional Copo","107","107 - Administración de Parques Nacionales","administracion","ELECTRICIDAD Y TELEFONIA",TRUE,146,92,904829.371522277,0,-0.148017903055914,-0.532158906164433,"Pampa del Infierno","Chaco",1934,73596.265501,"administracion_descentralizada",48,"antiguo","medio","chica","sin_directa","administracion","antiguo","Chaco","descentralizada","medio","distribuido","media"
"107|74/36 - Reserva Natural Formosa","74/36 - Reserva Natural Formosa","107","107 - Administración de Parques Nacionales","administracion","FERRETERIA",TRUE,73,52,513283.114207852,0,-0.0698091082948934,-0.550632311925627,"Formosa","Formosa",1934,73596.265501,"administracion_descentralizada",48,"antiguo","medio","chica","sin_directa","administracion","antiguo","Formosa","descentralizada","medio","distribuido","chica"
"107|74/37 - Parque Nacional San Guillermo","74/37 - Parque Nacional San Guillermo","107","107 - Administración de Parques Nacionales","administracion","ARTICULOS DEL HOGAR",TRUE,34,23,2302099.71055097,0,-0.0144219279673962,-0.680868643870728,"San Guillermo","San Juan",1934,73596.265501,"administracion_descentralizada",48,"antiguo","medio","media","sin_directa","administracion","antiguo","San Juan","descentralizada","medio","distribuido","chica"
"107|74/38 - Parque Interjurisdiccional Marino Costero Patagonia","74/38 - Parque Interjurisdiccional Marino Costero Patagonia","107","107 - Administración de Parques Nacionales","administracion","ARTICULOS DEL HOGAR",TRUE,43,30,1245292.41000808,0,-0.0679901549866874,-0.633823663319104,"Puerto Madryn","Chubut",1934,73596.265501,"administracion_descentralizada",48,"antiguo","medio","chica","sin_directa","administracion","antiguo","Chubut","descentralizada","medio","distribuido","chica"
"107|74/40 - RESERVA NATURAL ESTRICTA SAN ANTONIO","74/40 - RESERVA NATURAL ESTRICTA SAN ANTONIO","107","107 - Administración de Parques Nacionales","administracion","INDUMENT TEXTIL Y CONFECCIONES",TRUE,29,22,1832622.27036881,0.0344827586206897,0.0466723858504394,-0.518807150432069,"San Antonio","Misiones",1934,73596.265501,"administracion_descentralizada",48,"antiguo","medio","media","mixto","administracion","antiguo","Misiones","descentralizada","medio","distribuido","chica"
"107|74/41 - Reserva Nacional Pizarro","74/41 - Reserva Nacional Pizarro","107","107 - Administración de Parques Nacionales","administracion","EQUIPOS",TRUE,30,25,899240.76419977,0.0333333333333333,-0.0827849419941092,-0.637947148046771,"General Mosconi","Salta",1934,73596.265501,"administracion_descentralizada",48,"antiguo","medio","chica","mixto","administracion","antiguo","Salta","descentralizada","medio","distribuido","chica"
"107|74/42 - Unidad de Compras - Parque Nacional Campos del Tuyú","74/42 - Unidad de Compras - Parque Nacional Campos del Tuyú","107","107 - Administración de Parques Nacionales","administracion","REPUESTOS",TRUE,36,29,813811.508551777,0,-0.0446571014755527,-0.588917487604045,"General Lavalle","Buenos Aires",1934,73596.265501,"administracion_descentralizada",48,"antiguo","medio","chica","sin_directa","administracion","antiguo","Buenos Aires","descentralizada","medio","distribuido","chica"
"107|74/43 - Parque Nacional Patagonia","74/43 - Parque Nacional Patagonia","107","107 - Administración de Parques Nacionales","administracion","EQUIPOS",TRUE,40,32,2163660.93813947,0,0.045161705207744,-0.448822820193726,"El Chaltén","Santa Cruz",1934,73596.265501,"administracion_descentralizada",48,"antiguo","medio","media","sin_directa","administracion","antiguo","Santa Cruz","descentralizada","medio","distribuido","chica"
"107|74/44 - Parque Nacional el Impenetrable","74/44 - Parque Nacional el Impenetrable","107","107 - Administración de Parques Nacionales","administracion","ALIMENTOS",TRUE,162,61,787312.90117264,0,-0.113630646149264,-0.591702408948946,"Juan José Castelli","Chaco",1934,73596.265501,"administracion_descentralizada",48,"antiguo","medio","chica","sin_directa","administracion","antiguo","Chaco","descentralizada","medio","distribuido","media"
"107|74/45 - Parque Nacional Islas de Santa Fe","74/45 - Parque Nacional Islas de Santa Fe","107","107 - Administración de Parques Nacionales","administracion","EQUIPOS",TRUE,79,46,717690,0,-0.166257540948885,-0.721790034503549,"Santa Fe","Santa Fe",1934,73596.265501,"administracion_descentralizada",48,"antiguo","medio","chica","sin_directa","administracion","antiguo","Santa Fe","descentralizada","medio","distribuido","chica"
"107|74/46 - Parque Nacional Iberá","74/46 - Parque Nacional Iberá","107","107 - Administración de Parques Nacionales","administracion","EQUIPOS",TRUE,208,101,1725486.85613935,0,0.0607050192658119,-0.64851026493196,"Colonia Carlos Pellegrini","Corrientes",1934,73596.265501,"administracion_descentralizada",48,"antiguo","medio","media","sin_directa","administracion","antiguo","Corrientes","descentralizada","medio","distribuido","media"
"107|74/47 - Dirección Regional Patagonia Austral - APN","74/47 - Dirección Regional Patagonia Austral - APN","107","107 - Administración de Parques Nacionales","administracion","REPUESTOS",TRUE,52,34,1616309.15846399,0.0384615384615385,-0.041236333488081,-0.547960659583197,"Río Gallegos","Santa Cruz",1934,73596.265501,"administracion_descentralizada",48,"antiguo","medio","media","mixto","administracion","antiguo","Santa Cruz","descentralizada","medio","distribuido","chica"
"107|74/48 - Parque Interjurisdiccional Marino Makenke","74/48 - Parque Interjurisdiccional Marino Makenke","107","107 - Administración de Parques Nacionales","administracion","EQUIPO DE OFICINA Y MUEBLES",TRUE,22,20,1537291.29378165,0,0.21808972710142,-0.472525014562242,"Puerto Deseado","Santa Cruz",1934,73596.265501,"administracion_descentralizada",48,"antiguo","medio","chica","sin_directa","administracion","antiguo","Santa Cruz","descentralizada","medio","distribuido","chica"
"107|74/49 - Unidad Coordinadora de Proyectos con Financiamiento Externo - UCEFE","74/49 - Unidad Coordinadora de Proyectos con Financiamiento Externo - UCEFE","107","107 - Administración de Parques Nacionales","administracion","EQUIPOS",TRUE,33,28,5150199.20357366,0,0.576829082365822,-0.375437799382215,"CABA","CABA",1934,73596.265501,"administracion_descentralizada",48,"antiguo","medio","grande","sin_directa","administracion","antiguo","CABA","descentralizada","medio","distribuido","chica"
"107|74/50 - Parque Nacional traslasierra","74/50 - Parque Nacional traslasierra","107","107 - Administración de Parques Nacionales","administracion","REPUESTOS",TRUE,57,43,447569.351836721,0,-0.0796701553667671,-0.680325668364208,"Villa Dolores","Córdoba",1934,73596.265501,"administracion_descentralizada",48,"antiguo","medio","chica","sin_directa","administracion","antiguo","Córdoba","descentralizada","medio","distribuido","chica"
"107|74/52 - PARQUE FEDERAL CAMPO SAN JUAN","74/52 - PARQUE FEDERAL CAMPO SAN JUAN","107","107 - Administración de Parques Nacionales","administracion","INDUMENT TEXTIL Y CONFECCIONES",TRUE,69,42,1135878.38555769,0.0144927536231884,-0.0908205439414092,-0.55904846087996,"Campo San Juan","Misiones",1934,73596.265501,"administracion_descentralizada",48,"antiguo","medio","chica","mixto","administracion","antiguo","Misiones","descentralizada","medio","distribuido","chica"
"107|74/6 - Parque Nacional Calilegua","74/6 - Parque Nacional Calilegua","107","107 - Administración de Parques Nacionales","administracion","MANT. REPARACION Y LIMPIEZA",TRUE,72,45,2702237.9122171,0.0277777777777778,0.0650610847064966,-0.589728062325981,"Calilegua","Jujuy",1934,73596.265501,"administracion_descentralizada",48,"antiguo","medio","media","mixto","administracion","antiguo","Jujuy","descentralizada","medio","distribuido","chica"
"107|74/8 - Parque Nacional Los Glaciares","74/8 - Parque Nacional Los Glaciares","107","107 - Administración de Parques Nacionales","administracion","MANT. REPARACION Y LIMPIEZA",TRUE,71,43,6854568,0.0563380281690141,0.062595604593211,-0.360680740914412,"El Calafate","Santa Cruz",1934,73596.265501,"administracion_descentralizada",48,"antiguo","medio","grande","mixto","administracion","antiguo","Santa Cruz","descentralizada","medio","distribuido","chica"
"108|75 - Instituto Nacional del Agua - Departamente Compras","75 - Instituto Nacional del Agua - Departamente Compras","108","108 - Instituto Nacional del Agua","ciencia_universidad","EQUIPOS",FALSE,330,191,5976734.60197165,0.0181818181818182,0.420173041554482,-0.358629895791488,"Ezeiza","Buenos Aires",1973,7314.532954,"administracion_descentralizada",1,"medio","bajo","grande","mixto","ciencia_universidad","medio","Buenos Aires","descentralizada","bajo","una_sede","media"
"109|76/000 - Gerencia de Administración y Capital Humano - SIGEN","76/000 - Gerencia de Administración y Capital Humano - SIGEN","109","109 - Sindicatura General de la Nación","administracion","MANT. REPARACION Y LIMPIEZA",FALSE,333,175,2171178.32883828,0.726726726726727,0.262341764758816,-0.302790708608449,"CABA","CABA",1992,18837.460006,"administracion_descentralizada",1,"medio","medio","media","mayoria_directa","administracion","medio","CABA","descentralizada","medio","una_sede","media"
"112|16/000 - Dirección General de Administración-ARN","16/000 - Dirección General de Administración-ARN","112","112 - Autoridad Regulatoria Nuclear","ciencia_universidad","SERV. PROFESIONAL Y COMERCIAL",FALSE,734,298,2318177.40703584,0.494550408719346,0.283794960687644,-0.303256845469416,"CABA","CABA",1997,15301.712592,"administracion_descentralizada",1,"reciente","bajo","media","mixto","ciencia_universidad","reciente","CABA","descentralizada","bajo","una_sede","grande"
"113|17 - Oficina de Compras- TNC","17 - Oficina de Compras- TNC","113","113 - Teatro Nacional Cervantes","cultura_educacion","ELECTRICIDAD Y TELEFONIA",FALSE,731,306,1481057.78782845,0.785225718194254,0.138521701357932,-0.494947063614015,"CABA","CABA",1921,8940.294857,"administracion_descentralizada",1,"antiguo","bajo","chica","mayoria_directa","cultura_educacion","antiguo","CABA","descentralizada","bajo","una_sede","grande"
"114|18 - Area Compras-INAES","18 - Area Compras-INAES","114","114 - Instituto Nacional de Asociativismo y Economía Social","administracion","MANT. REPARACION Y LIMPIEZA",FALSE,237,141,4828209.47218424,0.248945147679325,0.230378108157387,-0.258789454798765,"CABA","CABA",1996,19632.372112,"administracion_descentralizada",1,"medio","medio","grande","mixto","administracion","medio","CABA","descentralizada","medio","una_sede","media"
"116|92 - Departamento de Compras y Contrataciones- BN","92 - Departamento de Compras y Contrataciones- BN","116","116 - Biblioteca Nacional","cultura_educacion","MANT. REPARACION Y LIMPIEZA",FALSE,515,208,7787498.48487837,0.638834951456311,0.201769302203432,-0.210719775116582,"CABA","CABA",1810,25912.987032,"administracion_descentralizada",1,"antiguo","medio","grande","mayoria_directa","cultura_educacion","antiguo","CABA","descentralizada","medio","una_sede","grande"
"117|20 - Dirección General de Administración - INT","20 - Dirección General de Administración - INT","117","117 - Instituto Nacional del Teatro","cultura_educacion","SERV. PROFESIONAL Y COMERCIAL",FALSE,81,50,4554863.16215242,0.617283950617284,0.212030128606705,-0.298464582680295,"CABA","CABA",1997,6425.748555,"administracion_descentralizada",1,"reciente","bajo","grande","mayoria_directa","cultura_educacion","reciente","CABA","descentralizada","bajo","una_sede","chica"
"120|491/0 - Dirección General Técnica y Administrativa - ADN","491/0 - Dirección General Técnica y Administrativa - ADN","120","120 - Agencia de Deportes Nacional","administracion","INDUMENT TEXTIL Y CONFECCIONES",FALSE,34,31,12142000.8992225,0.411764705882353,0.399480226381807,-0.209497316930149,"CABA","CABA",2001,NA,"administracion_descentralizada",1,"reciente","sin_presupuesto","grande","mixto","administracion","reciente","CABA","descentralizada","sin_presupuesto","una_sede","chica"
"121|494 - Área de Compras y Contrataciones","494 - Área de Compras y Contrataciones","121","121 - Banco Nacional de Datos Genéticos","ciencia_universidad","PROD. MEDICO/FARMACEUTICOS/LAB",FALSE,220,88,5553485.88065292,0.463636363636364,0.409385347848578,-0.192177855719197,"CABA","CABA",1987,2172.901927,"administracion_descentralizada",1,"medio","bajo","grande","mixto","ciencia_universidad","medio","CABA","descentralizada","bajo","una_sede","media"
"173|143/000 - AGENCIA NACIONAL DE PROMOCIÓN DE LA INVESTIGACIÓN; EL DESARROLLO TECNOLÓGICO Y LA INNOVACIÓN","143/000 - AGENCIA NACIONAL DE PROMOCIÓN DE LA INVESTIGACIÓN; EL DESARROLLO TECNOLÓGICO Y LA INNOVACIÓN","173","173 - AGENCIA NACIONAL DE PROMOCIÓN DE LA INVESTIGACIÓN; EL DESARROLLO TECNOLÓGICO Y LA INNOVACIÓN","ciencia_universidad","SERV. PROFESIONAL Y COMERCIAL",FALSE,54,31,7013708.42096481,0.462962962962963,0.287921317196677,-0.0472047993932775,"CABA","CABA",1996,27829.408366,"administracion_descentralizada",1,"medio","medio","grande","mixto","ciencia_universidad","medio","CABA","descentralizada","medio","una_sede","chica"
"200|78/000 - División Compras","78/000 - División Compras","200","200 - Registro Nacional de las Personas","administracion","LIBRERIA PAP. Y UTILES OFICINA",FALSE,297,140,49518112.0932019,0.249158249158249,0.516019919901833,-0.065765730051111,"CABA","CABA",1946,147601.445894,"administracion_descentralizada",1,"antiguo","alto","grande","mixto","administracion","antiguo","CABA","descentralizada","alto","una_sede","media"
"201|21/000 - Dirección General de Administración - DNM","21/000 - Dirección General de Administración - DNM","201","201 - Dirección Nacional de Migraciones","administracion","MANT. REPARACION Y LIMPIEZA",TRUE,623,283,16060490.1057075,0.191011235955056,0.230957336350292,-0.11104149724848,"CABA","CABA",1949,108315.500672,"administracion_descentralizada",1,"antiguo","medio","grande","mixto","administracion","antiguo","CABA","descentralizada","medio","una_sede","grande"
"202|182 - Departamento de Compras y Contrataciones- INADI","182 - Departamento de Compras y Contrataciones- INADI","202","202 - Instituto Nacional contra la Discriminación; Xenofobia y el Racismo","administracion","SERV. PROFESIONAL Y COMERCIAL",FALSE,118,83,4358877.97034002,0.838983050847458,0.163011390406821,-0.0750310525025556,"CABA","CABA",1995,2452.032187,"administracion_descentralizada",1,"medio","bajo","grande","mayoria_directa","administracion","medio","CABA","descentralizada","bajo","una_sede","media"
"203|313/00 - AGENCIA NACIONAL DE SEGURIDAD VIAL - DEP. DE COMPRAS","313/00 - AGENCIA NACIONAL DE SEGURIDAD VIAL - DEP. DE COMPRAS","203","203 - Agencia Nacional de Seguridad Vial","administracion","SERV. PROFESIONAL Y COMERCIAL",FALSE,152,87,18478656.6478381,0.460526315789474,0.344942753306706,-0.158588377366415,"CABA","CABA",2008,16261.852822,"administracion_descentralizada",1,"reciente","medio","grande","mixto","administracion","reciente","CABA","descentralizada","medio","una_sede","media"
"205|392/000 - Dirección General de Administración - AABE","392/000 - Dirección General de Administración - AABE","205","205 - Agencia de Administración de Bienes del Estado","administracion","INMUEBLES",FALSE,303,163,12958985.1133664,0.419141914191419,0.248704149068934,-0.0859241901426452,"CABA","CABA",2012,11141.499786,"administracion_descentralizada",1,"reciente","bajo","grande","mixto","administracion","reciente","CABA","descentralizada","bajo","una_sede","media"
"206|408 - Centro Internacional - CIPDH","408 - Centro Internacional - CIPDH","206","206 - Centro Internacional para la Promoción de los Derechos Humanos","administracion","SERV. PROFESIONAL Y COMERCIAL",FALSE,42,26,6444250.78680842,0.904761904761905,0.227398338102495,0.145404911324474,"CABA","CABA",2007,1147.52018,"administracion_descentralizada",1,"reciente","bajo","grande","mayoria_directa","administracion","reciente","CABA","descentralizada","bajo","una_sede","chica"
"207|454/000 - Subdirección de Compras y Contrataciones","454/000 - Subdirección de Compras y Contrataciones","207","207 - Ente Nacional de Comunicaciones","administracion","MANT. REPARACION Y LIMPIEZA",FALSE,370,207,13621915.7552191,0.32972972972973,0.377685207438321,-0.0509649101509502,"CABA","CABA",2015,64066.806412,"administracion_descentralizada",1,"reciente","medio","grande","mixto","administracion","reciente","CABA","descentralizada","medio","una_sede","media"
"208|466/000 - Dirección Nacional de Administración","466/000 - Dirección Nacional de Administración","208","208 - Agencia Nacional de Materiales Controlados","administracion","MANT. REPARACION Y LIMPIEZA",FALSE,138,97,9600000,0.623188405797101,0.274878305866272,-0.370484892578604,"CABA","CABA",1996,3046.013397,"administracion_descentralizada",1,"medio","bajo","grande","mayoria_directa","administracion","medio","CABA","descentralizada","bajo","una_sede","media"
"209|490 - Agencia de Acceso a la Información Pública","490 - Agencia de Acceso a la Información Pública","209","209 - Agencia de Acceso a la Información Pública","administracion","SERV. PROFESIONAL Y COMERCIAL",FALSE,93,53,4499133.33784893,0.602150537634409,0.318868604881439,-0.284511117309483,"CABA","CABA",2016,2336.545958,"administracion_descentralizada",1,"reciente","bajo","grande","mayoria_directa","administracion","reciente","CABA","descentralizada","bajo","una_sede","chica"
"250|22 - Dpto de Compras y Suministros - Caja de Retiros Jubilaciones y Pensiones de la Policía Federal","22 - Dpto de Compras y Suministros - Caja de Retiros Jubilaciones y Pensiones de la Policía Federal","250","250 - Caja de Retiros Jubilaciones y Pensiones de la Policía Federal","seguridad_defensa","INFORMATICA",FALSE,301,177,2090862.4,0.471760797342193,0.222949054184745,-0.51861119377627,"CABA","CABA",1946,2012158.3877,"administracion_descentralizada",1,"antiguo","alto","media","mixto","seguridad_defensa","antiguo","CABA","descentralizada","alto","una_sede","media"
"301|23/000 - Dirección General de Administración - SG","23/000 - Dirección General de Administración - SG","301","301 - Secretaria General de la Presidencia de la Nación","administracion","BANCOS Y SEGUROS",FALSE,805,317,10637284.7002921,0.46583850931677,0.340909818436756,-0.225607098765504,"CABA","CABA",1854,72591.66972,"administracion_centralizada",1,"antiguo","medio","grande","mixto","administracion","antiguo","CABA","centralizada","medio","una_sede","grande"
"303|24/000 - Dirección General de Administración - SEDRONAR","24/000 - Dirección General de Administración - SEDRONAR","303","303 - Secretaría de Políticas Integrales sobre Drogas","salud_social","MANT. REPARACION Y LIMPIEZA",FALSE,413,194,2641133.09668555,0.753026634382567,0.127066436996249,-0.269842292659906,"CABA","CABA",1989,41782.325653,"administracion_centralizada",1,"medio","medio","media","mayoria_directa","salud_social","medio","CABA","centralizada","medio","una_sede","grande"
"305|79/000 - Dirección General Técnico - Administrativa - JGM","79/000 - Dirección General Técnico - Administrativa - JGM","305","305 - Jefatura de Gabinete de Ministros","administracion","SERV. PROFESIONAL Y COMERCIAL",FALSE,905,351,10456527.0021865,0.425414364640884,0.257722575879823,-0.106159117740178,"CABA","CABA",1994,83711.570952,"administracion_centralizada",1,"medio","medio","grande","mixto","administracion","medio","CABA","centralizada","medio","una_sede","grande"
"307|26/000 - Dirección de Compras y Contrataciones - MRE","26/000 - Dirección de Compras y Contrataciones - MRE","307","307 - Ministerio de Relaciones Exteriores y Culto","administracion","SERV. PROFESIONAL Y COMERCIAL",FALSE,844,381,4334273.2965161,0.517772511848341,0.20173773759303,-0.365664480319973,"CABA","CABA",1853,520717.84039,"administracion_centralizada",1,"antiguo","alto","grande","mayoria_directa","administracion","antiguo","CABA","centralizada","alto","una_sede","grande"
"310|80/000 - Dirección General de Administración - MS","80/000 - Dirección General de Administración - MS","310","310 - Secretaría de Gobierno de Salud","salud_social","PROD. MEDICO/FARMACEUTICOS/LAB",FALSE,966,270,248563270.853483,0.401656314699793,0.597260210749071,0.243311181217901,"CABA","CABA",1949,1150761.807123,"administracion_centralizada",1,"antiguo","alto","grande","mixto","salud_social","antiguo","CABA","centralizada","alto","una_sede","grande"
"310|80/12 - Compras y Contrataciones Internacionales - MSYDS","80/12 - Compras y Contrataciones Internacionales - MSYDS","310","310 - Ministerio de Salud","salud_social","PROD. MEDICO/FARMACEUTICOS/LAB",FALSE,27,22,354028128.502599,0,0.586566835105105,0.052107277283797,"CABA","CABA",1949,1150761.807123,"administracion_centralizada",1,"antiguo","alto","grande","sin_directa","salud_social","antiguo","CABA","centralizada","alto","una_sede","chica"
"311|95/000 - Dirección de Administración de Niñez; Adolescencia y Familia - SENNAF","95/000 - Dirección de Administración de Niñez; Adolescencia y Familia - SENNAF","311","311 - Ministerio de Salud y Desarrollo Social","salud_social","ALIMENTOS",FALSE,1097,412,169999676.515962,0.392889699179581,0.355701761066864,0.196263230946219,"CABA","CABA",2019,2774057.454985,"administracion_centralizada",1,"reciente","alto","grande","mixto","salud_social","reciente","CABA","centralizada","alto","una_sede","grande"
"311|95/1 Dirección de Programas y Proyectos Sectoriales y Especiales de Niñez Adolescencia y Familia","95/1 Dirección de Programas y Proyectos Sectoriales y Especiales de Niñez Adolescencia y Familia","311","311 - Ministerio de Salud y Desarrollo Social","salud_social","CULTURA",FALSE,29,26,27573072.3568925,0,0.403368828498412,-0.254446031168839,"CABA","CABA",2019,2774057.454985,"administracion_centralizada",1,"reciente","alto","grande","sin_directa","salud_social","reciente","CABA","centralizada","alto","una_sede","chica"
"317|262/000 - Dirección General de Administración Y Finanzas - MAD","262/000 - Dirección General de Administración Y Finanzas - MAD","317","317 - Secretaría de Gobierno de Ambiente y Desarrollo Sustentable","administracion","EQUIPOS",FALSE,395,247,7829571.03884767,0.420253164556962,0.392494073157888,-0.244516657937752,"CABA","CABA",2015,83848.575195,"administracion_centralizada",1,"reciente","medio","grande","mixto","administracion","reciente","CABA","centralizada","medio","una_sede","grande"
"321|27/000 - Dirección de Patrimonio y Suministros - INDEC","27/000 - Dirección de Patrimonio y Suministros - INDEC","321","321 - Instituto Nacional de Estadísticas y Censos","administracion","SERV. PROFESIONAL Y COMERCIAL",FALSE,345,155,12147446.8140815,0.231884057971014,0.38435973190271,-0.118898232289433,"CABA","CABA",1968,33819.541049,"administracion_desconcentrada",1,"medio","medio","grande","mixto","administracion","medio","CABA","desconcentrada","medio","una_sede","media"
"322|28 -  Departamento de Compras y Patrimonio- MTU","28 -  Departamento de Compras y Patrimonio- MTU","322","322 - Secretaría de Gobierno de Turismo","administracion","SERV. PROFESIONAL Y COMERCIAL",FALSE,655,368,13145945.7471488,0.323664122137405,0.327818769493148,-0.207425397049457,"CABA","CABA",2001,67542.356322,"administracion_centralizada",1,"reciente","medio","grande","mixto","administracion","reciente","CABA","centralizada","medio","una_sede","grande"
"323|29/000 - Dirección General de Administracion","29/000 - Dirección General de Administracion","323","323 - Comision Nacional de Comercio Exterior","administracion","ALIMENTOS",FALSE,66,40,1166655.25921531,0.803030303030303,0.277023492923246,-0.473348288247924,"CABA","CABA",1994,1013.678598,"administracion_desconcentrada",1,"medio","bajo","chica","mayoria_directa","administracion","medio","CABA","desconcentrada","bajo","una_sede","chica"
"325|81/100 - DIRECCIÓN GENERAL DE ADMINISTRACIÓN","81/100 - DIRECCIÓN GENERAL DE ADMINISTRACIÓN","325","325 - Ministerio del Interior; Obras Públicas y Vivienda","administracion","SERV. PROFESIONAL Y COMERCIAL",FALSE,496,260,14732316.1106031,0.290322580645161,0.321655890464587,-0.241020115024063,"CABA","CABA",1853,377622.128799,"administracion_centralizada",1,"antiguo","alto","grande","mixto","administracion","antiguo","CABA","centralizada","alto","una_sede","grande"
"326|30/00 - División Contrataciones - Policia Federal Argentina","30/00 - División Contrataciones - Policia Federal Argentina","326","326 - Super Intendencia de la Administracion de la Policia Federal","seguridad_defensa","INDUMENT TEXTIL Y CONFECCIONES",FALSE,265,148,38012024.262504,0.20377358490566,0.264107718647737,-0.30619319978457,"CABA","CABA",1943,692961.218604,"administracion_descentralizada",1,"antiguo","alto","grande","mixto","seguridad_defensa","antiguo","CABA","descentralizada","alto","una_sede","media"
"327|451/000 - Dirección de Contrataciones","451/000 - Dirección de Contrataciones","327","327 - Ministerio de Transporte","infraestructura","SERV. PROFESIONAL Y COMERCIAL",FALSE,246,142,11373757.6862169,0.434959349593496,0.291729225964218,-0.0600152294768101,"CABA","CABA",2012,515835.081866,"administracion_centralizada",1,"reciente","alto","grande","mixto","infraestructura","reciente","CABA","centralizada","alto","una_sede","media"
"328|Dirección de Compras y Contrataciones de Energía","Dirección de Compras y Contrataciones de Energía","328","328 - Secretaría de Gobierno de Energía","administracion","SERV. PROFESIONAL Y COMERCIAL",FALSE,52,37,8770432.73911372,0.673076923076923,0.252115335705157,-0.136641209873766,"CABA","CABA",1946,4847026.092198,"administracion_centralizada",1,"antiguo","alto","grande","mayoria_directa","administracion","antiguo","CABA","centralizada","alto","una_sede","chica"
"330|82 - DIRECCIÓN GENERAL DE ADMINISTRACIÓN","82 - DIRECCIÓN GENERAL DE ADMINISTRACIÓN","330","330 - Ministerio de Educación; Cultura; Ciencia y Tecnología","cultura_educacion","LIBRERIA PAP. Y UTILES OFICINA",FALSE,846,362,115147896.344223,0.463356973995272,0.419447041006888,0.199582829183274,"CABA","CABA",1854,4599183.588027,"administracion_centralizada",1,"antiguo","alto","grande","mixto","cultura_educacion","antiguo","CABA","centralizada","alto","una_sede","grande"
"331|31/000 - Direccion de Contrataciones - SPF","31/000 - Direccion de Contrataciones - SPF","331","331 - Servicio Penitenciario Federal","seguridad_defensa","ARTICULOS DEL HOGAR",FALSE,266,151,32371876.4644583,0.0714285714285714,0.260219367866233,-0.453310404780402,"CABA","CABA",1872,329776.604594,"administracion_descentralizada",1,"antiguo","alto","grande","mixto","seguridad_defensa","antiguo","CABA","descentralizada","alto","una_sede","media"
"332|32/000 - Dirección General de Administración - MJyDDHH","32/000 - Dirección General de Administración - MJyDDHH","332","332 - Ministerio de Justicia y Derechos Humanos","administracion","ELECTRICIDAD Y TELEFONIA",FALSE,462,229,5593228.79579402,0.16017316017316,0.222077320944131,-0.462201760084247,"CABA","CABA",1949,122092.115364,"administracion_centralizada",1,"antiguo","alto","grande","mixto","administracion","antiguo","CABA","centralizada","alto","una_sede","grande"
"336|142/000 –Subsecretaria de Gestión Administrativa de Innovación; Ciencia y Tecnología","142/000 –Subsecretaria de Gestión Administrativa de Innovación; Ciencia y Tecnología","336","336 - Secretaría de Gobierno de Ciencia; Tecnología e Innovación Productiva","ciencia_universidad","SERV. PROFESIONAL Y COMERCIAL",FALSE,264,147,12798604.3028059,0.390151515151515,0.368672999008186,-0.10456567310441,"CABA","CABA",2019,104688.730512,"administracion_centralizada",1,"reciente","medio","grande","mixto","ciencia_universidad","reciente","CABA","centralizada","medio","una_sede","media"
"337|83/000 - Dirección General de Administración Financiera - MC","83/000 - Dirección General de Administración Financiera - MC","337","337 - Secretaría de Gobierno de Cultura","cultura_educacion","SERV. PROFESIONAL Y COMERCIAL",FALSE,1471,641,9872866.44067988,0.405846363018355,0.232806273972313,-0.157329915702333,"CABA","CABA",1973,NA,"administracion_centralizada",1,"medio","sin_presupuesto","grande","mixto","cultura_educacion","medio","CABA","centralizada","sin_presupuesto","una_sede","grande"
"338|300/000 - Dirección General de Administración - SECLyT","300/000 - Dirección General de Administración - SECLyT","338","338 - Secretaria Legal y Técnica","administracion","SERV. PROFESIONAL Y COMERCIAL",FALSE,210,106,7229075.81487353,0.376190476190476,0.386668546216349,-0.235429856219919,"CABA","CABA",1853,9941.497069,"administracion_centralizada",1,"antiguo","bajo","grande","mixto","administracion","antiguo","CABA","centralizada","bajo","una_sede","media"
"341|263 - Unidad Operativa de Compras-SENAF","263 - Unidad Operativa de Compras-SENAF","341","341 - Secretaría Nacional de Niñez; Adolescencia y Familia","salud_social","MANT. REPARACION Y LIMPIEZA",FALSE,177,122,11038917.0219708,0.576271186440678,0.18653146196772,-0.178500583828238,"CABA","CABA",2001,62084.641388,"administracion_descentralizada",1,"reciente","medio","grande","mayoria_directa","salud_social","reciente","CABA","descentralizada","medio","una_sede","media"
"343|347/000 - Dirección General de Administración - MS","347/000 - Dirección General de Administración - MS","343","343 - Ministerio de Seguridad","seguridad_defensa","EQUIPOS",FALSE,713,352,13149945.3746151,0.300140252454418,0.382492466869918,-0.292396870968063,"CABA","CABA",2010,182160.973048,"administracion_centralizada",1,"reciente","alto","grande","mixto","seguridad_defensa","reciente","CABA","centralizada","alto","una_sede","grande"
"345|380/000 - COMPRAS Y CONTRATACIONES - CNCPS","380/000 - COMPRAS Y CONTRATACIONES - CNCPS","345","345 - Consejo Nacional de Coordinación de Politicas Sociales","salud_social","SERVICIOS BASICOS",FALSE,86,50,6880294.98046638,0.430232558139535,0.395840560928844,-0.136193785153963,"CABA","CABA",2002,4956.82072,"administracion_desconcentrada",1,"reciente","bajo","grande","mixto","salud_social","reciente","CABA","desconcentrada","bajo","una_sede","chica"
"347|457/000 - SECRETARÍA DE MEDIOS Y COMUNICACIÓN PÚBLICA - COORD. COMPRAS Y CONTRATACIONES","457/000 - SECRETARÍA DE MEDIOS Y COMUNICACIÓN PÚBLICA - COORD. COMPRAS Y CONTRATACIONES","347","347 - Secretaría de Gobierno del Sistema Federal de Medios y Contenidos Públicos","administracion","SERV. PROFESIONAL Y COMERCIAL",FALSE,290,227,5537509.70684352,0.7,0.0552237748437484,0.00657097048640156,"CABA","CABA",2018,NA,"administracion_centralizada",1,"reciente","sin_presupuesto","grande","mayoria_directa","administracion","reciente","CABA","centralizada","sin_presupuesto","una_sede","media"
"349|488 - Coordinación de Compras y Contrataciones","488 - Coordinación de Compras y Contrataciones","349","349 - Procuración del Tesoro de la Nación","administracion","SERV. PROFESIONAL Y COMERCIAL",FALSE,163,71,5070168.4539874,0.785276073619632,0.0644050020391646,-0.0980096259799321,"CABA","CABA",1863,5052.526951,"administracion_desconcentrada",1,"antiguo","bajo","grande","mayoria_directa","administracion","antiguo","CABA","desconcentrada","bajo","una_sede","media"
"350|33/000 - Dirección General de Administración - MT","33/000 - Dirección General de Administración - MT","350","350 - Secretaría de Gobierno de Trabajo y Empleo","salud_social","ALQUILER",FALSE,835,397,16236446.9921236,0.355688622754491,0.194126178792806,0.0411836271327972,"CABA","CABA",1949,853011.232337,"administracion_centralizada",1,"antiguo","alto","grande","mixto","salud_social","antiguo","CABA","centralizada","alto","una_sede","grande"
"357|34/000 - Dirección General de Administración - MHA","34/000 - Dirección General de Administración - MHA","357","357- Ministerio de Hacienda","administracion","SERV. PROFESIONAL Y COMERCIAL",FALSE,526,206,16289155.7106591,0.231939163498099,0.421345241062185,-0.190216651103538,"CABA","CABA",1854,153839.069819,"administracion_centralizada",1,"antiguo","alto","grande","mixto","administracion","antiguo","CABA","centralizada","alto","una_sede","grande"
"362|315/000 - Dirección General de Administración - MP","315/000 - Dirección General de Administración - MP","362","362 - Ministerio de Producción y Trabajo","administracion","SERV. PROFESIONAL Y COMERCIAL",FALSE,442,219,28101545.2464427,0.479638009049774,0.22747758826332,0.104578299117068,"CABA","CABA",2019,380131.861438,"administracion_centralizada",1,"reciente","alto","grande","mixto","administracion","reciente","CABA","centralizada","alto","una_sede","grande"
"363|334/000 - Coordinación de Compras y Contrataciones - MA","334/000 - Coordinación de Compras y Contrataciones - MA","363","363 - Secretaría de Gobierno de Agroindustria","administracion","SERV. PROFESIONAL Y COMERCIAL",FALSE,211,124,20943133.1578364,0.42654028436019,0.383008965030902,-0.132190999296989,"CABA","CABA",2019,8144.85241,"administracion_centralizada",1,"reciente","bajo","grande","mixto","administracion","reciente","CABA","centralizada","bajo","una_sede","media"
"364|501/000-Ministerio de Obras Públicas","501/000-Ministerio de Obras Públicas","364","364-Ministerio de Obras Públicas","infraestructura","SERV. PROFESIONAL Y COMERCIAL",FALSE,194,116,3779622.12900948,0.603092783505155,0.323953792015937,-0.243346504073304,"CABA","CABA",1854,287131.965922,"administracion_centralizada",1,"antiguo","alto","grande","mayoria_directa","infraestructura","antiguo","CABA","centralizada","alto","una_sede","media"
"365|502/000-Dirección de Compras y Contrataciones - MDTYH","502/000-Dirección de Compras y Contrataciones - MDTYH","365","365-Ministerio de Desarrollo Territorial y Hábitat","infraestructura","ELECTRICIDAD Y TELEFONIA",FALSE,169,95,9311345.91826062,0.443786982248521,0.319927377823737,-0.278687674511435,"CABA","CABA",2019,430490.656473,"administracion_centralizada",1,"reciente","alto","grande","mixto","infraestructura","reciente","CABA","centralizada","alto","una_sede","media"
"366|450/000 - Dirección General de Administración y Finanzas","450/000 - Dirección General de Administración y Finanzas","366","366 - Secretaría de Gobierno de Modernización","administracion","SERVICIOS BASICOS",FALSE,221,80,1716328.84014272,0.194570135746606,0.555690397542472,-0.168017570570921,"CABA","CABA",2015,NA,"administracion_centralizada",1,"reciente","sin_presupuesto","media","mixto","administracion","reciente","CABA","centralizada","sin_presupuesto","una_sede","media"
"368|503 - SECRETARÍA DE COMUNICACIÓN Y MEDIOS - DIRECCIÓN DE COMPRAS; CONTRATACIONES; PATRIMONIO Y SUMINISTROS","503 - SECRETARÍA DE COMUNICACIÓN Y MEDIOS - DIRECCIÓN DE COMPRAS; CONTRATACIONES; PATRIMONIO Y SUMINISTROS","368","368 - SECRETARÍA DE COMUNICACIÓN Y MEDIOS DE LA PRESIDENCIA DE LA NACIÓN","administracion","SERV. PROFESIONAL Y COMERCIAL",FALSE,84,38,12704680.3076566,0.357142857142857,0.457609990088675,0.090980670027726,"CABA","CABA",1958,2166.964004,"administracion_centralizada",1,"medio","bajo","grande","mixto","administracion","medio","CABA","centralizada","bajo","una_sede","chica"
"370|35/000 - Dirección General de Administración - MD","35/000 - Dirección General de Administración - MD","370","370 - Ministerio de Defensa","seguridad_defensa","ALIMENTOS",FALSE,625,289,2433960,0.36,0.196192119000025,-0.515474774260742,"CABA","CABA",1853,38639.085711,"administracion_centralizada",1,"antiguo","medio","media","mixto","seguridad_defensa","antiguo","CABA","centralizada","medio","una_sede","grande"
"371|72/00 - Dirección Administrativa Financiera- EMCFFAA- Dpto de contrataciones","72/00 - Dirección Administrativa Financiera- EMCFFAA- Dpto de contrataciones","371","371 - Estado Mayor Conjunto (EMCO)","seguridad_defensa","ALIMENTOS",FALSE,1034,342,4257755.74172563,0.107350096711799,0.177487998839834,-0.656838036236764,"CABA","CABA",1948,46000.987966,"administracion_desconcentrada",24,"antiguo","medio","grande","mixto","seguridad_defensa","antiguo","CABA","desconcentrada","medio","distribuido","grande"
"371|84/102 - DISTRITO ELECTORAL - MENDOZA","84/102 - DISTRITO ELECTORAL - MENDOZA","371","371 - Estado Mayor Conjunto (EMCO)","seguridad_defensa","ELECTRICIDAD Y TELEFONIA",FALSE,66,43,1537814.75173236,0.0151515151515152,0.081557963977444,-0.61061042865851,"Mendoza","Mendoza",1948,46000.987966,"administracion_desconcentrada",24,"antiguo","medio","chica","mixto","seguridad_defensa","antiguo","Mendoza","desconcentrada","medio","distribuido","chica"
"371|84/103 - DISTRITO ELECTORAL - MISIONES","84/103 - DISTRITO ELECTORAL - MISIONES","371","371 - Estado Mayor Conjunto (EMCO)","seguridad_defensa","REPUESTOS",FALSE,53,35,1807101.14565536,0,0.0617342982852955,-0.711840787328976,"Posadas","Misiones",1948,46000.987966,"administracion_desconcentrada",24,"antiguo","medio","media","sin_directa","seguridad_defensa","antiguo","Misiones","desconcentrada","medio","distribuido","chica"
"371|84/104 - DISTRITO ELECTORAL - NEUQUEN","84/104 - DISTRITO ELECTORAL - NEUQUEN","371","371 - Estado Mayor Conjunto (EMCO)","seguridad_defensa","ELECTRICIDAD Y TELEFONIA",FALSE,45,28,4888527.44028537,0,0.118069573579766,-0.623781563381591,"Neuquén","Neuquén",1948,46000.987966,"administracion_desconcentrada",24,"antiguo","medio","grande","sin_directa","seguridad_defensa","antiguo","Neuquén","desconcentrada","medio","distribuido","chica"
"371|84/105 - DISTRITO ELECTORAL - SALTA","84/105 - DISTRITO ELECTORAL - SALTA","371","371 - Estado Mayor Conjunto (EMCO)","seguridad_defensa","ALQUILER",FALSE,144,55,6473957.26036596,0,-0.0277134605861802,-0.591358345747513,"Salta","Salta",1948,46000.987966,"administracion_desconcentrada",24,"antiguo","medio","grande","sin_directa","seguridad_defensa","antiguo","Salta","desconcentrada","medio","distribuido","media"
"371|84/109 - COMANDO GENERAL ELECTORAL","84/109 - COMANDO GENERAL ELECTORAL","371","371 - Estado Mayor Conjunto (EMCO)","seguridad_defensa","SERV. PROFESIONAL Y COMERCIAL",FALSE,126,61,21941969.023848,0.0317460317460317,0.347090071910838,-0.495772558583617,"CABA","CABA",1948,46000.987966,"administracion_desconcentrada",24,"antiguo","medio","grande","mixto","seguridad_defensa","antiguo","CABA","desconcentrada","medio","distribuido","media"
"371|84/111 - DISTRITO ELECTORAL - RIO NEGRO","84/111 - DISTRITO ELECTORAL - RIO NEGRO","371","371 - Estado Mayor Conjunto (EMCO)","seguridad_defensa","SERV. PROFESIONAL Y COMERCIAL",FALSE,58,27,5474547.25043564,0.0517241379310345,0.105512540583699,-0.480419062400463,"Viedma","Río Negro",1948,46000.987966,"administracion_desconcentrada",24,"antiguo","medio","grande","mixto","seguridad_defensa","antiguo","Río Negro","desconcentrada","medio","distribuido","chica"
"371|84/112 - DISTRITO ELECTORAL - SAN LUIS","84/112 - DISTRITO ELECTORAL - SAN LUIS","371","371 - Estado Mayor Conjunto (EMCO)","seguridad_defensa","REPUESTOS",FALSE,63,42,714184.095559601,0.80952380952381,0.0593234855306022,-0.659248592279143,"San Luis","San Luis",1948,46000.987966,"administracion_desconcentrada",24,"antiguo","medio","chica","mayoria_directa","seguridad_defensa","antiguo","San Luis","desconcentrada","medio","distribuido","chica"
"371|84/113 - DISTRITO ELECTORAL - SANTIAGO DEL ESTERO","84/113 - DISTRITO ELECTORAL - SANTIAGO DEL ESTERO","371","371 - Estado Mayor Conjunto (EMCO)","seguridad_defensa","ELEMENTOS DE LIMPIEZA",FALSE,65,45,643739.390046884,0.953846153846154,-0.0753147448815619,-0.641305865391206,"Santiago del Estero","Santiago del Estero",1948,46000.987966,"administracion_desconcentrada",24,"antiguo","medio","chica","mayoria_directa","seguridad_defensa","antiguo","Santiago del Estero","desconcentrada","medio","distribuido","chica"
"371|84/114 - DISTRITO ELECTORAL - TIERRA DEL FUEGO","84/114 - DISTRITO ELECTORAL - TIERRA DEL FUEGO","371","371 - Estado Mayor Conjunto (EMCO)","seguridad_defensa","ELECTRICIDAD Y TELEFONIA",FALSE,40,26,1597528.28596618,0,-0.0243673328269016,-0.555243829109063,"Ushuaia","Tierra del Fuego",1948,46000.987966,"administracion_desconcentrada",24,"antiguo","medio","chica","sin_directa","seguridad_defensa","antiguo","Tierra del Fuego","desconcentrada","medio","distribuido","chica"
"371|84/115 - DISTRITO ELECTORAL - SANTA CRUZ","84/115 - DISTRITO ELECTORAL - SANTA CRUZ","371","371 - Estado Mayor Conjunto (EMCO)","seguridad_defensa","ELECTRICIDAD Y TELEFONIA",FALSE,59,35,1293671.78075972,0,-0.00183562270964158,-0.600067301127645,"Río Gallegos","Santa Cruz",1948,46000.987966,"administracion_desconcentrada",24,"antiguo","medio","chica","sin_directa","seguridad_defensa","antiguo","Santa Cruz","desconcentrada","medio","distribuido","chica"
"371|84/116 - DISTRITO ELECTORAL - SANTA FE","84/116 - DISTRITO ELECTORAL - SANTA FE","371","371 - Estado Mayor Conjunto (EMCO)","seguridad_defensa","SERV. PROFESIONAL Y COMERCIAL",FALSE,107,43,2711941.08961576,0,0.218150260009849,-0.422999466434425,"Santa Fe","Santa Fe",1948,46000.987966,"administracion_desconcentrada",24,"antiguo","medio","media","sin_directa","seguridad_defensa","antiguo","Santa Fe","desconcentrada","medio","distribuido","media"
"371|84/118 - DISTRITO ELECTORAL - CABA","84/118 - DISTRITO ELECTORAL - CABA","371","371 - Estado Mayor Conjunto (EMCO)","seguridad_defensa","ELECTRICIDAD Y TELEFONIA",FALSE,48,35,3532869.51827479,0.104166666666667,0.155502299255393,-0.650281550505492,"CABA","CABA",1948,46000.987966,"administracion_desconcentrada",24,"antiguo","medio","media","mixto","seguridad_defensa","antiguo","CABA","desconcentrada","medio","distribuido","chica"
"371|84/119 - DISTRITO ELECTORAL - CATAMARCA","84/119 - DISTRITO ELECTORAL - CATAMARCA","371","371 - Estado Mayor Conjunto (EMCO)","seguridad_defensa","REPUESTOS",FALSE,48,33,762669.489081602,0,0.0213429953223238,-0.601456200533007,"San Fernando del Valle de Catamarca","Catamarca",1948,46000.987966,"administracion_desconcentrada",24,"antiguo","medio","chica","sin_directa","seguridad_defensa","antiguo","Catamarca","desconcentrada","medio","distribuido","chica"
"371|84/120 - DISTRITO ELECTORAL - CHACO","84/120 - DISTRITO ELECTORAL - CHACO","371","371 - Estado Mayor Conjunto (EMCO)","seguridad_defensa","REPUESTOS",FALSE,60,44,1453364.76382704,0.0333333333333333,0.027151264566741,-0.709790438919268,"Resistencia","Chaco",1948,46000.987966,"administracion_desconcentrada",24,"antiguo","medio","chica","mixto","seguridad_defensa","antiguo","Chaco","desconcentrada","medio","distribuido","chica"
"371|84/121 - DISTRITO ELECTORAL - CHUBUT","84/121 - DISTRITO ELECTORAL - CHUBUT","371","371 - Estado Mayor Conjunto (EMCO)","seguridad_defensa","ELECTRICIDAD Y TELEFONIA",FALSE,60,28,1776277.45420233,0.133333333333333,0.192833002371021,-0.72353072885182,"Rawson","Chubut",1948,46000.987966,"administracion_desconcentrada",24,"antiguo","medio","media","mixto","seguridad_defensa","antiguo","Chubut","desconcentrada","medio","distribuido","chica"
"371|84/122 - DISTRITO ELECTORAL - CORDOBA","84/122 - DISTRITO ELECTORAL - CORDOBA","371","371 - Estado Mayor Conjunto (EMCO)","seguridad_defensa","ELECTRICIDAD Y TELEFONIA",FALSE,66,40,2163852.67903879,0.0151515151515152,0.12161730050781,-0.633972693524154,"Córdoba","Córdoba",1948,46000.987966,"administracion_desconcentrada",24,"antiguo","medio","media","mixto","seguridad_defensa","antiguo","Córdoba","desconcentrada","medio","distribuido","chica"
"371|84/123 - DISTRITO ELECTORAL - CORRIENTES","84/123 - DISTRITO ELECTORAL - CORRIENTES","371","371 - Estado Mayor Conjunto (EMCO)","seguridad_defensa","ELECTRICIDAD Y TELEFONIA",FALSE,65,39,1024276.4278335,0,0.106122911372141,-0.71314127662008,"Corrientes","Corrientes",1948,46000.987966,"administracion_desconcentrada",24,"antiguo","medio","chica","sin_directa","seguridad_defensa","antiguo","Corrientes","desconcentrada","medio","distribuido","chica"
"371|84/124 - DISTRITO ELECTORAL - ENTRE RIOS","84/124 - DISTRITO ELECTORAL - ENTRE RIOS","371","371 - Estado Mayor Conjunto (EMCO)","seguridad_defensa","ELECTRICIDAD Y TELEFONIA",FALSE,64,32,1928114.10986338,0,0.0869150477817437,-0.656156545300598,"Paraná","Entre Ríos",1948,46000.987966,"administracion_desconcentrada",24,"antiguo","medio","media","sin_directa","seguridad_defensa","antiguo","Entre Ríos","desconcentrada","medio","distribuido","chica"
"371|84/126 - SUBDISTRITO ELECTORAL TIGRE","84/126 - SUBDISTRITO ELECTORAL TIGRE","371","371 - Estado Mayor Conjunto (EMCO)","seguridad_defensa","REPUESTOS",FALSE,51,28,2067493.13944695,0,0.213983769698457,-0.712826178497248,"Tigre","Buenos Aires",1948,46000.987966,"administracion_desconcentrada",24,"antiguo","medio","media","sin_directa","seguridad_defensa","antiguo","Buenos Aires","desconcentrada","medio","distribuido","chica"
"371|84/127 - SUBDISTRITO ELECTORAL BAHIA BLANCA","84/127 - SUBDISTRITO ELECTORAL BAHIA BLANCA","371","371 - Estado Mayor Conjunto (EMCO)","seguridad_defensa","ELECTRICIDAD Y TELEFONIA",FALSE,38,24,2080756.11638891,0,-0.00264334891768552,-0.533245957879548,"Bahía Blanca","Buenos Aires",1948,46000.987966,"administracion_desconcentrada",24,"antiguo","medio","media","sin_directa","seguridad_defensa","antiguo","Buenos Aires","desconcentrada","medio","distribuido","chica"
"372|36 - Departamento de Compras y Contrataciones - CITEDEF","36 - Departamento de Compras y Contrataciones - CITEDEF","372","372 - Instituto de Investigaciones Científicas y Técnicas para la Defensa","seguridad_defensa","MANT. REPARACION Y LIMPIEZA",FALSE,136,89,4347759.88297232,0.573529411764706,0.169785697033085,-0.458576332117417,"Villa Martelli","Buenos Aires",1954,10405.17545,"administracion_descentralizada",1,"medio","bajo","grande","mayoria_directa","seguridad_defensa","medio","Buenos Aires","descentralizada","bajo","una_sede","media"
"374|84/03 - Comando de la 1ra División de Ejército","84/03 - Comando de la 1ra División de Ejército","374","374 - Estado Mayor General del Ejercito","seguridad_defensa","ALIMENTOS",TRUE,846,163,1123941.79735224,0,-0.0230583393615119,-0.761698096062848,"CABA","CABA",1853,1241855.608432,"administracion_desconcentrada",21,"antiguo","alto","chica","sin_directa","seguridad_defensa","antiguo","CABA","desconcentrada","alto","distribuido","grande"
"374|84/04 - Comando de la 2da División de Ejército","84/04 - Comando de la 2da División de Ejército","374","374 - Estado Mayor General del Ejercito","seguridad_defensa","ELECTRICIDAD Y TELEFONIA",TRUE,248,107,533814.88295001,0.0201612903225806,-0.00233882972730571,-0.695395332436233,"Rosario","Santa Fe",1853,1241855.608432,"administracion_desconcentrada",21,"antiguo","alto","chica","mixto","seguridad_defensa","antiguo","Santa Fe","desconcentrada","alto","distribuido","media"
"374|84/05 - Comando de la 3ra División de Ejército","84/05 - Comando de la 3ra División de Ejército","374","374 - Estado Mayor General del Ejercito","seguridad_defensa","ALIMENTOS",TRUE,385,80,3979681.57922321,0,0.0324214600806572,-0.691935249326288,"Paraná","Entre Ríos",1853,1241855.608432,"administracion_desconcentrada",21,"antiguo","alto","grande","sin_directa","seguridad_defensa","antiguo","Entre Ríos","desconcentrada","alto","distribuido","grande"
"374|84/06 - Dirección General de Salud","84/06 - Dirección General de Salud","374","374 - Estado Mayor General del Ejercito","seguridad_defensa","PROD. MEDICO/FARMACEUTICOS/LAB",TRUE,967,195,7804530.60368732,0,0.356013589329912,-0.500740167810755,"CABA","CABA",1853,1241855.608432,"administracion_desconcentrada",21,"antiguo","alto","grande","sin_directa","seguridad_defensa","antiguo","CABA","desconcentrada","alto","distribuido","grande"
"374|84/07 - Dirección de Aviación de Ejercito - Ejercito Argentino","84/07 - Dirección de Aviación de Ejercito - Ejercito Argentino","374","374 - Estado Mayor General del Ejercito","seguridad_defensa","REPUESTOS",TRUE,1130,284,743024.309517585,0.0415929203539823,0.190679835527914,-0.666877529210254,"Campo de Mayo","Buenos Aires",1853,1241855.608432,"administracion_desconcentrada",21,"antiguo","alto","chica","mixto","seguridad_defensa","antiguo","Buenos Aires","desconcentrada","alto","distribuido","grande"
"374|84/08 - Hospital General 602 Campo de Mayo","84/08 - Hospital General 602 Campo de Mayo","374","374 - Estado Mayor General del Ejercito","seguridad_defensa","SERV. PROFESIONAL Y COMERCIAL",TRUE,695,178,6578615.82104095,0.0158273381294964,0.270528519630283,-0.611625484468648,"Campo de Mayo","Buenos Aires",1853,1241855.608432,"administracion_desconcentrada",21,"antiguo","alto","grande","mixto","seguridad_defensa","antiguo","Buenos Aires","desconcentrada","alto","distribuido","grande"
"374|84/11 - Liceo Militar General San Martin","84/11 - Liceo Militar General San Martin","374","374 - Estado Mayor General del Ejercito","seguridad_defensa","ALIMENTOS",TRUE,455,150,1702920.11178465,0.00879120879120879,0.0130742552703548,-0.749010229787042,"CABA","CABA",1853,1241855.608432,"administracion_desconcentrada",21,"antiguo","alto","media","mixto","seguridad_defensa","antiguo","CABA","desconcentrada","alto","distribuido","grande"
"374|84/12 - Dirección de Ingenieros e Infraestructura","84/12 - Dirección de Ingenieros e Infraestructura","374","374 - Estado Mayor General del Ejercito","seguridad_defensa","MANT. REPARACION Y LIMPIEZA",TRUE,499,129,11366434.3612348,0.0440881763527054,0.273603430872918,-0.574361793246553,"CABA","CABA",1853,1241855.608432,"administracion_desconcentrada",21,"antiguo","alto","grande","mixto","seguridad_defensa","antiguo","CABA","desconcentrada","alto","distribuido","grande"
"374|84/128 - Dirección General de Intendencia","84/128 - Dirección General de Intendencia","374","374 - Estado Mayor General del Ejercito","seguridad_defensa","INDUMENT TEXTIL Y CONFECCIONES",TRUE,583,131,12156974.5,0.0343053173241852,0.279426177000229,-0.658254458375201,"CABA","CABA",1853,1241855.608432,"administracion_desconcentrada",21,"antiguo","alto","grande","mixto","seguridad_defensa","antiguo","CABA","desconcentrada","alto","distribuido","grande"
"374|84/129 - Dirección de Arsenales","84/129 - Dirección de Arsenales","374","374 - Estado Mayor General del Ejercito","seguridad_defensa","REPUESTOS",TRUE,1319,222,3346088.64069967,0.175890826383624,0.132694481644328,-0.712272659435979,"Boulogne Sur Mer","Buenos Aires",1853,1241855.608432,"administracion_desconcentrada",21,"antiguo","alto","media","mixto","seguridad_defensa","antiguo","Buenos Aires","desconcentrada","alto","distribuido","grande"
"374|84/13 - Dirección de Remonta y Veterinaria","84/13 - Dirección de Remonta y Veterinaria","374","374 - Estado Mayor General del Ejercito","seguridad_defensa","INMUEBLES",TRUE,2230,381,5587175.35754819,0.00672645739910314,0.126541775291739,-0.559599252090959,"CABA","CABA",1853,1241855.608432,"administracion_desconcentrada",21,"antiguo","alto","grande","mixto","seguridad_defensa","antiguo","CABA","desconcentrada","alto","distribuido","grande"
"374|84/134 - Comando de Adiestramiento y Alistamiento","84/134 - Comando de Adiestramiento y Alistamiento","374","374 - Estado Mayor General del Ejercito","seguridad_defensa","BAZAR Y MENAJE",TRUE,1104,275,820457.960639331,0.0570652173913043,0.0536896497395262,-0.783469538290237,"Campo de Mayo","Buenos Aires",1853,1241855.608432,"administracion_desconcentrada",21,"antiguo","alto","chica","mixto","seguridad_defensa","antiguo","Buenos Aires","desconcentrada","alto","distribuido","grande"
"374|84/135 - Dirección General de Material","84/135 - Dirección General de Material","374","374 - Estado Mayor General del Ejercito","seguridad_defensa","ALIMENTOS",TRUE,511,215,1000913.68477062,0.050880626223092,0.220271959217144,-0.644603369309867,"CABA","CABA",1853,1241855.608432,"administracion_desconcentrada",21,"antiguo","alto","chica","mixto","seguridad_defensa","antiguo","CABA","desconcentrada","alto","distribuido","grande"
"374|84/136 COMANDO GUARNICIÓN MILITAR BUENOS AIRES","84/136 COMANDO GUARNICIÓN MILITAR BUENOS AIRES","374","374 - Estado Mayor General del Ejercito","seguridad_defensa","BAZAR Y MENAJE",TRUE,437,134,1143495,0.0205949656750572,0.0578808341604913,-0.790032811010608,"CABA","CABA",1853,1241855.608432,"administracion_desconcentrada",21,"antiguo","alto","chica","mixto","seguridad_defensa","antiguo","CABA","desconcentrada","alto","distribuido","grande"
"374|84/138 - Comando de la Fuerza de Despliegue Rápido","84/138 - Comando de la Fuerza de Despliegue Rápido","374","374 - Estado Mayor General del Ejercito","seguridad_defensa","ELECTRICIDAD Y TELEFONIA",TRUE,238,96,1885543.42533049,0.0378151260504202,0.0355289008979096,-0.746205555460687,"Campo de Mayo","Buenos Aires",1853,1241855.608432,"administracion_desconcentrada",21,"antiguo","alto","media","mixto","seguridad_defensa","antiguo","Buenos Aires","desconcentrada","alto","distribuido","media"
"374|84/140 - Comando de Brigada de Monte III","84/140 - Comando de Brigada de Monte III","374","374 - Estado Mayor General del Ejercito","seguridad_defensa","ALIMENTOS",TRUE,1007,175,3022619.81435956,0.00297914597815293,-0.0467175500552491,-0.767255784950119,"Resistencia","Chaco",1853,1241855.608432,"administracion_desconcentrada",21,"antiguo","alto","media","mixto","seguridad_defensa","antiguo","Chaco","desconcentrada","alto","distribuido","grande"
"374|84/141 - Jefatura Agrupación de Ingenieros 601","84/141 - Jefatura Agrupación de Ingenieros 601","374","374 - Estado Mayor General del Ejercito","seguridad_defensa","ELEMENTOS DE LIMPIEZA",TRUE,91,62,486432.225228607,0.945054945054945,0.121899701040871,-0.761145331611173,"Campo de Mayo","Buenos Aires",1853,1241855.608432,"administracion_desconcentrada",21,"antiguo","alto","chica","mayoria_directa","seguridad_defensa","antiguo","Buenos Aires","desconcentrada","alto","distribuido","chica"
"374|84/142 - Regimiento de Artillería 1","84/142 - Regimiento de Artillería 1","374","374 - Estado Mayor General del Ejercito","seguridad_defensa","ELEMENTOS DE LIMPIEZA",TRUE,143,35,2384975.77585734,0.524475524475524,0.0511614808080243,-0.836827206101908,"Campo de Mayo","Buenos Aires",1853,1241855.608432,"administracion_desconcentrada",21,"antiguo","alto","media","mayoria_directa","seguridad_defensa","antiguo","Buenos Aires","desconcentrada","alto","distribuido","media"
"374|84/143-JEFATURA DE AGRUPACION DE ARTILLERIA DE CAMPAÑA 601","84/143-JEFATURA DE AGRUPACION DE ARTILLERIA DE CAMPAÑA 601","374","374 - Estado Mayor General del Ejercito","seguridad_defensa","ALIMENTOS",TRUE,299,54,1325868.68919078,0,-0.00731940804864368,-0.770210932255924,"Campo de Mayo","Buenos Aires",1853,1241855.608432,"administracion_desconcentrada",21,"antiguo","alto","chica","sin_directa","seguridad_defensa","antiguo","Buenos Aires","desconcentrada","alto","distribuido","media"
"374|84/144-REGIMIENTO DE INFANTERIA 4","84/144-REGIMIENTO DE INFANTERIA 4","374","374 - Estado Mayor General del Ejercito","seguridad_defensa","ELEMENTOS DE LIMPIEZA",TRUE,40,23,684260.656827857,0,0.12462753859875,-0.716138684783606,"Monte Caseros","Corrientes",1853,1241855.608432,"administracion_desconcentrada",21,"antiguo","alto","chica","sin_directa","seguridad_defensa","antiguo","Corrientes","desconcentrada","alto","distribuido","chica"
"374|84/147 - ESCUELA MILITAR DE MONTE","84/147 - ESCUELA MILITAR DE MONTE","374","374 - Estado Mayor General del Ejercito","seguridad_defensa","ALIMENTOS",TRUE,338,94,760038.376631215,0,-0.115315250717105,-0.768312531694899,"CABA","CABA",1853,1241855.608432,"administracion_desconcentrada",21,"antiguo","alto","chica","sin_directa","seguridad_defensa","antiguo","CABA","desconcentrada","alto","distribuido","media"
"374|84/148 ESCUELA DE TROPAS AEROTRANSPORTADAS Y OPERACIONES ESPECIALES","84/148 ESCUELA DE TROPAS AEROTRANSPORTADAS Y OPERACIONES ESPECIALES","374","374 - Estado Mayor General del Ejercito","seguridad_defensa","BAZAR Y MENAJE",TRUE,99,47,649406.34394472,0,0.0136330786018976,-0.737160532406397,"Campo de Mayo","Buenos Aires",1853,1241855.608432,"administracion_desconcentrada",21,"antiguo","alto","chica","sin_directa","seguridad_defensa","antiguo","Buenos Aires","desconcentrada","alto","distribuido","media"
"374|84/15 - Comando de Brigada Blindada I","84/15 - Comando de Brigada Blindada I","374","374 - Estado Mayor General del Ejercito","seguridad_defensa","ELECTRICIDAD Y TELEFONIA",TRUE,808,170,1308194.87242676,0.00866336633663366,0.0320361561314381,-0.7472771799519,"Tandil","Buenos Aires",1853,1241855.608432,"administracion_desconcentrada",21,"antiguo","alto","chica","mixto","seguridad_defensa","antiguo","Buenos Aires","desconcentrada","alto","distribuido","grande"
"374|84/16 - Comando Brigada Blindada II","84/16 - Comando Brigada Blindada II","374","374 - Estado Mayor General del Ejercito","seguridad_defensa","ELECTRICIDAD Y TELEFONIA",TRUE,909,205,2111237.33730706,0,0.0519932592803109,-0.73074708884856,"Paraná","Entre Ríos",1853,1241855.608432,"administracion_desconcentrada",21,"antiguo","alto","media","sin_directa","seguridad_defensa","antiguo","Entre Ríos","desconcentrada","alto","distribuido","grande"
"374|84/17 - Comando Brigada de Montaña V","84/17 - Comando Brigada de Montaña V","374","374 - Estado Mayor General del Ejercito","seguridad_defensa","ALIMENTOS",TRUE,1383,233,2147681.65086056,0.0108459869848156,0.00885980843865522,-0.728402144745329,"Salta","Salta",1853,1241855.608432,"administracion_desconcentrada",21,"antiguo","alto","media","mixto","seguridad_defensa","antiguo","Salta","desconcentrada","alto","distribuido","grande"
"374|84/18 - Comando de la Brigada de Montaña VI","84/18 - Comando de la Brigada de Montaña VI","374","374 - Estado Mayor General del Ejercito","seguridad_defensa","ALIMENTOS",TRUE,487,121,4693984.34661269,0.0123203285420945,-0.0265829780560822,-0.717574133398809,"San Martín de los Andes","Neuquén",1853,1241855.608432,"administracion_desconcentrada",21,"antiguo","alto","grande","mixto","seguridad_defensa","antiguo","Neuquén","desconcentrada","alto","distribuido","grande"
"374|84/19 - Comando Brigada de Montaña VIII","84/19 - Comando Brigada de Montaña VIII","374","374 - Estado Mayor General del Ejercito","seguridad_defensa","ALIMENTOS",TRUE,659,138,3096933.73751851,0.047040971168437,0.089292358248031,-0.719144029041743,"Mendoza","Mendoza",1853,1241855.608432,"administracion_desconcentrada",21,"antiguo","alto","media","mixto","seguridad_defensa","antiguo","Mendoza","desconcentrada","alto","distribuido","grande"
"374|84/20 - Comando Brigada Mecanizada IX","84/20 - Comando Brigada Mecanizada IX","374","374 - Estado Mayor General del Ejercito","seguridad_defensa","ALIMENTOS",TRUE,599,114,2654836.35542739,0.00166944908180301,0.00905414862155138,-0.779957121043549,"Comodoro Rivadavia","Chubut",1853,1241855.608432,"administracion_desconcentrada",21,"antiguo","alto","media","mixto","seguridad_defensa","antiguo","Chubut","desconcentrada","alto","distribuido","grande"
"374|84/21 - Comando Brigada Mecanizada XI","84/21 - Comando Brigada Mecanizada XI","374","374 - Estado Mayor General del Ejercito","seguridad_defensa","ELECTRICIDAD Y TELEFONIA",TRUE,760,193,2296437.84901452,0.00131578947368421,-0.0884112378538963,-0.726441031558278,"Río Gallegos","Santa Cruz",1853,1241855.608432,"administracion_desconcentrada",21,"antiguo","alto","media","mixto","seguridad_defensa","antiguo","Santa Cruz","desconcentrada","alto","distribuido","grande"
"374|84/22 - Comando de Brigada de Monte XII","84/22 - Comando de Brigada de Monte XII","374","374 - Estado Mayor General del Ejercito","seguridad_defensa","ALIMENTOS",TRUE,904,222,1796583.2322286,0,-0.0477005899250407,-0.726679268074976,"Posadas","Misiones",1853,1241855.608432,"administracion_desconcentrada",21,"antiguo","alto","media","sin_directa","seguridad_defensa","antiguo","Misiones","desconcentrada","alto","distribuido","grande"
"374|84/23 - Escuela de Suboficiales del Ejercito Sargento Cabral - Estado Mayor General del Ejercito","84/23 - Escuela de Suboficiales del Ejercito Sargento Cabral - Estado Mayor General del Ejercito","374","374 - Estado Mayor General del Ejercito","seguridad_defensa","ELECTRICIDAD Y TELEFONIA",TRUE,886,229,1375724.13462479,0.0191873589164786,0.0903378490390044,-0.741574840784466,"Campo de Mayo","Buenos Aires",1853,1241855.608432,"administracion_desconcentrada",21,"antiguo","alto","chica","mixto","seguridad_defensa","antiguo","Buenos Aires","desconcentrada","alto","distribuido","grande"
"374|84/24 - Colegio Militar de la Nación - Compras y Contrataciones","84/24 - Colegio Militar de la Nación - Compras y Contrataciones","374","374 - Estado Mayor General del Ejercito","seguridad_defensa","ELECTRICIDAD Y TELEFONIA",TRUE,1074,200,2833327.94193269,0.00651769087523277,-0.0176825137711783,-0.78906064376359,"El Palomar","Buenos Aires",1853,1241855.608432,"administracion_desconcentrada",21,"antiguo","alto","media","mixto","seguridad_defensa","antiguo","Buenos Aires","desconcentrada","alto","distribuido","grande"
"374|84/26 - Hospital Militar Central 601","84/26 - Hospital Militar Central 601","374","374 - Estado Mayor General del Ejercito","seguridad_defensa","PROD. MEDICO/FARMACEUTICOS/LAB",TRUE,1912,323,11569760.6098676,0.0439330543933054,0.294279095997535,-0.615069826080464,"CABA","CABA",1853,1241855.608432,"administracion_desconcentrada",21,"antiguo","alto","grande","mixto","seguridad_defensa","antiguo","CABA","desconcentrada","alto","distribuido","grande"
"374|84/28 - Jefatura Agrupación Artillería Antiaérea Ej. 601 - EC","84/28 - Jefatura Agrupación Artillería Antiaérea Ej. 601 - EC","374","374 - Estado Mayor General del Ejercito","seguridad_defensa","ELECTRICIDAD Y TELEFONIA",TRUE,634,145,988652.620221659,0.0126182965299685,0.0316258538374871,-0.734246771864201,"Mar del Plata","Buenos Aires",1853,1241855.608432,"administracion_desconcentrada",21,"antiguo","alto","chica","mixto","seguridad_defensa","antiguo","Buenos Aires","desconcentrada","alto","distribuido","grande"
"374|84/29 - Liceo Militar General Espejo","84/29 - Liceo Militar General Espejo","374","374 - Estado Mayor General del Ejercito","seguridad_defensa","ALIMENTOS",TRUE,315,120,2437377.63,0.00317460317460317,-0.0037909011383106,-0.65943054508975,"Mendoza","Mendoza",1853,1241855.608432,"administracion_desconcentrada",21,"antiguo","alto","media","mixto","seguridad_defensa","antiguo","Mendoza","desconcentrada","alto","distribuido","media"
"374|84/30 - Liceo Militar General Paz","84/30 - Liceo Militar General Paz","374","374 - Estado Mayor General del Ejercito","seguridad_defensa","ALIMENTOS",TRUE,624,163,2838158.22047816,0.0144230769230769,0.0448209124847584,-0.726579722780914,"Córdoba","Córdoba",1853,1241855.608432,"administracion_desconcentrada",21,"antiguo","alto","media","mixto","seguridad_defensa","antiguo","Córdoba","desconcentrada","alto","distribuido","grande"
"374|84/31 - Liceo Militar General Belgrano","84/31 - Liceo Militar General Belgrano","374","374 - Estado Mayor General del Ejercito","seguridad_defensa","BAZAR Y MENAJE",TRUE,499,144,1625776.67669297,0.00400801603206413,-0.0546805493257267,-0.683223361288743,"Santa Fe","Santa Fe",1853,1241855.608432,"administracion_desconcentrada",21,"antiguo","alto","media","mixto","seguridad_defensa","antiguo","Santa Fe","desconcentrada","alto","distribuido","grande"
"374|84/32 - Liceo Militar General Araoz de Lamadrid","84/32 - Liceo Militar General Araoz de Lamadrid","374","374 - Estado Mayor General del Ejercito","seguridad_defensa","ALIMENTOS",TRUE,308,108,2808356.82045161,0,-0.00457173692544823,-0.656789891010407,"San Miguel de Tucumán","Tucumán",1853,1241855.608432,"administracion_desconcentrada",21,"antiguo","alto","media","sin_directa","seguridad_defensa","antiguo","Tucumán","desconcentrada","alto","distribuido","media"
"374|84/33 - DIRECCION DE INTELIGENCIA OPERACIONAL","84/33 - DIRECCION DE INTELIGENCIA OPERACIONAL","374","374 - Estado Mayor General del Ejercito","seguridad_defensa","ELECTRICIDAD Y TELEFONIA",TRUE,455,106,1081113.45892374,0.287912087912088,0.064281454548182,-0.816571727877628,"CABA","CABA",1853,1241855.608432,"administracion_desconcentrada",21,"antiguo","alto","chica","mixto","seguridad_defensa","antiguo","CABA","desconcentrada","alto","distribuido","grande"
"374|84/34 - Regimiento de Granaderos a Caballo","84/34 - Regimiento de Granaderos a Caballo","374","374 - Estado Mayor General del Ejercito","seguridad_defensa","ELEMENTOS DE LIMPIEZA",TRUE,247,70,1139749.79201444,0.153846153846154,0.0308291655067458,-0.820751399754923,"CABA","CABA",1853,1241855.608432,"administracion_desconcentrada",21,"antiguo","alto","chica","mixto","seguridad_defensa","antiguo","CABA","desconcentrada","alto","distribuido","media"
"374|84/35 - Instituto Social Militar Dámaso Centeno","84/35 - Instituto Social Militar Dámaso Centeno","374","374 - Estado Mayor General del Ejercito","seguridad_defensa","MANT. REPARACION Y LIMPIEZA",TRUE,285,115,3800186.93547751,0,0.0901474814143031,-0.561261418191078,"CABA","CABA",1853,1241855.608432,"administracion_desconcentrada",21,"antiguo","alto","grande","sin_directa","seguridad_defensa","antiguo","CABA","desconcentrada","alto","distribuido","media"
"374|84/36 - Escuela Militar de Montaña","84/36 - Escuela Militar de Montaña","374","374 - Estado Mayor General del Ejercito","seguridad_defensa","ALIMENTOS",TRUE,392,98,1100955.48598146,0.0178571428571429,-0.0343237021209717,-0.726499228372067,"San Martín de los Andes","Neuquén",1853,1241855.608432,"administracion_desconcentrada",21,"antiguo","alto","chica","mixto","seguridad_defensa","antiguo","Neuquén","desconcentrada","alto","distribuido","grande"
"374|84/37 - Hospital Militar Regional Córdoba","84/37 - Hospital Militar Regional Córdoba","374","374 - Estado Mayor General del Ejercito","seguridad_defensa","MANT. REPARACION Y LIMPIEZA",TRUE,691,155,3600490.11850109,0,0.197032934557339,-0.618764886552915,"Córdoba","Córdoba",1853,1241855.608432,"administracion_desconcentrada",21,"antiguo","alto","media","sin_directa","seguridad_defensa","antiguo","Córdoba","desconcentrada","alto","distribuido","grande"
"374|84/39 - Comando Brigada Paracaidista IV","84/39 - Comando Brigada Paracaidista IV","374","374 - Estado Mayor General del Ejercito","seguridad_defensa","ELECTRICIDAD Y TELEFONIA",TRUE,879,179,1237117.67102644,0.0147895335608646,0.0637304627555205,-0.719844182467952,"Córdoba","Córdoba",1853,1241855.608432,"administracion_desconcentrada",21,"antiguo","alto","chica","mixto","seguridad_defensa","antiguo","Córdoba","desconcentrada","alto","distribuido","grande"
"374|84/40 - Comando Brigada Mecanizada X","84/40 - Comando Brigada Mecanizada X","374","374 - Estado Mayor General del Ejercito","seguridad_defensa","ELECTRICIDAD Y TELEFONIA",TRUE,437,95,5844462.64047938,0.011441647597254,-0.0322411097138962,-0.655448944647423,"La Plata","Buenos Aires",1853,1241855.608432,"administracion_desconcentrada",21,"antiguo","alto","grande","mixto","seguridad_defensa","antiguo","Buenos Aires","desconcentrada","alto","distribuido","grande"
"374|84/41 - Contaduría general del Ejercito","84/41 - Contaduría general del Ejercito","374","374 - Estado Mayor General del Ejercito","seguridad_defensa","ALIMENTOS",TRUE,187,76,3334885.21891161,0.0160427807486631,0.138489165166669,-0.633231478165335,"CABA","CABA",1853,1241855.608432,"administracion_desconcentrada",21,"antiguo","alto","media","mixto","seguridad_defensa","antiguo","CABA","desconcentrada","alto","distribuido","media"
"374|84/42 - CENTRO DE EDUCACION OPERACIONAL DUQUE DE CAXIAS","84/42 - CENTRO DE EDUCACION OPERACIONAL DUQUE DE CAXIAS","374","374 - Estado Mayor General del Ejercito","seguridad_defensa","ELECTRICIDAD Y TELEFONIA",TRUE,61,40,671233.039366796,0.0163934426229508,0.131485627804202,-0.736700344515381,"Campo de Mayo","Buenos Aires",1853,1241855.608432,"administracion_desconcentrada",21,"antiguo","alto","chica","mixto","seguridad_defensa","antiguo","Buenos Aires","desconcentrada","alto","distribuido","chica"
"374|84/48 - Batallón de Ingenieros Anfibios 121","84/48 - Batallón de Ingenieros Anfibios 121","374","374 - Estado Mayor General del Ejercito","seguridad_defensa","LIBRERIA PAP. Y UTILES OFICINA",TRUE,675,152,410696.036688493,0,0.00169554038184756,-0.729818437473365,"Santo Tomé","Corrientes",1853,1241855.608432,"administracion_desconcentrada",21,"antiguo","alto","chica","sin_directa","seguridad_defensa","antiguo","Corrientes","desconcentrada","alto","distribuido","grande"
"374|84/71 - Liceo Militar General Roca","84/71 - Liceo Militar General Roca","374","374 - Estado Mayor General del Ejercito","seguridad_defensa","ALIMENTOS",TRUE,423,90,3495118.05111397,0,-0.0572557382492588,-0.743766455962683,"Comodoro Rivadavia","Chubut",1853,1241855.608432,"administracion_desconcentrada",21,"antiguo","alto","media","sin_directa","seguridad_defensa","antiguo","Chubut","desconcentrada","alto","distribuido","grande"
"374|84/74 - Sastrería Militar","84/74 - Sastrería Militar","374","374 - Estado Mayor General del Ejercito","seguridad_defensa","INDUMENT TEXTIL Y CONFECCIONES",TRUE,294,90,3191913.26445781,0.0306122448979592,0.211817206812085,-0.636655056492153,"CABA","CABA",1853,1241855.608432,"administracion_desconcentrada",21,"antiguo","alto","media","mixto","seguridad_defensa","antiguo","CABA","desconcentrada","alto","distribuido","media"
"374|84/77 - Departamento Contaduría y Finanzas (EMGE)","84/77 - Departamento Contaduría y Finanzas (EMGE)","374","374 - Estado Mayor General del Ejercito","seguridad_defensa","ALIMENTOS",TRUE,2940,506,2880995.60270936,0.023469387755102,0.165316646742813,-0.675130832246433,"CABA","CABA",1853,1241855.608432,"administracion_desconcentrada",21,"antiguo","alto","media","mixto","seguridad_defensa","antiguo","CABA","desconcentrada","alto","distribuido","grande"
"374|84/81 - Jefatura Agrupación Comunicaciones 601","84/81 - Jefatura Agrupación Comunicaciones 601","374","374 - Estado Mayor General del Ejercito","seguridad_defensa","ELECTRICIDAD Y TELEFONIA",TRUE,397,98,1028745.14772192,0.00251889168765743,0.0435047530292348,-0.73898812146177,"CABA","CABA",1853,1241855.608432,"administracion_desconcentrada",21,"antiguo","alto","chica","mixto","seguridad_defensa","antiguo","CABA","desconcentrada","alto","distribuido","grande"
"374|84/88 - DIRECCION DE EDUCACION OPERACIONAL","84/88 - DIRECCION DE EDUCACION OPERACIONAL","374","374 - Estado Mayor General del Ejercito","seguridad_defensa","BAZAR Y MENAJE",TRUE,783,199,1282654.9518189,0.00255427841634738,0.0240099406868844,-0.787102420258881,"CABA","CABA",1853,1241855.608432,"administracion_desconcentrada",21,"antiguo","alto","chica","mixto","seguridad_defensa","antiguo","CABA","desconcentrada","alto","distribuido","grande"
"374|84/89 - Dirección General de Educación","84/89 - Dirección General de Educación","374","374 - Estado Mayor General del Ejercito","seguridad_defensa","MANT. REPARACION Y LIMPIEZA",TRUE,1004,315,845922.498984213,0.00099601593625498,0.0142339449757819,-0.742831046257453,"CABA","CABA",1853,1241855.608432,"administracion_desconcentrada",21,"antiguo","alto","chica","sin_directa","seguridad_defensa","antiguo","CABA","desconcentrada","alto","distribuido","grande"
"374|84/98 - Regimiento de Infantería 1 Patricios","84/98 - Regimiento de Infantería 1 Patricios","374","374 - Estado Mayor General del Ejercito","seguridad_defensa","BAZAR Y MENAJE",TRUE,288,121,1324144.38455052,0,0.00434133065524499,-0.750125928597127,"CABA","CABA",1853,1241855.608432,"administracion_desconcentrada",21,"antiguo","alto","chica","sin_directa","seguridad_defensa","antiguo","CABA","desconcentrada","alto","distribuido","media"
"374|84/99 - Hospital Militar Regional Mendoza","84/99 - Hospital Militar Regional Mendoza","374","374 - Estado Mayor General del Ejercito","seguridad_defensa","PROD. MEDICO/FARMACEUTICOS/LAB",TRUE,697,145,3849159.62372272,0,0.218048143329759,-0.622003569540832,"Mendoza","Mendoza",1853,1241855.608432,"administracion_desconcentrada",21,"antiguo","alto","grande","sin_directa","seguridad_defensa","antiguo","Mendoza","desconcentrada","alto","distribuido","grande"
"375|37/000 - Departamento Contrataciones","37/000 - Departamento Contrataciones","375","375 - Gendarmeria Nacional","seguridad_defensa","INDUMENT TEXTIL Y CONFECCIONES",TRUE,89,49,115825822.006542,0.157303370786517,0.368894325439441,-0.361354793078891,"CABA","CABA",1938,979169.374397,"administracion_desconcentrada",87,"antiguo","alto","grande","mixto","seguridad_defensa","antiguo","CABA","desconcentrada","alto","distribuido","chica"
"375|37/001 - Unidad Tecnica Administrativa Contable DNG","37/001 - Unidad Tecnica Administrativa Contable DNG","375","375 - Gendarmeria Nacional","seguridad_defensa","ALIMENTOS",TRUE,317,99,20677791.0739561,0.0630914826498423,0.100224915136408,-0.581943320860788,"CABA","CABA",1938,979169.374397,"administracion_desconcentrada",87,"antiguo","alto","grande","mixto","seguridad_defensa","antiguo","CABA","desconcentrada","alto","distribuido","media"
"375|37/002 - Unidad Tecnica Administrativa Contable Digeapoyo","37/002 - Unidad Tecnica Administrativa Contable Digeapoyo","375","375 - Gendarmeria Nacional","seguridad_defensa","INDUMENT TEXTIL Y CONFECCIONES",TRUE,247,106,12986348.8155537,0.453441295546559,0.257617235094485,-0.547580636870765,"CABA","CABA",1938,979169.374397,"administracion_desconcentrada",87,"antiguo","alto","grande","mixto","seguridad_defensa","antiguo","CABA","desconcentrada","alto","distribuido","media"
"375|37/003 - Centro Asistencial Buenos Aires","37/003 - Centro Asistencial Buenos Aires","375","375 - Gendarmeria Nacional","seguridad_defensa","BAZAR Y MENAJE",TRUE,249,117,10217036.6045439,0.104417670682731,0.0691439530936982,-0.498455061237383,"CABA","CABA",1938,979169.374397,"administracion_desconcentrada",87,"antiguo","alto","grande","mixto","seguridad_defensa","antiguo","CABA","desconcentrada","alto","distribuido","media"
"375|37/004 - Unidad De Inteligencia Buenos Aires Sur","37/004 - Unidad De Inteligencia Buenos Aires Sur","375","375 - Gendarmeria Nacional","seguridad_defensa","ELEMENTOS DE LIMPIEZA",TRUE,65,39,2087436.64392205,0.723076923076923,0.181415204401875,-0.566459888115695,"CABA","CABA",1938,979169.374397,"administracion_desconcentrada",87,"antiguo","alto","media","mayoria_directa","seguridad_defensa","antiguo","CABA","desconcentrada","alto","distribuido","chica"
"375|37/005 - Escuela De  Gendarmería Nacional Grl D. M.M. De Güemes","37/005 - Escuela De  Gendarmería Nacional Grl D. M.M. De Güemes","375","375 - Gendarmeria Nacional","seguridad_defensa","ALIMENTOS",TRUE,282,138,5289709.83667726,0.553191489361702,0.105921058877014,-0.690206195699714,"Campo de Mayo","Buenos Aires",1938,979169.374397,"administracion_desconcentrada",87,"antiguo","alto","grande","mayoria_directa","seguridad_defensa","antiguo","Buenos Aires","desconcentrada","alto","distribuido","media"
"375|37/006 - Escuela Superior De Gn Grl Br D. M.M. Calderón","37/006 - Escuela Superior De Gn Grl Br D. M.M. Calderón","375","375 - Gendarmeria Nacional","seguridad_defensa","MANT. REPARACION Y LIMPIEZA",TRUE,100,58,4274670.44378406,0.66,-0.0265923910919889,-0.571435375377952,"Campo de Mayo","Buenos Aires",1938,979169.374397,"administracion_desconcentrada",87,"antiguo","alto","grande","mayoria_directa","seguridad_defensa","antiguo","Buenos Aires","desconcentrada","alto","distribuido","media"
"375|37/007 - Escuela De Suboficiales Cabo Raúl Remberto Cuello","37/007 - Escuela De Suboficiales Cabo Raúl Remberto Cuello","375","375 - Gendarmeria Nacional","seguridad_defensa","ALIMENTOS",TRUE,249,120,7878660.23227525,0.200803212851406,-0.0938632675891445,-0.583385191773913,"Campo de Mayo","Buenos Aires",1938,979169.374397,"administracion_desconcentrada",87,"antiguo","alto","grande","mixto","seguridad_defensa","antiguo","Buenos Aires","desconcentrada","alto","distribuido","media"
"375|37/008 - Destacamento Movil 3","37/008 - Destacamento Movil 3","375","375 - Gendarmeria Nacional","seguridad_defensa","REPUESTOS",TRUE,78,35,4272088.79622187,0.538461538461538,-0.0387016955637145,-0.604915375110958,NA,NA,1938,979169.374397,"administracion_desconcentrada",87,"antiguo","alto","grande","mayoria_directa","seguridad_defensa","antiguo","sin_sede","desconcentrada","alto","distribuido","chica"
"375|37/009 - Instituto De Capacitación Especializada Cabo Juan Adolfo Romero","37/009 - Instituto De Capacitación Especializada Cabo Juan Adolfo Romero","375","375 - Gendarmeria Nacional","seguridad_defensa","ELECTRICIDAD Y TELEFONIA",TRUE,258,131,2362369.26891092,0.720930232558139,-0.0313721679332347,-0.677053612259853,"Campo de Mayo","Buenos Aires",1938,979169.374397,"administracion_desconcentrada",87,"antiguo","alto","media","mayoria_directa","seguridad_defensa","antiguo","Buenos Aires","desconcentrada","alto","distribuido","media"
"375|37/010 - Comando De Región I","37/010 - Comando De Región I","375","375 - Gendarmeria Nacional","seguridad_defensa","MANT. REPARACION Y LIMPIEZA",TRUE,174,96,7378193.60401517,0.505747126436782,0.130755034975934,-0.575818601125974,"Campo de Mayo","Buenos Aires",1938,979169.374397,"administracion_desconcentrada",87,"antiguo","alto","grande","mayoria_directa","seguridad_defensa","antiguo","Buenos Aires","desconcentrada","alto","distribuido","media"
"375|37/011 - Destacamento Movil 1","37/011 - Destacamento Movil 1","375","375 - Gendarmeria Nacional","seguridad_defensa","ELEMENTOS DE LIMPIEZA",TRUE,112,64,1564087.30898705,0.830357142857143,0.119440667547074,-0.724096366178676,"CABA","CABA",1938,979169.374397,"administracion_desconcentrada",87,"antiguo","alto","chica","mayoria_directa","seguridad_defensa","antiguo","CABA","desconcentrada","alto","distribuido","media"
"375|37/013 - Comando De Región II","37/013 - Comando De Región II","375","375 - Gendarmeria Nacional","seguridad_defensa","LIBRERIA PAP. Y UTILES OFICINA",TRUE,200,69,1446958.70438311,0.94,-0.128312939848728,-0.626087456276809,"Rosario","Santa Fe",1938,979169.374397,"administracion_desconcentrada",87,"antiguo","alto","chica","mayoria_directa","seguridad_defensa","antiguo","Santa Fe","desconcentrada","alto","distribuido","media"
"375|37/014 - Destacamento Movil 2","37/014 - Destacamento Movil 2","375","375 - Gendarmeria Nacional","seguridad_defensa","REPUESTOS",TRUE,279,92,2395705,0.734767025089606,-0.175271757211057,-0.632425547179958,"CABA","CABA",1938,979169.374397,"administracion_desconcentrada",87,"antiguo","alto","media","mayoria_directa","seguridad_defensa","antiguo","CABA","desconcentrada","alto","distribuido","media"
"375|37/015 - Jefatura De Agrupacion III Corrientes","37/015 - Jefatura De Agrupacion III Corrientes","375","375 - Gendarmeria Nacional","seguridad_defensa","REPUESTOS",TRUE,115,49,1616200,0.895652173913044,-0.221149792035642,-0.482228124584346,"Corrientes","Corrientes",1938,979169.374397,"administracion_desconcentrada",87,"antiguo","alto","chica","mayoria_directa","seguridad_defensa","antiguo","Corrientes","desconcentrada","alto","distribuido","media"
"375|37/017 - Escuadrón 47 Ituzaingo","37/017 - Escuadrón 47 Ituzaingo","375","375 - Gendarmeria Nacional","seguridad_defensa","LIBRERIA PAP. Y UTILES OFICINA",TRUE,158,84,1019477.2988162,0.905063291139241,-0.117510730187693,-0.650398300053095,"Ituzaingó","Corrientes",1938,979169.374397,"administracion_desconcentrada",87,"antiguo","alto","chica","mayoria_directa","seguridad_defensa","antiguo","Corrientes","desconcentrada","alto","distribuido","media"
"375|37/018 - Escuadron 7 Pasos De Los Libres","37/018 - Escuadron 7 Pasos De Los Libres","375","375 - Gendarmeria Nacional","seguridad_defensa","REPUESTOS",TRUE,122,48,1369130.01431141,1,-0.119979934868423,-0.651472869658248,"Paso de los Libres","Corrientes",1938,979169.374397,"administracion_desconcentrada",87,"antiguo","alto","chica","mayoria_directa","seguridad_defensa","antiguo","Corrientes","desconcentrada","alto","distribuido","media"
"375|37/019 - Jefatura De Agrupación V Entre Rios","37/019 - Jefatura De Agrupación V Entre Rios","375","375 - Gendarmeria Nacional","seguridad_defensa","MANT. REPARACION Y LIMPIEZA",TRUE,134,78,1466220.21742784,0.798507462686567,-0.154478215780227,-0.552222252958387,"Paraná","Entre Ríos",1938,979169.374397,"administracion_desconcentrada",87,"antiguo","alto","chica","mayoria_directa","seguridad_defensa","antiguo","Entre Ríos","desconcentrada","alto","distribuido","media"
"375|37/020 - Escuadrón 4 Concordia","37/020 - Escuadrón 4 Concordia","375","375 - Gendarmeria Nacional","seguridad_defensa","REPUESTOS",TRUE,98,52,1126810,0.959183673469388,-0.195462974084912,-0.63213662570573,"Concordia","Entre Ríos",1938,979169.374397,"administracion_desconcentrada",87,"antiguo","alto","chica","mayoria_directa","seguridad_defensa","antiguo","Entre Ríos","desconcentrada","alto","distribuido","media"
"375|37/021 - Escuadrón 6 Concepción Del Uruguay","37/021 - Escuadrón 6 Concepción Del Uruguay","375","375 - Gendarmeria Nacional","seguridad_defensa","REPUESTOS",TRUE,92,68,2009495.88261454,0.989130434782609,-0.121483582627363,-0.650190372516479,"Concepción del Uruguay","Entre Ríos",1938,979169.374397,"administracion_desconcentrada",87,"antiguo","alto","media","mayoria_directa","seguridad_defensa","antiguo","Entre Ríos","desconcentrada","alto","distribuido","chica"
"375|37/022 - Escuadrón 56 Gualeguaychú","37/022 - Escuadrón 56 Gualeguaychú","375","375 - Gendarmeria Nacional","seguridad_defensa","REPUESTOS",TRUE,70,46,2495217.59900617,0.9,-0.122299733846698,-0.576334376037739,"Gualeguaychú","Entre Ríos",1938,979169.374397,"administracion_desconcentrada",87,"antiguo","alto","media","mayoria_directa","seguridad_defensa","antiguo","Entre Ríos","desconcentrada","alto","distribuido","chica"
"375|37/023 - Jefatura De Agrupación Iv Misiones","37/023 - Jefatura De Agrupación Iv Misiones","375","375 - Gendarmeria Nacional","seguridad_defensa","REPUESTOS",TRUE,92,50,1584986.89884994,0.923913043478261,-0.101052655858194,-0.607096430938664,"Posadas","Misiones",1938,979169.374397,"administracion_desconcentrada",87,"antiguo","alto","chica","mayoria_directa","seguridad_defensa","antiguo","Misiones","desconcentrada","alto","distribuido","chica"
"375|37/024 - Escuadrón 8 Alto Uruguay","37/024 - Escuadrón 8 Alto Uruguay","375","375 - Gendarmeria Nacional","seguridad_defensa","REPUESTOS",TRUE,96,61,1344094.52559066,0.989583333333333,-0.262857685503852,-0.61454972433508,"Concepción de la Sierra","Misiones",1938,979169.374397,"administracion_desconcentrada",87,"antiguo","alto","chica","mayoria_directa","seguridad_defensa","antiguo","Misiones","desconcentrada","alto","distribuido","chica"
"375|37/025 - Escuadrón 9 Oberá","37/025 - Escuadrón 9 Oberá","375","375 - Gendarmeria Nacional","seguridad_defensa","REPUESTOS",TRUE,137,73,1090000,0.868613138686131,-0.117419506758413,-0.662248217707677,"Oberá","Misiones",1938,979169.374397,"administracion_desconcentrada",87,"antiguo","alto","chica","mayoria_directa","seguridad_defensa","antiguo","Misiones","desconcentrada","alto","distribuido","media"
"375|37/026 - Escuadrón 10 Eldorado","37/026 - Escuadrón 10 Eldorado","375","375 - Gendarmeria Nacional","seguridad_defensa","REPUESTOS",TRUE,127,69,1220574.87154495,1,-0.321468811203275,-0.573591160588716,"Eldorado","Misiones",1938,979169.374397,"administracion_desconcentrada",87,"antiguo","alto","chica","mayoria_directa","seguridad_defensa","antiguo","Misiones","desconcentrada","alto","distribuido","media"
"375|37/027 - Escuadrón 11 San Ignacio","37/027 - Escuadrón 11 San Ignacio","375","375 - Gendarmeria Nacional","seguridad_defensa","REPUESTOS",TRUE,125,71,1013243.50850967,0.944,-0.16763981831426,-0.661534892525562,"San Ignacio","Misiones",1938,979169.374397,"administracion_desconcentrada",87,"antiguo","alto","chica","mayoria_directa","seguridad_defensa","antiguo","Misiones","desconcentrada","alto","distribuido","media"
"375|37/028 - Escuadrón 12 Bernardo De Irigoyen","37/028 - Escuadrón 12 Bernardo De Irigoyen","375","375 - Gendarmeria Nacional","seguridad_defensa","BAZAR Y MENAJE",TRUE,78,55,901366.201855878,0.846153846153846,-0.245904098040867,-0.615704494254091,"Bernardo de Irigoyen","Misiones",1938,979169.374397,"administracion_desconcentrada",87,"antiguo","alto","chica","mayoria_directa","seguridad_defensa","antiguo","Misiones","desconcentrada","alto","distribuido","chica"
"375|37/029 - Escuadrón 13 Iguazú","37/029 - Escuadrón 13 Iguazú","375","375 - Gendarmeria Nacional","seguridad_defensa","CERRAJERIA",TRUE,120,69,1015002.60153507,0.875,-0.107255127071847,-0.630835274548939,"Puerto Iguazú","Misiones",1938,979169.374397,"administracion_desconcentrada",87,"antiguo","alto","chica","mayoria_directa","seguridad_defensa","antiguo","Misiones","desconcentrada","alto","distribuido","media"
"375|37/030 - Jefatura De Agrupación VIFormosa","37/030 - Jefatura De Agrupación VIFormosa","375","375 - Gendarmeria Nacional","seguridad_defensa","REPUESTOS",TRUE,101,46,2199216,0.900990099009901,-0.388958818366169,-0.495199499755788,"Formosa","Formosa",1938,979169.374397,"administracion_desconcentrada",87,"antiguo","alto","media","mayoria_directa","seguridad_defensa","antiguo","Formosa","desconcentrada","alto","distribuido","media"
"375|37/031 - Escuadrón 5 Pirané","37/031 - Escuadrón 5 Pirané","375","375 - Gendarmeria Nacional","seguridad_defensa","REPUESTOS",TRUE,76,50,1326402.95966094,0.934210526315789,-0.303861000006806,-0.558772101851383,"Pirané","Formosa",1938,979169.374397,"administracion_desconcentrada",87,"antiguo","alto","chica","mayoria_directa","seguridad_defensa","antiguo","Formosa","desconcentrada","alto","distribuido","chica"
"375|37/032 - Escuadrón 16 Clorinda","37/032 - Escuadrón 16 Clorinda","375","375 - Gendarmeria Nacional","seguridad_defensa","REPUESTOS",TRUE,99,65,2698070.17069323,0.777777777777778,-0.198699851714248,-0.564480870736268,"Clorinda","Formosa",1938,979169.374397,"administracion_desconcentrada",87,"antiguo","alto","media","mayoria_directa","seguridad_defensa","antiguo","Formosa","desconcentrada","alto","distribuido","media"
"375|37/033 - Escuadron 18 Lomitas","37/033 - Escuadron 18 Lomitas","375","375 - Gendarmeria Nacional","seguridad_defensa","REPUESTOS",TRUE,50,32,1474909.12999667,1,-0.319907504724747,-0.535030171342601,"Las Lomitas","Formosa",1938,979169.374397,"administracion_desconcentrada",87,"antiguo","alto","chica","mayoria_directa","seguridad_defensa","antiguo","Formosa","desconcentrada","alto","distribuido","chica"
"375|37/034 - Escuadrón 19 Ingeniero Juarez","37/034 - Escuadrón 19 Ingeniero Juarez","375","375 - Gendarmeria Nacional","seguridad_defensa","REPUESTOS",TRUE,52,32,1516242.02026854,0.980769230769231,-0.217915567381022,-0.679438976761754,"Ingeniero Juárez","Formosa",1938,979169.374397,"administracion_desconcentrada",87,"antiguo","alto","chica","mayoria_directa","seguridad_defensa","antiguo","Formosa","desconcentrada","alto","distribuido","chica"
"375|37/035 - Jefatura de Región III","37/035 - Jefatura de Región III","375","375 - Gendarmeria Nacional","seguridad_defensa","LIBRERIA PAP. Y UTILES OFICINA",TRUE,74,43,1392407.90906348,0.959459459459459,-0.0543127703870659,-0.580328286005417,"CABA","CABA",1938,979169.374397,"administracion_desconcentrada",87,"antiguo","alto","chica","mayoria_directa","seguridad_defensa","antiguo","CABA","desconcentrada","alto","distribuido","chica"
"375|37/036 - Destacamento Movil 5","37/036 - Destacamento Movil 5","375","375 - Gendarmeria Nacional","seguridad_defensa","ELECTRICIDAD Y TELEFONIA",TRUE,146,90,1086255.44304548,0.883561643835616,-0.158618640463043,-0.677660820118368,"Campo de Mayo","Buenos Aires",1938,979169.374397,"administracion_desconcentrada",87,"antiguo","alto","chica","mayoria_directa","seguridad_defensa","antiguo","Buenos Aires","desconcentrada","alto","distribuido","media"
"375|37/037 - Jefatura De Agrupación VII Salta","37/037 - Jefatura De Agrupación VII Salta","375","375 - Gendarmeria Nacional","seguridad_defensa","ELEMENTOS DE LIMPIEZA",TRUE,144,82,1506040.135,0.784722222222222,-0.0760581613722116,-0.653265883114367,"Salta","Salta",1938,979169.374397,"administracion_desconcentrada",87,"antiguo","alto","chica","mayoria_directa","seguridad_defensa","antiguo","Salta","desconcentrada","alto","distribuido","media"
"375|37/038 - Escuadrón 20 Orán","37/038 - Escuadrón 20 Orán","375","375 - Gendarmeria Nacional","seguridad_defensa","ELEMENTOS DE LIMPIEZA",TRUE,164,82,2149322.0061372,0.768292682926829,-0.067668843146227,-0.646109764363033,"Orán","Salta",1938,979169.374397,"administracion_desconcentrada",87,"antiguo","alto","media","mayoria_directa","seguridad_defensa","antiguo","Salta","desconcentrada","alto","distribuido","media"
"375|37/039 - Escuadrón 21 La Quiaca","37/039 - Escuadrón 21 La Quiaca","375","375 - Gendarmeria Nacional","seguridad_defensa","LIBRERIA PAP. Y UTILES OFICINA",TRUE,63,38,3962388.87326068,0.952380952380952,-0.151981369268376,-0.593165478863252,"La Quiaca","Jujuy",1938,979169.374397,"administracion_desconcentrada",87,"antiguo","alto","grande","mayoria_directa","seguridad_defensa","antiguo","Jujuy","desconcentrada","alto","distribuido","chica"
"375|37/040 - Escuadrón 52 Tartagal","37/040 - Escuadrón 52 Tartagal","375","375 - Gendarmeria Nacional","seguridad_defensa","REPUESTOS",TRUE,160,83,2327101.21593211,0.6125,-0.144361641381835,-0.667977275771391,"Tartagal","Salta",1938,979169.374397,"administracion_desconcentrada",87,"antiguo","alto","media","mayoria_directa","seguridad_defensa","antiguo","Salta","desconcentrada","alto","distribuido","media"
"375|37/042 - Escuadrón 54 Aguaray","37/042 - Escuadrón 54 Aguaray","375","375 - Gendarmeria Nacional","seguridad_defensa","COMBUSTIBLES Y LUBRICANTES",TRUE,120,65,1243713.68339204,0.633333333333333,-0.0977835577726169,-0.681913348012454,"Aguaray","Salta",1938,979169.374397,"administracion_desconcentrada",87,"antiguo","alto","chica","mayoria_directa","seguridad_defensa","antiguo","Salta","desconcentrada","alto","distribuido","media"
"375|37/043 - Escuadrón 55 Tucumán","37/043 - Escuadrón 55 Tucumán","375","375 - Gendarmeria Nacional","seguridad_defensa","LIBRERIA PAP. Y UTILES OFICINA",TRUE,70,46,1103448.62548132,0.971428571428571,-0.143280372252172,-0.595935180320916,"San Miguel de Tucumán","Tucumán",1938,979169.374397,"administracion_desconcentrada",87,"antiguo","alto","chica","mayoria_directa","seguridad_defensa","antiguo","Tucumán","desconcentrada","alto","distribuido","chica"
"375|37/044 - Jefatura De Agrupación  VIII Catamarca","37/044 - Jefatura De Agrupación  VIII Catamarca","375","375 - Gendarmeria Nacional","seguridad_defensa","ELEMENTOS DE LIMPIEZA",TRUE,89,55,2423000,0.797752808988764,-0.082524149058252,-0.552978352660732,"San Fernando del Valle de Catamarca","Catamarca",1938,979169.374397,"administracion_desconcentrada",87,"antiguo","alto","media","mayoria_directa","seguridad_defensa","antiguo","Catamarca","desconcentrada","alto","distribuido","chica"
"375|37/045 - Escuadrón 23 Tinogasta","37/045 - Escuadrón 23 Tinogasta","375","375 - Gendarmeria Nacional","seguridad_defensa","REPUESTOS",TRUE,38,25,1932469.57519706,1,-0.106031629069214,-0.647049351867663,"Tinogasta","Catamarca",1938,979169.374397,"administracion_desconcentrada",87,"antiguo","alto","media","mayoria_directa","seguridad_defensa","antiguo","Catamarca","desconcentrada","alto","distribuido","chica"
"375|37/046 - Escuadrón 24 Chilecito","37/046 - Escuadrón 24 Chilecito","375","375 - Gendarmeria Nacional","seguridad_defensa","BAZAR Y MENAJE",TRUE,95,70,1308104.05902567,0.936842105263158,-0.157052118320989,-0.61733115454149,"Chilecito","La Rioja",1938,979169.374397,"administracion_desconcentrada",87,"antiguo","alto","chica","mayoria_directa","seguridad_defensa","antiguo","La Rioja","desconcentrada","alto","distribuido","chica"
"375|37/047 - Jefatura De Agrupación X San Juan","37/047 - Jefatura De Agrupación X San Juan","375","375 - Gendarmeria Nacional","seguridad_defensa","COMBUSTIBLES Y LUBRICANTES",TRUE,167,85,2055200,0.850299401197605,-0.139746462826786,-0.626840078048797,"San Juan","San Juan",1938,979169.374397,"administracion_desconcentrada",87,"antiguo","alto","media","mayoria_directa","seguridad_defensa","antiguo","San Juan","desconcentrada","alto","distribuido","media"
"375|37/048 - Escuadrón 25 Jachal","37/048 - Escuadrón 25 Jachal","375","375 - Gendarmeria Nacional","seguridad_defensa","MANT. REPARACION Y LIMPIEZA",TRUE,79,44,1804721.8710988,0.924050632911392,-0.405219293677839,-0.455880444422438,"San José de Jáchal","San Juan",1938,979169.374397,"administracion_desconcentrada",87,"antiguo","alto","media","mayoria_directa","seguridad_defensa","antiguo","San Juan","desconcentrada","alto","distribuido","chica"
"375|37/049 - Escuadrón 26 Barreal","37/049 - Escuadrón 26 Barreal","375","375 - Gendarmeria Nacional","seguridad_defensa","ELEMENTOS DE LIMPIEZA",TRUE,74,51,2887125.23212743,0.972972972972973,-0.217996673636052,-0.61570952143816,"Barreal","San Juan",1938,979169.374397,"administracion_desconcentrada",87,"antiguo","alto","media","mayoria_directa","seguridad_defensa","antiguo","San Juan","desconcentrada","alto","distribuido","chica"
"375|37/050 - Jefatura De Agrupación XI Cuyo","37/050 - Jefatura De Agrupación XI Cuyo","375","375 - Gendarmeria Nacional","seguridad_defensa","REPUESTOS",TRUE,142,85,1481088.07933341,0.964788732394366,-0.237288439574783,-0.607269983689911,"Mendoza","Mendoza",1938,979169.374397,"administracion_desconcentrada",87,"antiguo","alto","chica","mayoria_directa","seguridad_defensa","antiguo","Mendoza","desconcentrada","alto","distribuido","media"
"375|37/051 - Escuadrón 27 Uspallata","37/051 - Escuadrón 27 Uspallata","375","375 - Gendarmeria Nacional","seguridad_defensa","ELECTRICIDAD Y TELEFONIA",TRUE,144,77,1005615.68730318,0.972222222222222,-0.114711590545725,-0.602094491549723,"Uspallata","Mendoza",1938,979169.374397,"administracion_desconcentrada",87,"antiguo","alto","chica","mayoria_directa","seguridad_defensa","antiguo","Mendoza","desconcentrada","alto","distribuido","media"
"375|37/052 - Escuadrón 28 Tunuyan","37/052 - Escuadrón 28 Tunuyan","375","375 - Gendarmeria Nacional","seguridad_defensa","REPUESTOS",TRUE,100,58,1076727.42314482,1,-0.221921234320446,-0.649890896139357,"Tunuyán","Mendoza",1938,979169.374397,"administracion_desconcentrada",87,"antiguo","alto","chica","mayoria_directa","seguridad_defensa","antiguo","Mendoza","desconcentrada","alto","distribuido","media"
"375|37/053 - Escuadrón 29 Malargüe","37/053 - Escuadrón 29 Malargüe","375","375 - Gendarmeria Nacional","seguridad_defensa","REPUESTOS",TRUE,77,43,1561936.25200374,0.987012987012987,-0.209241427351924,-0.607391956678737,"Malargüe","Mendoza",1938,979169.374397,"administracion_desconcentrada",87,"antiguo","alto","chica","mayoria_directa","seguridad_defensa","antiguo","Mendoza","desconcentrada","alto","distribuido","chica"
"375|37/055 - Destacamento Movil 4","37/055 - Destacamento Movil 4","375","375 - Gendarmeria Nacional","seguridad_defensa","REPUESTOS",TRUE,26,23,1061439.51406048,1,-0.185674051425401,-0.645063153309269,"CABA","CABA",1938,979169.374397,"administracion_desconcentrada",87,"antiguo","alto","chica","mayoria_directa","seguridad_defensa","antiguo","CABA","desconcentrada","alto","distribuido","chica"
"375|37/056 - Jefatura De Agrupación XII Comahue","37/056 - Jefatura De Agrupación XII Comahue","375","375 - Gendarmeria Nacional","seguridad_defensa","ELEMENTOS DE LIMPIEZA",TRUE,52,44,799505.299934983,0.923076923076923,-0.179129595877639,-0.620583752084158,"Neuquén","Neuquén",1938,979169.374397,"administracion_desconcentrada",87,"antiguo","alto","chica","mayoria_directa","seguridad_defensa","antiguo","Neuquén","desconcentrada","alto","distribuido","chica"
"375|37/057 - Escuadrón 30 Chos Malal","37/057 - Escuadrón 30 Chos Malal","375","375 - Gendarmeria Nacional","seguridad_defensa","ELEMENTOS DE LIMPIEZA",TRUE,66,44,1830238.75827748,0.696969696969697,-0.184569734413537,-0.637066175699543,"Chos Malal","Neuquén",1938,979169.374397,"administracion_desconcentrada",87,"antiguo","alto","media","mayoria_directa","seguridad_defensa","antiguo","Neuquén","desconcentrada","alto","distribuido","chica"
"375|37/058 - Escuadrón 31 Las Lajas","37/058 - Escuadrón 31 Las Lajas","375","375 - Gendarmeria Nacional","seguridad_defensa","COMBUSTIBLES Y LUBRICANTES",TRUE,48,38,2091011.58596756,0.895833333333333,-0.138134018335226,-0.619532067545616,"Las Lajas","Neuquén",1938,979169.374397,"administracion_desconcentrada",87,"antiguo","alto","media","mayoria_directa","seguridad_defensa","antiguo","Neuquén","desconcentrada","alto","distribuido","chica"
"375|37/059 - Escuadrón 32 Alumine","37/059 - Escuadrón 32 Alumine","375","375 - Gendarmeria Nacional","seguridad_defensa","BAZAR Y MENAJE",TRUE,76,56,864729.779244173,0.921052631578947,-0.00337258273811342,-0.695576508767716,"Aluminé","Neuquén",1938,979169.374397,"administracion_desconcentrada",87,"antiguo","alto","chica","mayoria_directa","seguridad_defensa","antiguo","Neuquén","desconcentrada","alto","distribuido","chica"
"375|37/060 - Escuadrón 33 San Martin De Los Andes","37/060 - Escuadrón 33 San Martin De Los Andes","375","375 - Gendarmeria Nacional","seguridad_defensa","ELEMENTOS DE LIMPIEZA",TRUE,135,79,1638847.9830846,0.888888888888889,-0.0145520538706315,-0.597878885536191,"San Martín de los Andes","Neuquén",1938,979169.374397,"administracion_desconcentrada",87,"antiguo","alto","media","mayoria_directa","seguridad_defensa","antiguo","Neuquén","desconcentrada","alto","distribuido","media"
"375|37/061 - Escuadrón 34 Bariloche","37/061 - Escuadrón 34 Bariloche","375","375 - Gendarmeria Nacional","seguridad_defensa","BAZAR Y MENAJE",TRUE,149,77,2763801.60520197,0.899328859060403,-0.175698399781136,-0.501198796226188,"San Carlos de Bariloche","Río Negro",1938,979169.374397,"administracion_desconcentrada",87,"antiguo","alto","media","mayoria_directa","seguridad_defensa","antiguo","Río Negro","desconcentrada","alto","distribuido","media"
"375|37/062 - Escuadrón 35 El Bolson","37/062 - Escuadrón 35 El Bolson","375","375 - Gendarmeria Nacional","seguridad_defensa","ELEMENTOS DE LIMPIEZA",TRUE,82,52,2804437.6620886,0.829268292682927,-0.176702586168628,-0.516621046233235,"El Bolsón","Río Negro",1938,979169.374397,"administracion_desconcentrada",87,"antiguo","alto","media","mayoria_directa","seguridad_defensa","antiguo","Río Negro","desconcentrada","alto","distribuido","chica"
"375|37/063 - Jefatura De Agrupación XIV Chubut","37/063 - Jefatura De Agrupación XIV Chubut","375","375 - Gendarmeria Nacional","seguridad_defensa","COMBUSTIBLES Y LUBRICANTES",TRUE,87,60,1677191.4340443,0.655172413793103,-0.097162477070247,-0.637899291544735,"Rawson","Chubut",1938,979169.374397,"administracion_desconcentrada",87,"antiguo","alto","media","mayoria_directa","seguridad_defensa","antiguo","Chubut","desconcentrada","alto","distribuido","chica"
"375|37/064 - Escuadrón 36 Esquel","37/064 - Escuadrón 36 Esquel","375","375 - Gendarmeria Nacional","seguridad_defensa","REPUESTOS",TRUE,124,74,2986951.77397987,0.629032258064516,-0.179177674241831,-0.582754125603416,"Esquel","Chubut",1938,979169.374397,"administracion_desconcentrada",87,"antiguo","alto","media","mayoria_directa","seguridad_defensa","antiguo","Chubut","desconcentrada","alto","distribuido","media"
"375|37/065 - Escuadrón 38 Rio Mayo","37/065 - Escuadrón 38 Rio Mayo","375","375 - Gendarmeria Nacional","seguridad_defensa","ELEMENTOS DE LIMPIEZA",TRUE,46,38,1722063.84274209,0.804347826086957,-0.221442190017338,-0.632045771853628,"Río Mayo","Chubut",1938,979169.374397,"administracion_desconcentrada",87,"antiguo","alto","media","mayoria_directa","seguridad_defensa","antiguo","Chubut","desconcentrada","alto","distribuido","chica"
"375|37/066 - Jefatura De Agrupacion XVISanta Cruz","37/066 - Jefatura De Agrupacion XVISanta Cruz","375","375 - Gendarmeria Nacional","seguridad_defensa","ALIMENTOS",TRUE,73,51,6962298.11542109,0.438356164383562,-0.0756860365365997,-0.590173703575068,"Río Gallegos","Santa Cruz",1938,979169.374397,"administracion_desconcentrada",87,"antiguo","alto","grande","mixto","seguridad_defensa","antiguo","Santa Cruz","desconcentrada","alto","distribuido","chica"
"375|37/067 - Escuadrón 39 Perito Moreno","37/067 - Escuadrón 39 Perito Moreno","375","375 - Gendarmeria Nacional","seguridad_defensa","REPUESTOS",TRUE,55,48,3590187.88169071,0.763636363636364,-0.188533828203698,-0.600226679409701,"Perito Moreno","Santa Cruz",1938,979169.374397,"administracion_desconcentrada",87,"antiguo","alto","media","mayoria_directa","seguridad_defensa","antiguo","Santa Cruz","desconcentrada","alto","distribuido","chica"
"375|37/068 - Escuadrón 42 Calafate","37/068 - Escuadrón 42 Calafate","375","375 - Gendarmeria Nacional","seguridad_defensa","LIBRERIA PAP. Y UTILES OFICINA",TRUE,60,43,851467.599529664,0.966666666666667,-0.0821443689216567,-0.658438353927101,"El Calafate","Santa Cruz",1938,979169.374397,"administracion_desconcentrada",87,"antiguo","alto","chica","mayoria_directa","seguridad_defensa","antiguo","Santa Cruz","desconcentrada","alto","distribuido","chica"
"375|37/069 - Escuadrón 43 Rio Turbio","37/069 - Escuadrón 43 Rio Turbio","375","375 - Gendarmeria Nacional","seguridad_defensa","REPUESTOS",TRUE,63,42,4372671.98463949,0.73015873015873,-0.158602287751198,-0.680022648100868,"Río Turbio","Santa Cruz",1938,979169.374397,"administracion_desconcentrada",87,"antiguo","alto","grande","mayoria_directa","seguridad_defensa","antiguo","Santa Cruz","desconcentrada","alto","distribuido","chica"
"375|37/071 - Agrupación Unidades Operativas Buenos Aires","37/071 - Agrupación Unidades Operativas Buenos Aires","375","375 - Gendarmeria Nacional","seguridad_defensa","REPUESTOS",TRUE,105,65,1012550.2611117,0.857142857142857,0.0100227216896088,-0.700485641971281,"CABA","CABA",1938,979169.374397,"administracion_desconcentrada",87,"antiguo","alto","chica","mayoria_directa","seguridad_defensa","antiguo","CABA","desconcentrada","alto","distribuido","media"
"375|37/072 - Servicio De Aviación","37/072 - Servicio De Aviación","375","375 - Gendarmeria Nacional","seguridad_defensa","COMBUSTIBLES Y LUBRICANTES",TRUE,229,123,784312.720853,0.820960698689956,0.146558002952733,-0.668460867764812,"Campo de Mayo","Buenos Aires",1938,979169.374397,"administracion_desconcentrada",87,"antiguo","alto","chica","mayoria_directa","seguridad_defensa","antiguo","Buenos Aires","desconcentrada","alto","distribuido","media"
"375|37/073 - Operativo Centinela (Jefatura Zona Oeste)","37/073 - Operativo Centinela (Jefatura Zona Oeste)","375","375 - Gendarmeria Nacional","seguridad_defensa","REPUESTOS",TRUE,94,48,1216642.78171318,0.787234042553192,-0.0483895402675557,-0.707956077170089,"La Matanza","Buenos Aires",1938,979169.374397,"administracion_desconcentrada",87,"antiguo","alto","chica","mayoria_directa","seguridad_defensa","antiguo","Buenos Aires","desconcentrada","alto","distribuido","chica"
"375|37/074 - Escuadrón Seguridad Zarate - Brazo Largo","37/074 - Escuadrón Seguridad Zarate - Brazo Largo","375","375 - Gendarmeria Nacional","seguridad_defensa","REPUESTOS",TRUE,24,23,503195.003729556,0.916666666666667,-0.141227653961136,-0.532257608990147,"Zárate","Buenos Aires",1938,979169.374397,"administracion_desconcentrada",87,"antiguo","alto","chica","mayoria_directa","seguridad_defensa","antiguo","Buenos Aires","desconcentrada","alto","distribuido","chica"
"375|37/078 - Escuadrón 57 Santo Tome","37/078 - Escuadrón 57 Santo Tome","375","375 - Gendarmeria Nacional","seguridad_defensa","ELEMENTOS DE LIMPIEZA",TRUE,131,78,880634.031248531,0.923664122137405,-0.111280046175469,-0.678610307690262,"Santo Tomé","Corrientes",1938,979169.374397,"administracion_desconcentrada",87,"antiguo","alto","chica","mayoria_directa","seguridad_defensa","antiguo","Corrientes","desconcentrada","alto","distribuido","media"
"375|37/079 - Jefatura De Agrupación IX Jujuy","37/079 - Jefatura De Agrupación IX Jujuy","375","375 - Gendarmeria Nacional","seguridad_defensa","REPUESTOS",TRUE,107,66,1021563.77063388,0.97196261682243,-0.0602118006667489,-0.609511105011454,"San Salvador de Jujuy","Jujuy",1938,979169.374397,"administracion_desconcentrada",87,"antiguo","alto","chica","mayoria_directa","seguridad_defensa","antiguo","Jujuy","desconcentrada","alto","distribuido","media"
"375|37/081 - Escuadrón Seguridad El Chocon","37/081 - Escuadrón Seguridad El Chocon","375","375 - Gendarmeria Nacional","seguridad_defensa","REPUESTOS",TRUE,43,33,1543589.51810163,1,-0.0352412151977866,-0.651126913142948,"Villa El Chocón","Neuquén",1938,979169.374397,"administracion_desconcentrada",87,"antiguo","alto","chica","mayoria_directa","seguridad_defensa","antiguo","Neuquén","desconcentrada","alto","distribuido","chica"
"375|37/082 - Escuadrón Segurdad Atucha","37/082 - Escuadrón Segurdad Atucha","375","375 - Gendarmeria Nacional","seguridad_defensa","LIBRERIA PAP. Y UTILES OFICINA",TRUE,64,45,638116.744355744,1,-0.039633894499134,-0.67396906955728,"Lima","Buenos Aires",1938,979169.374397,"administracion_desconcentrada",87,"antiguo","alto","chica","mayoria_directa","seguridad_defensa","antiguo","Buenos Aires","desconcentrada","alto","distribuido","chica"
"375|37/083 - Secretaria General","37/083 - Secretaria General","375","375 - Gendarmeria Nacional","seguridad_defensa","ALIMENTOS",TRUE,244,72,9966579.25203341,0.348360655737705,0.0598437005868667,-0.564216143751839,"CABA","CABA",1938,979169.374397,"administracion_desconcentrada",87,"antiguo","alto","grande","mixto","seguridad_defensa","antiguo","CABA","desconcentrada","alto","distribuido","media"
"375|37/084 - Escuadrón 14 Las Palmas","37/084 - Escuadrón 14 Las Palmas","375","375 - Gendarmeria Nacional","seguridad_defensa","COMBUSTIBLES Y LUBRICANTES",TRUE,97,67,933304.373571965,0.876288659793814,-0.155208728764272,-0.656937233489194,"La Leonesa","Chaco",1938,979169.374397,"administracion_desconcentrada",87,"antiguo","alto","chica","mayoria_directa","seguridad_defensa","antiguo","Chaco","desconcentrada","alto","distribuido","chica"
"375|37/085 - Escuadrón 37 Jose De San Martin","37/085 - Escuadrón 37 Jose De San Martin","375","375 - Gendarmeria Nacional","seguridad_defensa","REPUESTOS",TRUE,86,52,1780942.94333447,0.848837209302326,-0.229640917384356,-0.601637997586616,"José de San Martín","Chubut",1938,979169.374397,"administracion_desconcentrada",87,"antiguo","alto","media","mayoria_directa","seguridad_defensa","antiguo","Chubut","desconcentrada","alto","distribuido","chica"
"375|37/086 - Escuadrón Seguridad Vial Rafaela","37/086 - Escuadrón Seguridad Vial Rafaela","375","375 - Gendarmeria Nacional","seguridad_defensa","INFORMATICA",TRUE,75,45,664090.223852709,0.973333333333333,-0.230095114784884,-0.559426541874121,"Rafaela","Santa Fe",1938,979169.374397,"administracion_desconcentrada",87,"antiguo","alto","chica","mayoria_directa","seguridad_defensa","antiguo","Santa Fe","desconcentrada","alto","distribuido","chica"
"375|37/087 - Escuadron Seguridad Vial Sierra Grande","37/087 - Escuadron Seguridad Vial Sierra Grande","375","375 - Gendarmeria Nacional","seguridad_defensa","REPUESTOS",TRUE,50,37,1704222.86621595,1,-0.0599373725866602,-0.735285826475045,"Sierra Grande","Río Negro",1938,979169.374397,"administracion_desconcentrada",87,"antiguo","alto","media","mayoria_directa","seguridad_defensa","antiguo","Río Negro","desconcentrada","alto","distribuido","chica"
"375|37/088 - Escuadron Seguridad Vial Balcarce","37/088 - Escuadron Seguridad Vial Balcarce","375","375 - Gendarmeria Nacional","seguridad_defensa","LIBRERIA PAP. Y UTILES OFICINA",TRUE,50,35,714318.124356898,0.92,-0.154531310460281,-0.595973009086892,"Balcarce","Buenos Aires",1938,979169.374397,"administracion_desconcentrada",87,"antiguo","alto","chica","mayoria_directa","seguridad_defensa","antiguo","Buenos Aires","desconcentrada","alto","distribuido","chica"
"375|37/089 - Escuadrón Seguridad Vial San Nicolas","37/089 - Escuadrón Seguridad Vial San Nicolas","375","375 - Gendarmeria Nacional","seguridad_defensa","REPUESTOS",TRUE,39,27,834872.346750018,0.871794871794872,-0.0702332529296166,-0.74223590492129,"San Nicolás","Buenos Aires",1938,979169.374397,"administracion_desconcentrada",87,"antiguo","alto","chica","mayoria_directa","seguridad_defensa","antiguo","Buenos Aires","desconcentrada","alto","distribuido","chica"
"375|37/090 – Agrupación “Cinturón Sur","37/090 – Agrupación “Cinturón Sur","375","375 - Gendarmeria Nacional","seguridad_defensa","ALIMENTOS",TRUE,55,33,2865082.57507966,0.763636363636364,0.0255369853000125,-0.701643877738112,"CABA","CABA",1938,979169.374397,"administracion_desconcentrada",87,"antiguo","alto","media","mayoria_directa","seguridad_defensa","antiguo","CABA","desconcentrada","alto","distribuido","chica"
"375|37/091 - Escuadrón Seguridad Vial San Justo","37/091 - Escuadrón Seguridad Vial San Justo","375","375 - Gendarmeria Nacional","seguridad_defensa","REPUESTOS",TRUE,64,43,1022165.93340399,0.96875,-0.384992149471294,-0.515701294615782,"San Justo","Santa Fe",1938,979169.374397,"administracion_desconcentrada",87,"antiguo","alto","chica","mayoria_directa","seguridad_defensa","antiguo","Santa Fe","desconcentrada","alto","distribuido","chica"
"375|37/092 - Escuadrón Seguridad Embalse","37/092 - Escuadrón Seguridad Embalse","375","375 - Gendarmeria Nacional","seguridad_defensa","IMPRENTA Y EDITORIALES",TRUE,47,30,1820597,0.978723404255319,-0.222531391434828,-0.630986287246937,"Embalse","Córdoba",1938,979169.374397,"administracion_desconcentrada",87,"antiguo","alto","media","mayoria_directa","seguridad_defensa","antiguo","Córdoba","desconcentrada","alto","distribuido","chica"
"375|37/093 - Escuadron Seguridad Vial Autopistas Sur","37/093 - Escuadron Seguridad Vial Autopistas Sur","375","375 - Gendarmeria Nacional","seguridad_defensa","REPUESTOS",TRUE,109,64,1178535.63621028,0.853211009174312,-0.0270522211178312,-0.718907568603773,"CABA","CABA",1938,979169.374397,"administracion_desconcentrada",87,"antiguo","alto","chica","mayoria_directa","seguridad_defensa","antiguo","CABA","desconcentrada","alto","distribuido","media"
"375|37/094 - Centro De Reconocimiento Y Operaciones Contra El Narcotrafico","37/094 - Centro De Reconocimiento Y Operaciones Contra El Narcotrafico","375","375 - Gendarmeria Nacional","seguridad_defensa","REPUESTOS",TRUE,83,50,1085207.97982033,0.807228915662651,-0.127057641530425,-0.657653997455899,"CABA","CABA",1938,979169.374397,"administracion_desconcentrada",87,"antiguo","alto","chica","mayoria_directa","seguridad_defensa","antiguo","CABA","desconcentrada","alto","distribuido","chica"
"375|37/095 - Escuadrón 22 San Antonio De Los Cobres","37/095 - Escuadrón 22 San Antonio De Los Cobres","375","375 - Gendarmeria Nacional","seguridad_defensa","ELECTRICIDAD Y TELEFONIA",TRUE,111,63,2808921.91070163,0.828828828828829,-0.13144490948943,-0.592265856604596,"San Antonio de los Cobres","Salta",1938,979169.374397,"administracion_desconcentrada",87,"antiguo","alto","media","mayoria_directa","seguridad_defensa","antiguo","Salta","desconcentrada","alto","distribuido","media"
"375|37/096 - Escuadrón 58 La Rioja","37/096 - Escuadrón 58 La Rioja","375","375 - Gendarmeria Nacional","seguridad_defensa","REPUESTOS",TRUE,43,22,2011469.65732162,1,-0.178014797612261,-0.551745006647395,"La Rioja","La Rioja",1938,979169.374397,"administracion_desconcentrada",87,"antiguo","alto","media","mayoria_directa","seguridad_defensa","antiguo","La Rioja","desconcentrada","alto","distribuido","chica"
"375|37/097 - Comando De Región IV","37/097 - Comando De Región IV","375","375 - Gendarmeria Nacional","seguridad_defensa","ELECTRICIDAD Y TELEFONIA",TRUE,87,48,646810.88456382,0.96551724137931,-0.165552683239095,-0.57923829825599,"CABA","CABA",1938,979169.374397,"administracion_desconcentrada",87,"antiguo","alto","chica","mayoria_directa","seguridad_defensa","antiguo","CABA","desconcentrada","alto","distribuido","chica"
"375|37/098 - Escuadron 1 Roque Saenz Peña","37/098 - Escuadron 1 Roque Saenz Peña","375","375 - Gendarmeria Nacional","seguridad_defensa","REPUESTOS",TRUE,78,43,2168890.21664877,0.897435897435897,-0.275555396979782,-0.632403383634214,"Presidencia Roque Sáenz Peña","Chaco",1938,979169.374397,"administracion_desconcentrada",87,"antiguo","alto","media","mayoria_directa","seguridad_defensa","antiguo","Chaco","desconcentrada","alto","distribuido","chica"
"375|37/100 - SERVICIO ADMINISTRATIVO FINANCIERO DESCONCENTRADO ESCUADRÓN 59 SANTIAGO DEL ESTERO","37/100 - SERVICIO ADMINISTRATIVO FINANCIERO DESCONCENTRADO ESCUADRÓN 59 SANTIAGO DEL ESTERO","375","375 - Gendarmeria Nacional","seguridad_defensa","REPUESTOS",TRUE,70,50,1153452.53604003,0.985714285714286,-0.0431074818566024,-0.668713681231503,"Santiago del Estero","Santiago del Estero",1938,979169.374397,"administracion_desconcentrada",87,"antiguo","alto","chica","mayoria_directa","seguridad_defensa","antiguo","Santiago del Estero","desconcentrada","alto","distribuido","chica"
"375|37/101 - Escuadron 41 Comodoro Rivadavia","37/101 - Escuadron 41 Comodoro Rivadavia","375","375 - Gendarmeria Nacional","seguridad_defensa","ELEMENTOS DE LIMPIEZA",TRUE,76,48,1714328.7614321,0.947368421052632,-0.221154552913283,-0.607453754597025,"Comodoro Rivadavia","Chubut",1938,979169.374397,"administracion_desconcentrada",87,"antiguo","alto","media","mayoria_directa","seguridad_defensa","antiguo","Chubut","desconcentrada","alto","distribuido","chica"
"375|37/102 - Destacamento Movil 6","37/102 - Destacamento Movil 6","375","375 - Gendarmeria Nacional","seguridad_defensa","FERRETERIA",TRUE,80,54,1508832.02964932,0.8,0.0417470146402935,-0.659937359953788,"CABA","CABA",1938,979169.374397,"administracion_desconcentrada",87,"antiguo","alto","chica","mayoria_directa","seguridad_defensa","antiguo","CABA","desconcentrada","alto","distribuido","chica"
"375|37/105 - Direccion De Criminalistica Y Estudios Forenses","37/105 - Direccion De Criminalistica Y Estudios Forenses","375","375 - Gendarmeria Nacional","seguridad_defensa","MANT. REPARACION Y LIMPIEZA",TRUE,183,88,7333178.03964376,0.595628415300546,0.0988609487925499,-0.434799934021649,"CABA","CABA",1938,979169.374397,"administracion_desconcentrada",87,"antiguo","alto","grande","mayoria_directa","seguridad_defensa","antiguo","CABA","desconcentrada","alto","distribuido","media"
"375|37/106 - Direccion General De Inteligencia Criminal E Investigaciones","37/106 - Direccion General De Inteligencia Criminal E Investigaciones","375","375 - Gendarmeria Nacional","seguridad_defensa","ALIMENTOS",TRUE,89,37,18790012.3020328,0.247191011235955,-0.0117196039500219,-0.627581675623759,"CABA","CABA",1938,979169.374397,"administracion_desconcentrada",87,"antiguo","alto","grande","mixto","seguridad_defensa","antiguo","CABA","desconcentrada","alto","distribuido","chica"
"375|37/108 - Dirección De Educación E Institutos","37/108 - Dirección De Educación E Institutos","375","375 - Gendarmeria Nacional","seguridad_defensa","REPUESTOS",TRUE,80,47,2339976.550445,0.875,0.0313360102009595,-0.598126393049297,"CABA","CABA",1938,979169.374397,"administracion_desconcentrada",87,"antiguo","alto","media","mayoria_directa","seguridad_defensa","antiguo","CABA","desconcentrada","alto","distribuido","chica"
"375|37/109 - Jefatura De Agrupacion XVII Santiago Del Estero","37/109 - Jefatura De Agrupacion XVII Santiago Del Estero","375","375 - Gendarmeria Nacional","seguridad_defensa","ELEMENTOS DE LIMPIEZA",TRUE,128,76,892594.758626684,0.9453125,-0.144328352982964,-0.58250656853614,"Santiago del Estero","Santiago del Estero",1938,979169.374397,"administracion_desconcentrada",87,"antiguo","alto","chica","mayoria_directa","seguridad_defensa","antiguo","Santiago del Estero","desconcentrada","alto","distribuido","media"
"375|37/110 - Jefatura De Agrupacion XV Santa Fe","37/110 - Jefatura De Agrupacion XV Santa Fe","375","375 - Gendarmeria Nacional","seguridad_defensa","REPUESTOS",TRUE,127,71,2481663.52467093,0.708661417322835,-0.155570664417448,-0.634979406134404,"Santa Fe","Santa Fe",1938,979169.374397,"administracion_desconcentrada",87,"antiguo","alto","media","mayoria_directa","seguridad_defensa","antiguo","Santa Fe","desconcentrada","alto","distribuido","media"
"375|37/111 - Agrupación Mantenimiento y Capacitación de Tecnologías de la  Información y Comunicaciones","37/111 - Agrupación Mantenimiento y Capacitación de Tecnologías de la  Información y Comunicaciones","375","375 - Gendarmeria Nacional","seguridad_defensa","ELECTRICIDAD Y TELEFONIA",TRUE,127,77,950000,0.94488188976378,0.107107603462812,-0.696393617505561,"CABA","CABA",1938,979169.374397,"administracion_desconcentrada",87,"antiguo","alto","chica","mayoria_directa","seguridad_defensa","antiguo","CABA","desconcentrada","alto","distribuido","media"
"375|37/112 - Dirección de Tecnologías de la Información y Comunicaciones","37/112 - Dirección de Tecnologías de la Información y Comunicaciones","375","375 - Gendarmeria Nacional","seguridad_defensa","SERVICIOS BASICOS",TRUE,83,61,3676012.92249484,0.506024096385542,0.158807065313916,-0.629058539124413,"CABA","CABA",1938,979169.374397,"administracion_desconcentrada",87,"antiguo","alto","media","mayoria_directa","seguridad_defensa","antiguo","CABA","desconcentrada","alto","distribuido","chica"
"375|37/113 - Jefatura De Agrupacion XXVIII Chaco","37/113 - Jefatura De Agrupacion XXVIII Chaco","375","375 - Gendarmeria Nacional","seguridad_defensa","REPUESTOS",TRUE,87,57,1058192,0.919540229885057,-0.204075863202736,-0.593081474406914,"Resistencia","Chaco",1938,979169.374397,"administracion_desconcentrada",87,"antiguo","alto","chica","mayoria_directa","seguridad_defensa","antiguo","Chaco","desconcentrada","alto","distribuido","chica"
"375|37/114 - Jefatura Agrupacion XIX Tierra Del Fuego","37/114 - Jefatura Agrupacion XIX Tierra Del Fuego","375","375 - Gendarmeria Nacional","seguridad_defensa","REPUESTOS",TRUE,58,34,2748458.225,0.793103448275862,-0.117586727408658,-0.491378104963076,"Ushuaia","Tierra del Fuego",1938,979169.374397,"administracion_desconcentrada",87,"antiguo","alto","media","mayoria_directa","seguridad_defensa","antiguo","Tierra del Fuego","desconcentrada","alto","distribuido","chica"
"375|37/115 - Escuadron 60 San Pedro","37/115 - Escuadron 60 San Pedro","375","375 - Gendarmeria Nacional","seguridad_defensa","ELEMENTOS DE LIMPIEZA",TRUE,138,78,875521.731730996,0.985507246376812,-0.151540173343926,-0.640041330000474,"San Pedro","Buenos Aires",1938,979169.374397,"administracion_desconcentrada",87,"antiguo","alto","chica","mayoria_directa","seguridad_defensa","antiguo","Buenos Aires","desconcentrada","alto","distribuido","media"
"375|37/116 - Escuadron 62 Rio Grande","37/116 - Escuadron 62 Rio Grande","375","375 - Gendarmeria Nacional","seguridad_defensa","LIBRERIA PAP. Y UTILES OFICINA",TRUE,36,22,906505.861427323,1,-0.205780552021144,-0.50340983335324,"Río Grande","Tierra del Fuego",1938,979169.374397,"administracion_desconcentrada",87,"antiguo","alto","chica","mayoria_directa","seguridad_defensa","antiguo","Tierra del Fuego","desconcentrada","alto","distribuido","chica"
"375|37/117 - Escuadron Seguridad Vial Pergamino","37/117 - Escuadron Seguridad Vial Pergamino","375","375 - Gendarmeria Nacional","seguridad_defensa","LIBRERIA PAP. Y UTILES OFICINA",TRUE,62,42,686283.544028427,1,-0.204259409058971,-0.609813710473203,"Pergamino","Buenos Aires",1938,979169.374397,"administracion_desconcentrada",87,"antiguo","alto","chica","mayoria_directa","seguridad_defensa","antiguo","Buenos Aires","desconcentrada","alto","distribuido","chica"
"375|37/118 - Unidad Especial De Transporte Macacha Guemes","37/118 - Unidad Especial De Transporte Macacha Guemes","375","375 - Gendarmeria Nacional","seguridad_defensa","MANT. REPARACION Y LIMPIEZA",TRUE,100,40,9408201.38437458,0.53,-0.0937947021811903,-0.55948369757368,"CABA","CABA",1938,979169.374397,"administracion_desconcentrada",87,"antiguo","alto","grande","mayoria_directa","seguridad_defensa","antiguo","CABA","desconcentrada","alto","distribuido","media"
"375|37/119 - Gendarmería Nacional - Escuadrón 61 Salvador Mazza","37/119 - Gendarmería Nacional - Escuadrón 61 Salvador Mazza","375","375 - Gendarmeria Nacional","seguridad_defensa","LIBRERIA PAP. Y UTILES OFICINA",TRUE,100,54,1160215.17687867,0.67,-0.0867292456937797,-0.744078900093713,"Profesor Salvador Mazza","Salta",1938,979169.374397,"administracion_desconcentrada",87,"antiguo","alto","chica","mayoria_directa","seguridad_defensa","antiguo","Salta","desconcentrada","alto","distribuido","media"
"375|37/121 - Instituto De Formacion De Gendarmes Gendarmes Felix Manifior","37/121 - Instituto De Formacion De Gendarmes Gendarmes Felix Manifior","375","375 - Gendarmeria Nacional","seguridad_defensa","BAZAR Y MENAJE",TRUE,111,76,3397812.57528418,0.81981981981982,-0.113611469036834,-0.524002530926555,"Campo de Mayo","Buenos Aires",1938,979169.374397,"administracion_desconcentrada",87,"antiguo","alto","media","mayoria_directa","seguridad_defensa","antiguo","Buenos Aires","desconcentrada","alto","distribuido","media"
"375|37/122 - JEFATURA DE REGIÓN VI","37/122 - JEFATURA DE REGIÓN VI","375","375 - Gendarmeria Nacional","seguridad_defensa","ELEMENTOS DE LIMPIEZA",TRUE,83,50,1066072.80366434,1,-0.127214423636251,-0.607329991152555,"CABA","CABA",1938,979169.374397,"administracion_desconcentrada",87,"antiguo","alto","chica","mayoria_directa","seguridad_defensa","antiguo","CABA","desconcentrada","alto","distribuido","chica"
"375|37/123 - COMANDO DE REGIÓN VII","37/123 - COMANDO DE REGIÓN VII","375","375 - Gendarmeria Nacional","seguridad_defensa","REPUESTOS",TRUE,22,22,779834.622270888,1,-0.133329722207656,-0.724835208661033,"CABA","CABA",1938,979169.374397,"administracion_desconcentrada",87,"antiguo","alto","chica","mayoria_directa","seguridad_defensa","antiguo","CABA","desconcentrada","alto","distribuido","chica"
"375|37/123 - Comando De Región VIII","37/123 - Comando De Región VIII","375","375 - Gendarmeria Nacional","seguridad_defensa","BAZAR Y MENAJE",TRUE,28,22,1383081.08648232,0.928571428571429,0.00281404180612491,-0.73273206018473,"CABA","CABA",1938,979169.374397,"administracion_desconcentrada",87,"antiguo","alto","chica","mayoria_directa","seguridad_defensa","antiguo","CABA","desconcentrada","alto","distribuido","chica"
"375|37/125 - SERVICIO ADMINISTRATIVO FINANCIERO DESCONCENTRADO ESCUADRÓN 45 SALTA","37/125 - SERVICIO ADMINISTRATIVO FINANCIERO DESCONCENTRADO ESCUADRÓN 45 SALTA","375","375 - Gendarmeria Nacional","seguridad_defensa","REPUESTOS",TRUE,98,54,1088871.34166788,0.948979591836735,-0.11532039185482,-0.667156233692027,"Salta","Salta",1938,979169.374397,"administracion_desconcentrada",87,"antiguo","alto","chica","mayoria_directa","seguridad_defensa","antiguo","Salta","desconcentrada","alto","distribuido","media"
"375|37/126 - Centro De Apoyo Y Adiestramiento Antidrogas General Mosconi","37/126 - Centro De Apoyo Y Adiestramiento Antidrogas General Mosconi","375","375 - Gendarmeria Nacional","seguridad_defensa","ELEMENTOS DE LIMPIEZA",TRUE,63,38,431114.678891904,0.984126984126984,-0.104577049495749,-0.726194611699664,"General Mosconi","Salta",1938,979169.374397,"administracion_desconcentrada",87,"antiguo","alto","chica","mayoria_directa","seguridad_defensa","antiguo","Salta","desconcentrada","alto","distribuido","chica"
"375|37/127 - Jefatura De Agrupación XX Cordoba","37/127 - Jefatura De Agrupación XX Cordoba","375","375 - Gendarmeria Nacional","seguridad_defensa","REPUESTOS",TRUE,68,29,7247045.4178225,0.779411764705882,0.0351714857909215,-0.552520705369676,"Córdoba","Córdoba",1938,979169.374397,"administracion_desconcentrada",87,"antiguo","alto","grande","mayoria_directa","seguridad_defensa","antiguo","Córdoba","desconcentrada","alto","distribuido","chica"
"375|37/128 - Escuadron Seguridad Vial Villa Maria","37/128 - Escuadron Seguridad Vial Villa Maria","375","375 - Gendarmeria Nacional","seguridad_defensa","REPUESTOS",TRUE,68,35,1436160.35807363,0.852941176470588,-0.244957190442316,-0.607547914920165,"Villa María","Córdoba",1938,979169.374397,"administracion_desconcentrada",87,"antiguo","alto","chica","mayoria_directa","seguridad_defensa","antiguo","Córdoba","desconcentrada","alto","distribuido","chica"
"375|37/129 - Agrupación Fuerza de Operaciones Especiales","37/129 - Agrupación Fuerza de Operaciones Especiales","375","375 - Gendarmeria Nacional","seguridad_defensa","MANT. REPARACION Y LIMPIEZA",TRUE,108,61,4311127.58454576,0.796296296296296,0.081914026125629,-0.65763162093285,"Campo de Mayo","Buenos Aires",1938,979169.374397,"administracion_desconcentrada",87,"antiguo","alto","grande","mayoria_directa","seguridad_defensa","antiguo","Buenos Aires","desconcentrada","alto","distribuido","media"
"375|37/130 JEFATURA DE REGION VIII","37/130 JEFATURA DE REGION VIII","375","375 - Gendarmeria Nacional","seguridad_defensa","BAZAR Y MENAJE",TRUE,71,45,1016934.59570193,1,-0.208150600802891,-0.594695566030464,"CABA","CABA",1938,979169.374397,"administracion_desconcentrada",87,"antiguo","alto","chica","mayoria_directa","seguridad_defensa","antiguo","CABA","desconcentrada","alto","distribuido","chica"
"375|37/131 - Jefatura De Agrupación XXI  “Santa Fe Norte","37/131 - Jefatura De Agrupación XXI  “Santa Fe Norte","375","375 - Gendarmeria Nacional","seguridad_defensa","REPUESTOS",TRUE,95,62,2400000,0.768421052631579,-0.104926551425414,-0.638383205588197,"Reconquista","Santa Fe",1938,979169.374397,"administracion_desconcentrada",87,"antiguo","alto","media","mayoria_directa","seguridad_defensa","antiguo","Santa Fe","desconcentrada","alto","distribuido","chica"
"375|37/133 - SERVICIO ADMINISTRATIVO FINANCIERO DESCONCENTRADO ESCUADRÓN 64 MENDOZA","37/133 - SERVICIO ADMINISTRATIVO FINANCIERO DESCONCENTRADO ESCUADRÓN 64 MENDOZA","375","375 - Gendarmeria Nacional","seguridad_defensa","REPUESTOS",TRUE,83,52,932835,0.987951807228916,-0.195701421162738,-0.667194931216814,"Mendoza","Mendoza",1938,979169.374397,"administracion_desconcentrada",87,"antiguo","alto","chica","mayoria_directa","seguridad_defensa","antiguo","Mendoza","desconcentrada","alto","distribuido","chica"
"375|37/134 - SERVICIO ADMINISTRATIVO FINANCIERO DESCONCENTRADO ESCUADRÓN 65 CORDOBA","37/134 - SERVICIO ADMINISTRATIVO FINANCIERO DESCONCENTRADO ESCUADRÓN 65 CORDOBA","375","375 - Gendarmeria Nacional","seguridad_defensa","ELECTRICIDAD Y TELEFONIA",TRUE,96,35,3125651.79411113,0.822916666666667,-0.161506497933764,-0.565713251304929,"Sinsacate","Córdoba",1938,979169.374397,"administracion_desconcentrada",87,"antiguo","alto","media","mayoria_directa","seguridad_defensa","antiguo","Córdoba","desconcentrada","alto","distribuido","chica"
"375|37/136 - ESCUADRON 49 SAN VICENTE","37/136 - ESCUADRON 49 SAN VICENTE","375","375 - Gendarmeria Nacional","seguridad_defensa","REPUESTOS",TRUE,65,48,1513580.65161087,0.769230769230769,-0.125292293509922,-0.677766143453045,"San Vicente","Buenos Aires",1938,979169.374397,"administracion_desconcentrada",87,"antiguo","alto","chica","mayoria_directa","seguridad_defensa","antiguo","Buenos Aires","desconcentrada","alto","distribuido","chica"
"375|37/137 - ESCUADRÓN NÚCLEO AGUILARES","37/137 - ESCUADRÓN NÚCLEO AGUILARES","375","375 - Gendarmeria Nacional","seguridad_defensa","REPUESTOS",TRUE,33,25,2016412,0.696969696969697,-0.145022479201916,-0.720629036697712,"Aguilares","Tucumán",1938,979169.374397,"administracion_desconcentrada",87,"antiguo","alto","media","mayoria_directa","seguridad_defensa","antiguo","Tucumán","desconcentrada","alto","distribuido","chica"
"375|37/140 - ESCUADRON 66 SAN JUAN","37/140 - ESCUADRON 66 SAN JUAN","375","375 - Gendarmeria Nacional","seguridad_defensa","COMBUSTIBLES Y LUBRICANTES",TRUE,28,24,1202952.81580615,0.928571428571429,-0.124132124560673,-0.694556010576641,"San Juan","San Juan",1938,979169.374397,"administracion_desconcentrada",87,"antiguo","alto","chica","mayoria_directa","seguridad_defensa","antiguo","San Juan","desconcentrada","alto","distribuido","chica"
"375|37/155 - INSTITUTO DE FORMACIÓN DE GENDARMES GENDARME MIGUEL ANGEL TRIPPEPI","37/155 - INSTITUTO DE FORMACIÓN DE GENDARMES GENDARME MIGUEL ANGEL TRIPPEPI","375","375 - Gendarmeria Nacional","seguridad_defensa","EQUIPO DE OFICINA Y MUEBLES",TRUE,43,22,7641603.51167412,1,-0.728121476260689,-0.347943205809176,"CABA","CABA",1938,979169.374397,"administracion_desconcentrada",87,"antiguo","alto","grande","mayoria_directa","seguridad_defensa","antiguo","CABA","desconcentrada","alto","distribuido","chica"
"375|37/41 - SERVICIO ADMINISTRATIVO FINANCIERO DESCONCENTRADO ESCUADRÓN 53 JUJUY","37/41 - SERVICIO ADMINISTRATIVO FINANCIERO DESCONCENTRADO ESCUADRÓN 53 JUJUY","375","375 - Gendarmeria Nacional","seguridad_defensa","REPUESTOS",TRUE,99,58,1387431.75423297,0.838383838383838,-0.0750458580113167,-0.625137736915472,"San Salvador de Jujuy","Jujuy",1938,979169.374397,"administracion_desconcentrada",87,"antiguo","alto","chica","mayoria_directa","seguridad_defensa","antiguo","Jujuy","desconcentrada","alto","distribuido","media"
"375|37/75 - SERVICIO ADMINISTRATIVO FINANCIERO DESCONCENTRADO ESCUADRÓN 50 POSADAS","37/75 - SERVICIO ADMINISTRATIVO FINANCIERO DESCONCENTRADO ESCUADRÓN 50 POSADAS","375","375 - Gendarmeria Nacional","seguridad_defensa","ELEMENTOS DE LIMPIEZA",TRUE,53,35,1718054.59382186,0.981132075471698,-0.114267533412448,-0.598883511265808,"Posadas","Misiones",1938,979169.374397,"administracion_desconcentrada",87,"antiguo","alto","media","mayoria_directa","seguridad_defensa","antiguo","Misiones","desconcentrada","alto","distribuido","chica"
"375|37/76 - SERVICIO ADMINISTRATIVO FINANCIERO DESCONCENTRADO ESCUADRÓN 15 BAJO PARAGUAY","37/76 - SERVICIO ADMINISTRATIVO FINANCIERO DESCONCENTRADO ESCUADRÓN 15 BAJO PARAGUAY","375","375 - Gendarmeria Nacional","seguridad_defensa","LIBRERIA PAP. Y UTILES OFICINA",TRUE,64,32,755343.211823823,1,-0.351898939933823,-0.549886310152535,"Formosa","Formosa",1938,979169.374397,"administracion_desconcentrada",87,"antiguo","alto","chica","mayoria_directa","seguridad_defensa","antiguo","Formosa","desconcentrada","alto","distribuido","chica"
"375|37/77 - SERVICIO ADMINISTRATIVO FINANCIERO DESCONCENTRADO ESCUADRÓN 48 CORRIENTES","37/77 - SERVICIO ADMINISTRATIVO FINANCIERO DESCONCENTRADO ESCUADRÓN 48 CORRIENTES","375","375 - Gendarmeria Nacional","seguridad_defensa","REPUESTOS",TRUE,91,54,1567593.72295049,0.978021978021978,-0.366608936810118,-0.517721750124322,"Corrientes","Corrientes",1938,979169.374397,"administracion_desconcentrada",87,"antiguo","alto","chica","mayoria_directa","seguridad_defensa","antiguo","Corrientes","desconcentrada","alto","distribuido","chica"
"375|37/80 - SERVICIO ADMINISTRATIVO FINANCIERO DESCONCENTRADO ESCUADRÓN 46 ROSARIO-VICTORIA","37/80 - SERVICIO ADMINISTRATIVO FINANCIERO DESCONCENTRADO ESCUADRÓN 46 ROSARIO-VICTORIA","375","375 - Gendarmeria Nacional","seguridad_defensa","REPUESTOS",TRUE,64,39,2384290.00481755,0.90625,-0.0888640058014941,-0.746054564414879,"Rosario","Santa Fe",1938,979169.374397,"administracion_desconcentrada",87,"antiguo","alto","media","mayoria_directa","seguridad_defensa","antiguo","Santa Fe","desconcentrada","alto","distribuido","chica"
"375|AGRUPACION CENTINELA II","AGRUPACION CENTINELA II","375","375 - Gendarmeria Nacional","seguridad_defensa","BAZAR Y MENAJE",TRUE,179,78,7600000,0.374301675977654,0.0175328049167245,-0.537646565604284,"CABA","CABA",1938,979169.374397,"administracion_desconcentrada",87,"antiguo","alto","grande","mixto","seguridad_defensa","antiguo","CABA","desconcentrada","alto","distribuido","media"
"376|340/001 - Dirección General de Administración - SSSLD","340/001 - Dirección General de Administración - SSSLD","376","376 - Subsecreataría de Planeamiento Operativo y Servicio Logístico de la Defensa","seguridad_defensa","ELECTRICIDAD Y TELEFONIA",FALSE,1567,386,6718259.87296554,0.188895979578813,0.218253826931775,-0.647074619108715,"CABA","CABA",2006,8236.724315,"administracion_centralizada",1,"reciente","bajo","grande","mixto","seguridad_defensa","reciente","CABA","centralizada","bajo","una_sede","grande"
"379|38/00 - JEFATURA ADMINISTRATIVA FINANCIERA DE LA ARMADA","38/00 - JEFATURA ADMINISTRATIVA FINANCIERA DE LA ARMADA","379","379 - Estado Mayor General de la Armada","seguridad_defensa","ELECTRICIDAD Y TELEFONIA",TRUE,578,269,1581664.78234489,0.269896193771626,0.182242838666625,-0.607988635764631,"CABA","CABA",1810,600704.389706,"administracion_desconcentrada",13,"antiguo","alto","chica","mixto","seguridad_defensa","antiguo","CABA","desconcentrada","alto","distribuido","grande"
"379|38/008 - Base Naval Zárate","38/008 - Base Naval Zárate","379","379 - Estado Mayor General de la Armada","seguridad_defensa","COMBUSTIBLES Y LUBRICANTES",TRUE,550,199,3431119.52444055,0.04,0.157235171076429,-0.715191510543549,"Zárate","Buenos Aires",1810,600704.389706,"administracion_desconcentrada",13,"antiguo","alto","media","mixto","seguridad_defensa","antiguo","Buenos Aires","desconcentrada","alto","distribuido","grande"
"379|38/01 - ARSENAL NAVAL PUERTO BELGRANO","38/01 - ARSENAL NAVAL PUERTO BELGRANO","379","379 - Estado Mayor General de la Armada","seguridad_defensa","ELECTRICIDAD Y TELEFONIA",TRUE,1037,273,4340897.39168802,0.0414657666345227,0.189218653360874,-0.643936085014972,"Punta Alta","Buenos Aires",1810,600704.389706,"administracion_desconcentrada",13,"antiguo","alto","grande","mixto","seguridad_defensa","antiguo","Buenos Aires","desconcentrada","alto","distribuido","grande"
"379|38/021 - Jefatura Militar de la Dirección General de Educación de la Armada","38/021 - Jefatura Militar de la Dirección General de Educación de la Armada","379","379 - Estado Mayor General de la Armada","seguridad_defensa","ELECTRICIDAD Y TELEFONIA",TRUE,623,240,987884.400921142,0.0513643659711075,0.117401149852298,-0.677390431487667,"CABA","CABA",1810,600704.389706,"administracion_desconcentrada",13,"antiguo","alto","chica","mixto","seguridad_defensa","antiguo","CABA","desconcentrada","alto","distribuido","grande"
"379|38/029 - Zona Naval Santa Cruz","38/029 - Zona Naval Santa Cruz","379","379 - Estado Mayor General de la Armada","seguridad_defensa","ALIMENTOS",TRUE,153,46,2328377.27442044,0.509803921568627,-0.0753047753067053,-0.698323459240431,"Río Gallegos","Santa Cruz",1810,600704.389706,"administracion_desconcentrada",13,"antiguo","alto","media","mayoria_directa","seguridad_defensa","antiguo","Santa Cruz","desconcentrada","alto","distribuido","media"
"379|38/03 - UOC de la Intendencia Naval Puerto Belgrano - Armada Argentina","38/03 - UOC de la Intendencia Naval Puerto Belgrano - Armada Argentina","379","379 - Estado Mayor General de la Armada","seguridad_defensa","ELECTRICIDAD Y TELEFONIA",TRUE,652,216,2314253.8103958,0,0.0238000917911874,-0.674431232065604,"Punta Alta","Buenos Aires",1810,600704.389706,"administracion_desconcentrada",13,"antiguo","alto","media","sin_directa","seguridad_defensa","antiguo","Buenos Aires","desconcentrada","alto","distribuido","grande"
"379|38/030 - Fragata A.R.A. Libertad","38/030 - Fragata A.R.A. Libertad","379","379 - Estado Mayor General de la Armada","seguridad_defensa","MANT. REPARACION Y LIMPIEZA",TRUE,231,117,2964562.54069767,0.00865800865800866,0.112845345327692,-0.662070381297664,"CABA","CABA",1810,600704.389706,"administracion_desconcentrada",13,"antiguo","alto","media","mixto","seguridad_defensa","antiguo","CABA","desconcentrada","alto","distribuido","media"
"379|38/034 - Arsenal Naval Mar del Plata","38/034 - Arsenal Naval Mar del Plata","379","379 - Estado Mayor General de la Armada","seguridad_defensa","COMBUSTIBLES Y LUBRICANTES",TRUE,158,63,3201441.63540661,0.00632911392405063,0.0659686791407342,-0.718248394839312,"Mar del Plata","Buenos Aires",1810,600704.389706,"administracion_desconcentrada",13,"antiguo","alto","media","mixto","seguridad_defensa","antiguo","Buenos Aires","desconcentrada","alto","distribuido","media"
"379|38/10 - Unidad Operativa de Contrataciones - Escuela de Oficiales de la Armada","38/10 - Unidad Operativa de Contrataciones - Escuela de Oficiales de la Armada","379","379 - Estado Mayor General de la Armada","seguridad_defensa","ELEMENTOS DE LIMPIEZA",TRUE,65,35,1849772.54398457,0,0.00124669429580411,-0.62928241423277,"Puerto Belgrano","Buenos Aires",1810,600704.389706,"administracion_desconcentrada",13,"antiguo","alto","media","sin_directa","seguridad_defensa","antiguo","Buenos Aires","desconcentrada","alto","distribuido","chica"
"379|38/11 - División de Compras - Destacamento naval Rio Grande","38/11 - División de Compras - Destacamento naval Rio Grande","379","379 - Estado Mayor General de la Armada","seguridad_defensa","COMBUSTIBLES Y LUBRICANTES",TRUE,246,86,1591220.07407038,0,0.0874239587112013,-0.713870214015372,"Río Grande","Tierra del Fuego",1810,600704.389706,"administracion_desconcentrada",13,"antiguo","alto","chica","sin_directa","seguridad_defensa","antiguo","Tierra del Fuego","desconcentrada","alto","distribuido","media"
"379|38/12 - Comando de la Flota de Mar","38/12 - Comando de la Flota de Mar","379","379 - Estado Mayor General de la Armada","seguridad_defensa","ELECTRICIDAD Y TELEFONIA",TRUE,1015,229,6104160,0.00689655172413793,0.203577764872358,-0.647394597510036,"Punta Alta","Buenos Aires",1810,600704.389706,"administracion_desconcentrada",13,"antiguo","alto","grande","mixto","seguridad_defensa","antiguo","Buenos Aires","desconcentrada","alto","distribuido","grande"
"379|38/13 - Centro de instrucción y adiestramiento en técnicas y tácticas navales","38/13 - Centro de instrucción y adiestramiento en técnicas y tácticas navales","379","379 - Estado Mayor General de la Armada","seguridad_defensa","CERRAJERIA",TRUE,132,52,6715587.75231905,0,0.149297471363595,-0.685316798540916,"Puerto Belgrano","Buenos Aires",1810,600704.389706,"administracion_desconcentrada",13,"antiguo","alto","grande","sin_directa","seguridad_defensa","antiguo","Buenos Aires","desconcentrada","alto","distribuido","media"
"379|38/15 JEFATURA DE OBTENCION DE LA ARMADA","38/15 JEFATURA DE OBTENCION DE LA ARMADA","379","379 - Estado Mayor General de la Armada","seguridad_defensa","ALIMENTOS",TRUE,1548,249,52061341.8319302,0.210594315245478,0.453003661103103,-0.433159326514214,"CABA","CABA",1810,600704.389706,"administracion_desconcentrada",13,"antiguo","alto","grande","mixto","seguridad_defensa","antiguo","CABA","desconcentrada","alto","distribuido","grande"
"379|38/16 - Licitaciones y Compras - Base Aeronaval Almirante Zar","38/16 - Licitaciones y Compras - Base Aeronaval Almirante Zar","379","379 - Estado Mayor General de la Armada","seguridad_defensa","ELECTRICIDAD Y TELEFONIA",TRUE,485,138,3973634.43813534,0,0.0565429065239619,-0.690414365016507,"Trelew","Chubut",1810,600704.389706,"administracion_desconcentrada",13,"antiguo","alto","grande","sin_directa","seguridad_defensa","antiguo","Chubut","desconcentrada","alto","distribuido","grande"
"379|38/17 - Escuela Naval Militar","38/17 - Escuela Naval Militar","379","379 - Estado Mayor General de la Armada","seguridad_defensa","FERRETERIA",TRUE,597,224,2357682.35726888,0.105527638190955,0.0560066736686043,-0.704416423563429,"Río Santiago","Buenos Aires",1810,600704.389706,"administracion_desconcentrada",13,"antiguo","alto","media","mixto","seguridad_defensa","antiguo","Buenos Aires","desconcentrada","alto","distribuido","grande"
"379|38/18 - Division Contrataciones - Comando de Transportes Navales","38/18 - Division Contrataciones - Comando de Transportes Navales","379","379 - Estado Mayor General de la Armada","seguridad_defensa","ELECTRICIDAD Y TELEFONIA",TRUE,833,251,3510770.1002177,0.212484993997599,0.242643163221243,-0.657663180529737,"CABA","CABA",1810,600704.389706,"administracion_desconcentrada",13,"antiguo","alto","media","mixto","seguridad_defensa","antiguo","CABA","desconcentrada","alto","distribuido","grande"
"379|38/19 - División Contrataciones del Cuartel General del EMGA","38/19 - División Contrataciones del Cuartel General del EMGA","379","379 - Estado Mayor General de la Armada","seguridad_defensa","BAZAR Y MENAJE",TRUE,860,344,1571852.35256447,0.0244186046511628,0.0942378195984774,-0.684630744448803,"CABA","CABA",1810,600704.389706,"administracion_desconcentrada",13,"antiguo","alto","chica","mixto","seguridad_defensa","antiguo","CABA","desconcentrada","alto","distribuido","grande"
"379|38/2 - UOC Base Naval Puerto Belgrano - EMGA","38/2 - UOC Base Naval Puerto Belgrano - EMGA","379","379 - Estado Mayor General de la Armada","seguridad_defensa","ELECTRICIDAD Y TELEFONIA",TRUE,833,244,2104226.68023285,0.00120048019207683,0.13753745127242,-0.660434666688601,"Punta Alta","Buenos Aires",1810,600704.389706,"administracion_desconcentrada",13,"antiguo","alto","media","mixto","seguridad_defensa","antiguo","Buenos Aires","desconcentrada","alto","distribuido","grande"
"379|38/22 - Secretaria General de la Armada","38/22 - Secretaria General de la Armada","379","379 - Estado Mayor General de la Armada","seguridad_defensa","BAZAR Y MENAJE",TRUE,519,202,3353043.56146003,0.267822736030829,0.115243261051995,-0.647488712297517,"CABA","CABA",1810,600704.389706,"administracion_desconcentrada",13,"antiguo","alto","media","mixto","seguridad_defensa","antiguo","CABA","desconcentrada","alto","distribuido","grande"
"379|38/23 - Licitaciones y Compras - Base Aeronaval Punta Indio","38/23 - Licitaciones y Compras - Base Aeronaval Punta Indio","379","379 - Estado Mayor General de la Armada","seguridad_defensa","ELECTRICIDAD Y TELEFONIA",TRUE,486,173,1276420.09014313,0,0.052460212242677,-0.721137450804492,"Punta Indio","Buenos Aires",1810,600704.389706,"administracion_desconcentrada",13,"antiguo","alto","chica","sin_directa","seguridad_defensa","antiguo","Buenos Aires","desconcentrada","alto","distribuido","grande"
"379|38/25 - Base Aeronaval Comandante espora","38/25 - Base Aeronaval Comandante espora","379","379 - Estado Mayor General de la Armada","seguridad_defensa","ELECTRICIDAD Y TELEFONIA",TRUE,715,233,959055.20446206,0.0013986013986014,0.0581686617594228,-0.694035184619576,"Bahía Blanca","Buenos Aires",1810,600704.389706,"administracion_desconcentrada",13,"antiguo","alto","chica","mixto","seguridad_defensa","antiguo","Buenos Aires","desconcentrada","alto","distribuido","grande"
"379|38/26 - Unidad Operativa de Contrataciones - Escuela suboficiales de la Armada","38/26 - Unidad Operativa de Contrataciones - Escuela suboficiales de la Armada","379","379 - Estado Mayor General de la Armada","seguridad_defensa","FERRETERIA",TRUE,441,139,6597499.92737918,0,0.084737416613249,-0.658639430970844,"Puerto Belgrano","Buenos Aires",1810,600704.389706,"administracion_desconcentrada",13,"antiguo","alto","grande","sin_directa","seguridad_defensa","antiguo","Buenos Aires","desconcentrada","alto","distribuido","grande"
"379|38/27 - Agrupación Servicios de Cuartel","38/27 - Agrupación Servicios de Cuartel","379","379 - Estado Mayor General de la Armada","seguridad_defensa","COMBUSTIBLES Y LUBRICANTES",TRUE,1020,253,5112334.22672842,0.0313725490196078,0.0721762998323499,-0.680032317041213,"CABA","CABA",1810,600704.389706,"administracion_desconcentrada",13,"antiguo","alto","grande","mixto","seguridad_defensa","antiguo","CABA","desconcentrada","alto","distribuido","grande"
"379|38/28 - Liceo Naval Militar Almirante Storni","38/28 - Liceo Naval Militar Almirante Storni","379","379 - Estado Mayor General de la Armada","seguridad_defensa","ALIMENTOS",TRUE,255,88,3988853.61729712,0,-0.0405868023038779,-0.649615277880911,"Posadas","Misiones",1810,600704.389706,"administracion_desconcentrada",13,"antiguo","alto","grande","sin_directa","seguridad_defensa","antiguo","Misiones","desconcentrada","alto","distribuido","media"
"379|38/31 - DIRECCION GENERAL DE INTELIGENCIA DE LA ARMADA","38/31 - DIRECCION GENERAL DE INTELIGENCIA DE LA ARMADA","379","379 - Estado Mayor General de la Armada","seguridad_defensa","ELECTRICIDAD Y TELEFONIA",TRUE,543,216,344648.075440689,0.893186003683241,0.040715817033323,-0.709468569644167,"CABA","CABA",1810,600704.389706,"administracion_desconcentrada",13,"antiguo","alto","chica","mayoria_directa","seguridad_defensa","antiguo","CABA","desconcentrada","alto","distribuido","grande"
"379|38/33 - Unidad Operativa de Contrataciones - Base Naval Mar del Plata","38/33 - Unidad Operativa de Contrataciones - Base Naval Mar del Plata","379","379 - Estado Mayor General de la Armada","seguridad_defensa","ELECTRICIDAD Y TELEFONIA",TRUE,872,242,4454410.20260201,0.0745412844036697,0.0485925552283782,-0.703477042019816,"Mar del Plata","Buenos Aires",1810,600704.389706,"administracion_desconcentrada",13,"antiguo","alto","grande","mixto","seguridad_defensa","antiguo","Buenos Aires","desconcentrada","alto","distribuido","grande"
"379|38/35 - Escuela Nacional de Pesca - Armada Argentina","38/35 - Escuela Nacional de Pesca - Armada Argentina","379","379 - Estado Mayor General de la Armada","seguridad_defensa","FERRETERIA",TRUE,176,74,1673320.67142061,0.0170454545454545,0.0603526009237557,-0.709712618563567,"Mar del Plata","Buenos Aires",1810,600704.389706,"administracion_desconcentrada",13,"antiguo","alto","media","mixto","seguridad_defensa","antiguo","Buenos Aires","desconcentrada","alto","distribuido","media"
"379|38/37 - Hospital Naval Puerto Belgrano","38/37 - Hospital Naval Puerto Belgrano","379","379 - Estado Mayor General de la Armada","seguridad_defensa","PROD. MEDICO/FARMACEUTICOS/LAB",TRUE,627,225,5825938.78794135,0.293460925039872,0.171538790848357,-0.573134306452217,"Punta Alta","Buenos Aires",1810,600704.389706,"administracion_desconcentrada",13,"antiguo","alto","grande","mixto","seguridad_defensa","antiguo","Buenos Aires","desconcentrada","alto","distribuido","grande"
"379|38/38 - MINISTERIO DE DEFENSA - ARMADA ARGENTINA - HOSPITAL NAVAL BUENOS AIRES CIRUJANO MAYOR DOCTOR PEDRO MALLO","38/38 - MINISTERIO DE DEFENSA - ARMADA ARGENTINA - HOSPITAL NAVAL BUENOS AIRES CIRUJANO MAYOR DOCTOR PEDRO MALLO","379","379 - Estado Mayor General de la Armada","seguridad_defensa","PROD. MEDICO/FARMACEUTICOS/LAB",TRUE,691,244,6085956.94250793,0.0839363241678727,0.328460453079529,-0.496295471196932,"CABA","CABA",1810,600704.389706,"administracion_desconcentrada",13,"antiguo","alto","grande","mixto","seguridad_defensa","antiguo","CABA","desconcentrada","alto","distribuido","grande"
"379|38/4 - INTENDENCIA NAVAL MAR DEL PLATA","38/4 - INTENDENCIA NAVAL MAR DEL PLATA","379","379 - Estado Mayor General de la Armada","seguridad_defensa","ELECTRICIDAD Y TELEFONIA",TRUE,540,176,3849309.9982475,0.0111111111111111,0.0335044577276325,-0.694019704607522,"Mar del Plata","Buenos Aires",1810,600704.389706,"administracion_desconcentrada",13,"antiguo","alto","grande","mixto","seguridad_defensa","antiguo","Buenos Aires","desconcentrada","alto","distribuido","grande"
"379|38/5 - División de Compras - Arsenal Aereonaval Comandante Espora","38/5 - División de Compras - Arsenal Aereonaval Comandante Espora","379","379 - Estado Mayor General de la Armada","seguridad_defensa","ELECTRICIDAD Y TELEFONIA",TRUE,580,199,2691538.3039343,0.00344827586206897,0.141586608601285,-0.690590906056586,"Bahía Blanca","Buenos Aires",1810,600704.389706,"administracion_desconcentrada",13,"antiguo","alto","media","mixto","seguridad_defensa","antiguo","Buenos Aires","desconcentrada","alto","distribuido","grande"
"379|38/6 - INTENDENCIA NAVAL USHUAIA","38/6 - INTENDENCIA NAVAL USHUAIA","379","379 - Estado Mayor General de la Armada","seguridad_defensa","ELECTRICIDAD Y TELEFONIA",TRUE,1080,284,2679177.49051694,0.00277777777777778,0.0973999418356528,-0.669989847479417,"Ushuaia","Tierra del Fuego",1810,600704.389706,"administracion_desconcentrada",13,"antiguo","alto","media","mixto","seguridad_defensa","antiguo","Tierra del Fuego","desconcentrada","alto","distribuido","grande"
"380|39 - Dirección General de Administración- PNA","39 - Dirección General de Administración- PNA","380","380 - Prefectura Naval Argentina","seguridad_defensa","MANT. REPARACION Y LIMPIEZA",TRUE,378,172,59970687.2320068,0.0846560846560847,0.519765317626052,-0.408182602052256,"CABA","CABA",1810,515030.206068,"administracion_desconcentrada",1,"antiguo","alto","grande","mixto","seguridad_defensa","antiguo","CABA","desconcentrada","alto","una_sede","grande"
"381|40/005 - BASE AEREA MILITAR MORON","40/005 - BASE AEREA MILITAR MORON","381","381 - Estado Mayor General de La Fuerza Aérea","seguridad_defensa","ALIMENTOS",TRUE,408,159,1498780,0.45343137254902,0.0127772750638466,-0.750633633927183,"Morón","Buenos Aires",1945,510150.894153,"administracion_desconcentrada",11,"antiguo","alto","chica","mixto","seguridad_defensa","antiguo","Buenos Aires","desconcentrada","alto","distribuido","grande"
"381|40/014 - UOC DPTO CDR","40/014 - UOC DPTO CDR","381","381 - Estado Mayor General de La Fuerza Aérea","seguridad_defensa","ALIMENTOS",TRUE,1379,394,7274910.62636146,0.304568527918782,0.202499797356137,-0.590040500932491,"CABA","CABA",1945,510150.894153,"administracion_desconcentrada",11,"antiguo","alto","grande","mixto","seguridad_defensa","antiguo","CABA","desconcentrada","alto","distribuido","grande"
"381|40/016 - AREA MATERIAL QUILMES","40/016 - AREA MATERIAL QUILMES","381","381 - Estado Mayor General de La Fuerza Aérea","seguridad_defensa","FERRETERIA",TRUE,735,242,1703843.76328589,0.56734693877551,0.0379208203670091,-0.650865843214865,"Quilmes","Buenos Aires",1945,510150.894153,"administracion_desconcentrada",11,"antiguo","alto","media","mayoria_directa","seguridad_defensa","antiguo","Buenos Aires","desconcentrada","alto","distribuido","grande"
"381|40/017 - I BRIGADA AEREA PALOMAR","40/017 - I BRIGADA AEREA PALOMAR","381","381 - Estado Mayor General de La Fuerza Aérea","seguridad_defensa","ALIMENTOS",TRUE,399,170,1656879.3670361,0.588972431077694,-0.00163879088940575,-0.725273032433294,"El Palomar","Buenos Aires",1945,510150.894153,"administracion_desconcentrada",11,"antiguo","alto","media","mayoria_directa","seguridad_defensa","antiguo","Buenos Aires","desconcentrada","alto","distribuido","grande"
"381|40/018 - UOC PAR","40/018 - UOC PAR","381","381 - Estado Mayor General de La Fuerza Aérea","seguridad_defensa","ELECTRICIDAD Y TELEFONIA",TRUE,634,248,2092915,0.646687697160883,-0.0615500605333596,-0.654388552078867,"CABA","CABA",1945,510150.894153,"administracion_desconcentrada",11,"antiguo","alto","media","mayoria_directa","seguridad_defensa","antiguo","CABA","desconcentrada","alto","distribuido","grande"
"381|40/019 - UOC  RTA","40/019 - UOC  RTA","381","381 - Estado Mayor General de La Fuerza Aérea","seguridad_defensa","FERRETERIA",TRUE,567,193,711687.276261448,0.91710758377425,-0.132266456081564,-0.638243520013181,"CABA","CABA",1945,510150.894153,"administracion_desconcentrada",11,"antiguo","alto","chica","mayoria_directa","seguridad_defensa","antiguo","CABA","desconcentrada","alto","distribuido","grande"
"381|40/020 - UOC DOZ","40/020 - UOC DOZ","381","381 - Estado Mayor General de La Fuerza Aérea","seguridad_defensa","ELECTRICIDAD Y TELEFONIA",TRUE,451,151,1236361.28375245,0.784922394678492,0.0349972480443453,-0.689684348817242,"CABA","CABA",1945,510150.894153,"administracion_desconcentrada",11,"antiguo","alto","chica","mayoria_directa","seguridad_defensa","antiguo","CABA","desconcentrada","alto","distribuido","grande"
"381|40/021 - UOC RYD","40/021 - UOC RYD","381","381 - Estado Mayor General de La Fuerza Aérea","seguridad_defensa","CARPINTERIA",TRUE,511,176,1392832.98687599,0.702544031311155,-0.0651056501390965,-0.628677112993236,"CABA","CABA",1945,510150.894153,"administracion_desconcentrada",11,"antiguo","alto","chica","mayoria_directa","seguridad_defensa","antiguo","CABA","desconcentrada","alto","distribuido","grande"
"381|40/022 - UOC DIL","40/022 - UOC DIL","381","381 - Estado Mayor General de La Fuerza Aérea","seguridad_defensa","BAZAR Y MENAJE",TRUE,591,206,818805.86,0.803722504230118,-0.0737560023506793,-0.600507177192504,"CABA","CABA",1945,510150.894153,"administracion_desconcentrada",11,"antiguo","alto","chica","mayoria_directa","seguridad_defensa","antiguo","CABA","desconcentrada","alto","distribuido","grande"
"381|40/023 - DIVISIÓN CONTRATACIONES MORENO","40/023 - DIVISIÓN CONTRATACIONES MORENO","381","381 - Estado Mayor General de La Fuerza Aérea","seguridad_defensa","CERRAJERIA",TRUE,65,54,1085577.88257221,0.384615384615385,0.0656543918662016,-0.756944526843852,"Moreno","Buenos Aires",1945,510150.894153,"administracion_desconcentrada",11,"antiguo","alto","chica","mixto","seguridad_defensa","antiguo","Buenos Aires","desconcentrada","alto","distribuido","chica"
"381|40/023 - VII BRIGADA AEREA MORENO","40/023 - VII BRIGADA AEREA MORENO","381","381 - Estado Mayor General de La Fuerza Aérea","seguridad_defensa","ALIMENTOS",TRUE,216,100,2467670,0.430555555555556,0.0493792860553206,-0.67543809747229,"Moreno","Buenos Aires",1945,510150.894153,"administracion_desconcentrada",11,"antiguo","alto","media","mixto","seguridad_defensa","antiguo","Buenos Aires","desconcentrada","alto","distribuido","media"
"381|40/024 - UOC CRV","40/024 - UOC CRV","381","381 - Estado Mayor General de La Fuerza Aérea","seguridad_defensa","ELECTRICIDAD Y TELEFONIA",TRUE,838,230,742847.677263233,0.730310262529833,-0.0191666069009113,-0.677859144225086,"CABA","CABA",1945,510150.894153,"administracion_desconcentrada",11,"antiguo","alto","chica","mayoria_directa","seguridad_defensa","antiguo","CABA","desconcentrada","alto","distribuido","grande"
"381|40/026 - DIRECCION DE VIGILANCIA Y CONTROL DEL AEROESPACIO","40/026 - DIRECCION DE VIGILANCIA Y CONTROL DEL AEROESPACIO","381","381 - Estado Mayor General de La Fuerza Aérea","seguridad_defensa","REPUESTOS",TRUE,264,144,1834223.78031439,0.678030303030303,-0.00400305226240709,-0.731568435545786,"Morón","Buenos Aires",1945,510150.894153,"administracion_desconcentrada",11,"antiguo","alto","media","mayoria_directa","seguridad_defensa","antiguo","Buenos Aires","desconcentrada","alto","distribuido","media"
"381|40/028 - AREA DE MATERIAL RIO IV","40/028 - AREA DE MATERIAL RIO IV","381","381 - Estado Mayor General de La Fuerza Aérea","seguridad_defensa","ELECTRICIDAD Y TELEFONIA",TRUE,838,280,1910224.72292748,0.360381861575179,-0.0436194557487735,-0.591961229973069,"Río Cuarto","Córdoba",1945,510150.894153,"administracion_desconcentrada",11,"antiguo","alto","media","mixto","seguridad_defensa","antiguo","Córdoba","desconcentrada","alto","distribuido","grande"
"381|40/030 - UOC LADE","40/030 - UOC LADE","381","381 - Estado Mayor General de La Fuerza Aérea","seguridad_defensa","ALIMENTOS",TRUE,369,142,7557258.34693683,0.368563685636856,0.204270116066808,-0.667123995371824,"CABA","CABA",1945,510150.894153,"administracion_desconcentrada",11,"antiguo","alto","grande","mixto","seguridad_defensa","antiguo","CABA","desconcentrada","alto","distribuido","media"
"381|40/031 - OUC INFRA","40/031 - OUC INFRA","381","381 - Estado Mayor General de La Fuerza Aérea","seguridad_defensa","MANT. REPARACION Y LIMPIEZA",TRUE,85,57,926988.918829705,0.870588235294118,0.164373049042607,-0.562731164537137,"CABA","CABA",1945,510150.894153,"administracion_desconcentrada",11,"antiguo","alto","chica","mayoria_directa","seguridad_defensa","antiguo","CABA","desconcentrada","alto","distribuido","chica"
"381|40/032 - AREA LOGISTICA PALOMAR","40/032 - AREA LOGISTICA PALOMAR","381","381 - Estado Mayor General de La Fuerza Aérea","seguridad_defensa","ELECTRICIDAD Y TELEFONIA",TRUE,495,196,948873.229341504,0.488888888888889,0.0162921894089029,-0.729890987044675,"El Palomar","Buenos Aires",1945,510150.894153,"administracion_desconcentrada",11,"antiguo","alto","chica","mixto","seguridad_defensa","antiguo","Buenos Aires","desconcentrada","alto","distribuido","grande"
"381|40/035 - UOC BASMAR","40/035 - UOC BASMAR","381","381 - Estado Mayor General de La Fuerza Aérea","seguridad_defensa","ALIMENTOS",TRUE,599,174,995220,0.636060100166945,-0.101896603990625,-0.671289958057307,"Bahía Blanca","Buenos Aires",1945,510150.894153,"administracion_desconcentrada",11,"antiguo","alto","chica","mayoria_directa","seguridad_defensa","antiguo","Buenos Aires","desconcentrada","alto","distribuido","grande"
"381|40/037 - INSTITUTO DE FORMACION EZEIZA","40/037 - INSTITUTO DE FORMACION EZEIZA","381","381 - Estado Mayor General de La Fuerza Aérea","seguridad_defensa","ALIMENTOS",TRUE,322,135,6344874.58552387,0.503105590062112,0.115463208518718,-0.696684715642273,"Ezeiza","Buenos Aires",1945,510150.894153,"administracion_desconcentrada",11,"antiguo","alto","grande","mayoria_directa","seguridad_defensa","antiguo","Buenos Aires","desconcentrada","alto","distribuido","media"
"381|40/039 - UOC DPTO CDR","40/039 - UOC DPTO CDR","381","381 - Estado Mayor General de La Fuerza Aérea","seguridad_defensa","PROD. MEDICO/FARMACEUTICOS/LAB",TRUE,1171,392,5137897.5875371,0.367207514944492,0.282727252002688,-0.523409098153082,"CABA","CABA",1945,510150.894153,"administracion_desconcentrada",11,"antiguo","alto","grande","mixto","seguridad_defensa","antiguo","CABA","desconcentrada","alto","distribuido","grande"
"381|40/043 - LICEO AERONAUTICO MILITAR","40/043 - LICEO AERONAUTICO MILITAR","381","381 - Estado Mayor General de La Fuerza Aérea","seguridad_defensa","ALIMENTOS",TRUE,234,107,2204720.62315609,0.598290598290598,-0.0940287937901684,-0.633229282953409,"Córdoba","Córdoba",1945,510150.894153,"administracion_desconcentrada",11,"antiguo","alto","media","mayoria_directa","seguridad_defensa","antiguo","Córdoba","desconcentrada","alto","distribuido","media"
"381|40/045 - UOC PAL","40/045 - UOC PAL","381","381 - Estado Mayor General de La Fuerza Aérea","seguridad_defensa","ALIMENTOS",TRUE,439,210,1392413.4156392,0.514806378132118,0.141569093659755,-0.674615421809488,"El Palomar","Buenos Aires",1945,510150.894153,"administracion_desconcentrada",11,"antiguo","alto","chica","mayoria_directa","seguridad_defensa","antiguo","Buenos Aires","desconcentrada","alto","distribuido","grande"
"381|40/11 - UOC DPTO CDR","40/11 - UOC DPTO CDR","381","381 - Estado Mayor General de La Fuerza Aérea","seguridad_defensa","INDUMENT TEXTIL Y CONFECCIONES",TRUE,172,106,2168645.185,0.47093023255814,0.205724386935461,-0.53334860253695,"CABA","CABA",1945,510150.894153,"administracion_desconcentrada",11,"antiguo","alto","media","mixto","seguridad_defensa","antiguo","CABA","desconcentrada","alto","distribuido","media"
"381|40/34 - Base Aérea Militar Río Gallegos","40/34 - Base Aérea Militar Río Gallegos","381","381 - Estado Mayor General de La Fuerza Aérea","seguridad_defensa","ELECTRICIDAD Y TELEFONIA",TRUE,326,136,893740.757502492,0.93558282208589,-0.0829235881717628,-0.665416454570602,"Río Gallegos","Santa Cruz",1945,510150.894153,"administracion_desconcentrada",11,"antiguo","alto","chica","mayoria_directa","seguridad_defensa","antiguo","Santa Cruz","desconcentrada","alto","distribuido","media"
"381|40/9 - por Base Aérea Militar Resistencia","40/9 - por Base Aérea Militar Resistencia","381","381 - Estado Mayor General de La Fuerza Aérea","seguridad_defensa","ELECTRICIDAD Y TELEFONIA",TRUE,572,192,2074270.08979667,0.129370629370629,-0.0283748820656453,-0.666823632906309,"Resistencia","Chaco",1945,510150.894153,"administracion_desconcentrada",11,"antiguo","alto","media","mixto","seguridad_defensa","antiguo","Chaco","desconcentrada","alto","distribuido","grande"
"381|Departamento Contrataciones Córdoba - UOC 40/47","Departamento Contrataciones Córdoba - UOC 40/47","381","381 - Estado Mayor General de La Fuerza Aérea","seguridad_defensa","ALIMENTOS",TRUE,1163,325,2244404.83334534,0.599312123817713,-0.00932213236931632,-0.617074290982483,"Córdoba","Córdoba",1945,510150.894153,"administracion_desconcentrada",11,"antiguo","alto","media","mayoria_directa","seguridad_defensa","antiguo","Córdoba","desconcentrada","alto","distribuido","grande"
"381|Departamento Contrataciones Córdoba - UOC 40/49","Departamento Contrataciones Córdoba - UOC 40/49","381","381 - Estado Mayor General de La Fuerza Aérea","seguridad_defensa","FERRETERIA",TRUE,674,204,1033856.34625438,0.77299703264095,-0.0358794128464917,-0.627698035289398,"Córdoba","Córdoba",1945,510150.894153,"administracion_desconcentrada",11,"antiguo","alto","chica","mayoria_directa","seguridad_defensa","antiguo","Córdoba","desconcentrada","alto","distribuido","grande"
"381|Departamento Contrataciones Córdoba - UOC 40/51","Departamento Contrataciones Córdoba - UOC 40/51","381","381 - Estado Mayor General de La Fuerza Aérea","seguridad_defensa","PROD. MEDICO/FARMACEUTICOS/LAB",TRUE,585,182,3158475.44665759,0.523076923076923,0.185816972016756,-0.542408554241207,"Córdoba","Córdoba",1945,510150.894153,"administracion_desconcentrada",11,"antiguo","alto","media","mayoria_directa","seguridad_defensa","antiguo","Córdoba","desconcentrada","alto","distribuido","grande"
"381|Departamento Contrataciones Córdoba - UOC 40/52","Departamento Contrataciones Córdoba - UOC 40/52","381","381 - Estado Mayor General de La Fuerza Aérea","seguridad_defensa","FERRETERIA",TRUE,295,125,2097449.29361323,0.722033898305085,-0.0953787151553604,-0.602915385545122,"Córdoba","Córdoba",1945,510150.894153,"administracion_desconcentrada",11,"antiguo","alto","media","mayoria_directa","seguridad_defensa","antiguo","Córdoba","desconcentrada","alto","distribuido","media"
"382|279/000 - Departamento de Compras - PSA","279/000 - Departamento de Compras - PSA","382","382 - Policia de Seguridad Aeroportuaria","seguridad_defensa","MANT. REPARACION Y LIMPIEZA",FALSE,371,178,9340310.79,0.444743935309973,0.315584736920354,-0.453529009137279,"CABA","CABA",2005,134104.485975,"administracion_desconcentrada",1,"reciente","alto","grande","mixto","seguridad_defensa","reciente","CABA","desconcentrada","alto","una_sede","grande"
"386|500/000-Ministerio de las Mujeres; Géneros y Diversidad - Dirección de Compras; Contrataciones; Patrimonio y Suministros","500/000-Ministerio de las Mujeres; Géneros y Diversidad - Dirección de Compras; Contrataciones; Patrimonio y Suministros","386","386-Ministerio de las Mujeres; Géneros y Diversidad","salud_social","EQUIPO DE OFICINA Y MUEBLES",FALSE,170,92,8065397.67214621,0.558823529411765,0.415139411004422,-0.122632579985822,"CABA","CABA",2019,NA,"administracion_centralizada",1,"reciente","sin_presupuesto","grande","mayoria_directa","salud_social","reciente","CABA","centralizada","sin_presupuesto","una_sede","media"
"388|505 - MINISTERIO DE CAPITAL HUMANO","505 - MINISTERIO DE CAPITAL HUMANO","388","388 - MINSTERIO DE CAPITAL HUMANO","salud_social","ELEMENTOS DE LIMPIEZA",FALSE,33,30,1992749.81313378,0.484848484848485,0.225497407151294,-0.466785386063603,"CABA","CABA",2023,131264.527309,"administracion_centralizada",1,"reciente","alto","media","mixto","salud_social","reciente","CABA","centralizada","alto","una_sede","chica"
"403|487 - División Compras y Suministros - Superintendencia de Bienestar de la Policia Federal Argentina","487 - División Compras y Suministros - Superintendencia de Bienestar de la Policia Federal Argentina","403","403 - Superintendencia de Bienestar de la Policia Federal Argentina","seguridad_defensa","PROD. MEDICO/FARMACEUTICOS/LAB",FALSE,1689,321,14865952.6967805,0.158673771462404,0.480260756779959,-0.40857810180986,"CABA","CABA",1973,NA,"administracion_descentralizada",1,"medio","sin_presupuesto","grande","mixto","seguridad_defensa","medio","CABA","descentralizada","sin_presupuesto","una_sede","grande"
"450|41 - División Compras y Contrataciones-IGN","41 - División Compras y Contrataciones-IGN","450","450 - Instituto Geográfico Nacional","ciencia_universidad","LIBRERIA PAP. Y UTILES OFICINA",FALSE,318,172,1817910.45225533,0.827044025157233,0.0746740697599302,-0.516730630286056,"CABA","CABA",1879,6228.184811,"administracion_descentralizada",1,"antiguo","bajo","media","mayoria_directa","ciencia_universidad","antiguo","CABA","descentralizada","bajo","una_sede","media"
"451|42 -  Dirección General de Fabricaciones Militares (SC)-FFMM","42 -  Dirección General de Fabricaciones Militares (SC)-FFMM","451","451 - Dirección General de Fabricaciones Militares","seguridad_defensa","INDUMENT TEXTIL Y CONFECCIONES",FALSE,39,34,13015210.8048946,0.615384615384615,0.284677828227824,-0.425051469816338,"CABA","CABA",1941,NA,"empresas_y_sociedades",4,"antiguo","sin_presupuesto","grande","mayoria_directa","seguridad_defensa","antiguo","CABA","otro","sin_presupuesto","distribuido","chica"
"451|42/01 -  Fábrica Militar de Pólvoras y Explosivos Villa María - Compras","42/01 -  Fábrica Militar de Pólvoras y Explosivos Villa María - Compras","451","451 - Dirección General de Fabricaciones Militares","seguridad_defensa","REPUESTOS",FALSE,39,34,2750730.80221909,0.923076923076923,0.0750435599362804,-0.50930703596463,"Villa María","Córdoba",1941,NA,"empresas_y_sociedades",4,"antiguo","sin_presupuesto","media","mayoria_directa","seguridad_defensa","antiguo","Córdoba","otro","sin_presupuesto","distribuido","chica"
"451|42/02 -  Fabrica Militar Rio Tercero","42/02 -  Fabrica Militar Rio Tercero","451","451 - Dirección General de Fabricaciones Militares","seguridad_defensa","REPUESTOS",FALSE,73,61,2529281.98879066,0.89041095890411,0.212050634602642,-0.489908358079366,"Río Tercero","Córdoba",1941,NA,"empresas_y_sociedades",4,"antiguo","sin_presupuesto","media","mayoria_directa","seguridad_defensa","antiguo","Córdoba","otro","sin_presupuesto","distribuido","chica"
"451|42/04 -  Compras Fray Luis Beltrán","42/04 -  Compras Fray Luis Beltrán","451","451 - Dirección General de Fabricaciones Militares","seguridad_defensa","FERRETERIA",FALSE,32,28,3438413.50277386,0.9375,0.127417981399794,-0.582409591286766,"Fray Luis Beltrán","Santa Fe",1941,NA,"empresas_y_sociedades",4,"antiguo","sin_presupuesto","media","mayoria_directa","seguridad_defensa","antiguo","Santa Fe","otro","sin_presupuesto","distribuido","chica"
"452|289 - Dirección General de Administración-SMN","289 - Dirección General de Administración-SMN","452","452 - Servicio Metereológico Nacional","ciencia_universidad","SERV. PROFESIONAL Y COMERCIAL",FALSE,197,114,14487216.7038089,0.375634517766497,0.423960254460642,-0.268965077606265,"CABA","CABA",1872,21994.737985,"administracion_descentralizada",1,"antiguo","medio","grande","mixto","ciencia_universidad","antiguo","CABA","descentralizada","medio","una_sede","media"
"470|43 - Departamento de Compras  - Instituto de Ayuda Financiera para pago de Retiros y Pensiones Militares - Ministerio de Defensa","43 - Departamento de Compras  - Instituto de Ayuda Financiera para pago de Retiros y Pensiones Militares - Ministerio de Defensa","470","470 - Instituto de Ayuda Financiera para pago de Retiros y Pensiones Militares","seguridad_defensa","SERV. PROFESIONAL Y COMERCIAL",FALSE,365,175,4865667.8025675,0.712328767123288,0.189688719898954,-0.342149453656662,"CABA","CABA",1946,1435547.119651,"administracion_descentralizada",1,"antiguo","alto","grande","mayoria_directa","seguridad_defensa","antiguo","CABA","descentralizada","alto","una_sede","media"
"556|318 - Coordinación de Patrimonio; Compras y Contrataciones - ACUMAR","318 - Coordinación de Patrimonio; Compras y Contrataciones - ACUMAR","556","556 - Autoridad de Cuenca Matanza Riachuelo","infraestructura","EQUIPOS",FALSE,493,260,7148919.33614078,0.488843813387424,0.316891763144707,-0.241011958707664,"CABA","CABA",2006,NA,"administracion_descentralizada",1,"reciente","sin_presupuesto","grande","mixto","infraestructura","reciente","CABA","descentralizada","sin_presupuesto","una_sede","grande"
"602|44/000 - Gerencia de Servicios Centrales - CNV","44/000 - Gerencia de Servicios Centrales - CNV","602","602 - Comisión Nacional de Valores","administracion","SERV. PROFESIONAL Y COMERCIAL",FALSE,350,158,4402905.10416115,0.617142857142857,0.311263055313227,-0.178994362484058,"CABA","CABA",1968,14974.359373,"administracion_descentralizada",1,"medio","bajo","grande","mayoria_directa","administracion","medio","CABA","descentralizada","bajo","una_sede","media"
"603|45 - Dirección General de Administración-SSN","45 - Dirección General de Administración-SSN","603","603 - Superintendencia de Seguros de la Nación","administracion","INFORMATICA",FALSE,127,64,5374058.6767816,0.417322834645669,0.458873412757072,-0.208914882847574,"CABA","CABA",1937,27162.620231,"administracion_descentralizada",1,"antiguo","medio","grande","mixto","administracion","antiguo","CABA","descentralizada","medio","una_sede","media"
"604|46/000 - Coordinación de Licitaciones y Contrataciones - DNV","46/000 - Coordinación de Licitaciones y Contrataciones - DNV","604","604 - Dirección Nacional de Vialidad","infraestructura","MANT. REPARACION Y LIMPIEZA",TRUE,720,349,19946628.7112061,0.216666666666667,0.304502769035229,-0.231683307061505,"CABA","CABA",1932,599784.309755,"administracion_descentralizada",24,"antiguo","alto","grande","mixto","infraestructura","antiguo","CABA","descentralizada","alto","distribuido","grande"
"604|46/01 - 19° Bahía Blanca - DNV","46/01 - 19° Bahía Blanca - DNV","604","604 - Dirección Nacional de Vialidad","infraestructura","ELECTRICIDAD Y TELEFONIA",TRUE,501,202,4357417.92775699,0.502994011976048,0.168642676278312,-0.428546731512946,"Bahía Blanca","Buenos Aires",1932,599784.309755,"administracion_descentralizada",24,"antiguo","alto","grande","mayoria_directa","infraestructura","antiguo","Buenos Aires","descentralizada","alto","distribuido","grande"
"604|46/02 - 2° Córdoba - DNV","46/02 - 2° Córdoba - DNV","604","604 - Dirección Nacional de Vialidad","infraestructura","MANT. REPARACION Y LIMPIEZA",TRUE,215,125,5164908.13736783,0.632558139534884,0.068023276681249,-0.40857495306038,"Córdoba","Córdoba",1932,599784.309755,"administracion_descentralizada",24,"antiguo","alto","grande","mayoria_directa","infraestructura","antiguo","Córdoba","descentralizada","alto","distribuido","media"
"604|46/02 - 2° Distrito Córdoba - DNV","46/02 - 2° Distrito Córdoba - DNV","604","604 - Dirección Nacional de Vialidad","infraestructura","ELECTRICIDAD Y TELEFONIA",TRUE,27,27,4397434.17896397,0.888888888888889,0.10862039926828,-0.333498460438343,"Córdoba","Córdoba",1932,599784.309755,"administracion_descentralizada",24,"antiguo","alto","grande","mayoria_directa","infraestructura","antiguo","Córdoba","descentralizada","alto","distribuido","chica"
"604|46/03 - 3° Tucumán - DNV","46/03 - 3° Tucumán - DNV","604","604 - Dirección Nacional de Vialidad","infraestructura","REPUESTOS",TRUE,472,190,2251439.64252792,0.777542372881356,0.0296254506080432,-0.4217653243016,"San Miguel de Tucumán","Tucumán",1932,599784.309755,"administracion_descentralizada",24,"antiguo","alto","media","mayoria_directa","infraestructura","antiguo","Tucumán","descentralizada","alto","distribuido","grande"
"604|46/04 - 4° Mendoza - DNV","46/04 - 4° Mendoza - DNV","604","604 - Dirección Nacional de Vialidad","infraestructura","REPUESTOS",TRUE,899,296,3704135.59308548,0.701890989988877,0.0572515848529645,-0.360169822955024,"Mendoza","Mendoza",1932,599784.309755,"administracion_descentralizada",24,"antiguo","alto","grande","mayoria_directa","infraestructura","antiguo","Mendoza","descentralizada","alto","distribuido","grande"
"604|46/05 - 5° Salta - DNV","46/05 - 5° Salta - DNV","604","604 - Dirección Nacional de Vialidad","infraestructura","ELECTRICIDAD Y TELEFONIA",TRUE,295,168,3207825.96235681,0.647457627118644,0.138782272573877,-0.425701569423551,"Salta","Salta",1932,599784.309755,"administracion_descentralizada",24,"antiguo","alto","media","mayoria_directa","infraestructura","antiguo","Salta","descentralizada","alto","distribuido","media"
"604|46/06 - 6° Jujuy - DNV","46/06 - 6° Jujuy - DNV","604","604 - Dirección Nacional de Vialidad","infraestructura","MANT. REPARACION Y LIMPIEZA",TRUE,469,204,4224234.3861542,0.646055437100213,0.0663632468846554,-0.335952742675119,"San Salvador de Jujuy","Jujuy",1932,599784.309755,"administracion_descentralizada",24,"antiguo","alto","grande","mayoria_directa","infraestructura","antiguo","Jujuy","descentralizada","alto","distribuido","grande"
"604|46/07 - 7° Santa Fe - DNV","46/07 - 7° Santa Fe - DNV","604","604 - Dirección Nacional de Vialidad","infraestructura","ELECTRICIDAD Y TELEFONIA",TRUE,605,283,2097491.62566508,0.611570247933884,0.0530562847774992,-0.428267071150817,"Santa Fe","Santa Fe",1932,599784.309755,"administracion_descentralizada",24,"antiguo","alto","media","mayoria_directa","infraestructura","antiguo","Santa Fe","descentralizada","alto","distribuido","grande"
"604|46/08 - 8° La Rioja - DNV","46/08 - 8° La Rioja - DNV","604","604 - Dirección Nacional de Vialidad","infraestructura","REPUESTOS",TRUE,641,234,1899196.59256355,0.714508580343214,0.0478300137383659,-0.483756686596043,"La Rioja","La Rioja",1932,599784.309755,"administracion_descentralizada",24,"antiguo","alto","media","mayoria_directa","infraestructura","antiguo","La Rioja","descentralizada","alto","distribuido","grande"
"604|46/09 - 9° San Juan - DNV","46/09 - 9° San Juan - DNV","604","604 - Dirección Nacional de Vialidad","infraestructura","ELECTRICIDAD Y TELEFONIA",TRUE,280,168,2970483.84815728,0.689285714285714,0.0802892822749126,-0.359271798835536,"San Juan","San Juan",1932,599784.309755,"administracion_descentralizada",24,"antiguo","alto","media","mayoria_directa","infraestructura","antiguo","San Juan","descentralizada","alto","distribuido","media"
"604|46/10 - 10° Corrientes - DNV","46/10 - 10° Corrientes - DNV","604","604 - Dirección Nacional de Vialidad","infraestructura","MANT. REPARACION Y LIMPIEZA",TRUE,351,165,2491415.8293512,0.666666666666667,0.0843447079419239,-0.371055995484947,"Corrientes","Corrientes",1932,599784.309755,"administracion_descentralizada",24,"antiguo","alto","media","mayoria_directa","infraestructura","antiguo","Corrientes","descentralizada","alto","distribuido","media"
"604|46/11 - 11° Catamarca - DNV","46/11 - 11° Catamarca - DNV","604","604 - Dirección Nacional de Vialidad","infraestructura","REPUESTOS",TRUE,499,197,4741347.60850822,0.653306613226453,0.050576846925906,-0.38712190749646,"San Fernando del Valle de Catamarca","Catamarca",1932,599784.309755,"administracion_descentralizada",24,"antiguo","alto","grande","mayoria_directa","infraestructura","antiguo","Catamarca","descentralizada","alto","distribuido","grande"
"604|46/12 - 12° Neuquen - DNV","46/12 - 12° Neuquen - DNV","604","604 - Dirección Nacional de Vialidad","infraestructura","EQUIPOS",TRUE,365,212,4537666.7262518,0.523287671232877,0.144068530624607,-0.366802670750882,"Neuquén","Neuquén",1932,599784.309755,"administracion_descentralizada",24,"antiguo","alto","grande","mayoria_directa","infraestructura","antiguo","Neuquén","descentralizada","alto","distribuido","media"
"604|46/13 - 13° Chubut - DNV","46/13 - 13° Chubut - DNV","604","604 - Dirección Nacional de Vialidad","infraestructura","MANT. REPARACION Y LIMPIEZA",TRUE,712,288,6672482.43460324,0.509831460674157,0.0288656017286442,-0.237179101336495,"Trelew","Chubut",1932,599784.309755,"administracion_descentralizada",24,"antiguo","alto","grande","mayoria_directa","infraestructura","antiguo","Chubut","descentralizada","alto","distribuido","grande"
"604|46/14 - 14° San Luis - DNV","46/14 - 14° San Luis - DNV","604","604 - Dirección Nacional de Vialidad","infraestructura","REPUESTOS",TRUE,289,158,2957357.25314509,0.602076124567474,0.0916281127815163,-0.327845294543592,"San Luis","San Luis",1932,599784.309755,"administracion_descentralizada",24,"antiguo","alto","media","mayoria_directa","infraestructura","antiguo","San Luis","descentralizada","alto","distribuido","media"
"604|46/15 - 15° Misiones - DNV","46/15 - 15° Misiones - DNV","604","604 - Dirección Nacional de Vialidad","infraestructura","MANT. REPARACION Y LIMPIEZA",TRUE,514,192,2547187.07815876,0.745136186770428,0.0216547034970975,-0.380394246119771,"Posadas","Misiones",1932,599784.309755,"administracion_descentralizada",24,"antiguo","alto","media","mayoria_directa","infraestructura","antiguo","Misiones","descentralizada","alto","distribuido","grande"
"604|46/16 - 16° Santiago del Estero - DNV","46/16 - 16° Santiago del Estero - DNV","604","604 - Dirección Nacional de Vialidad","infraestructura","REPUESTOS",TRUE,442,205,2688821.22913366,0.556561085972851,0.0650281080033581,-0.400278483047154,"Santiago del Estero","Santiago del Estero",1932,599784.309755,"administracion_descentralizada",24,"antiguo","alto","media","mayoria_directa","infraestructura","antiguo","Santiago del Estero","descentralizada","alto","distribuido","grande"
"604|46/17 - 17° Entre Rios - DNV","46/17 - 17° Entre Rios - DNV","604","604 - Dirección Nacional de Vialidad","infraestructura","REPUESTOS",TRUE,749,302,3026512.48342222,0.598130841121495,0.0829847148995284,-0.375850071761535,"Paraná","Entre Ríos",1932,599784.309755,"administracion_descentralizada",24,"antiguo","alto","media","mayoria_directa","infraestructura","antiguo","Entre Ríos","descentralizada","alto","distribuido","grande"
"604|46/18 - 18° Chaco - DNV","46/18 - 18° Chaco - DNV","604","604 - Dirección Nacional de Vialidad","infraestructura","MANT. REPARACION Y LIMPIEZA",TRUE,567,214,2277828.11260241,0.784832451499118,-0.0418717652668922,-0.317832665059187,"Resistencia","Chaco",1932,599784.309755,"administracion_descentralizada",24,"antiguo","alto","media","mayoria_directa","infraestructura","antiguo","Chaco","descentralizada","alto","distribuido","grande"
"604|46/19 - 1° Buenos Aires - DNV","46/19 - 1° Buenos Aires - DNV","604","604 - Dirección Nacional de Vialidad","infraestructura","ELECTRICIDAD Y TELEFONIA",TRUE,429,215,3979406.48540813,0.426573426573427,0.169499880241714,-0.432901487132087,"CABA","CABA",1932,599784.309755,"administracion_descentralizada",24,"antiguo","alto","grande","mixto","infraestructura","antiguo","CABA","descentralizada","alto","distribuido","grande"
"604|46/20 - 20° Río Negro - DNV","46/20 - 20° Río Negro - DNV","604","604 - Dirección Nacional de Vialidad","infraestructura","REPUESTOS",TRUE,516,228,3768686.4232183,0.645348837209302,0.12287675678283,-0.393525017664334,"Viedma","Río Negro",1932,599784.309755,"administracion_descentralizada",24,"antiguo","alto","grande","mayoria_directa","infraestructura","antiguo","Río Negro","descentralizada","alto","distribuido","grande"
"604|46/21 - 21° La Pampa - DNV","46/21 - 21° La Pampa - DNV","604","604 - Dirección Nacional de Vialidad","infraestructura","ELECTRICIDAD Y TELEFONIA",TRUE,521,242,3307907.96477852,0.571976967370441,0.0559626336378082,-0.393408773935307,"Santa Rosa","La Pampa",1932,599784.309755,"administracion_descentralizada",24,"antiguo","alto","media","mayoria_directa","infraestructura","antiguo","La Pampa","descentralizada","alto","distribuido","grande"
"604|46/22 - 22° Formosa - DNV","46/22 - 22° Formosa - DNV","604","604 - Dirección Nacional de Vialidad","infraestructura","ELECTRICIDAD Y TELEFONIA",TRUE,525,200,1850805.279387,0.826666666666667,-0.0314596021582584,-0.420360734753537,"Formosa","Formosa",1932,599784.309755,"administracion_descentralizada",24,"antiguo","alto","media","mayoria_directa","infraestructura","antiguo","Formosa","descentralizada","alto","distribuido","grande"
"604|46/23 - 23° Santa Cruz - DNV","46/23 - 23° Santa Cruz - DNV","604","604 - Dirección Nacional de Vialidad","infraestructura","ELECTRICIDAD Y TELEFONIA",TRUE,554,245,3699348.44856283,0.465703971119134,0.0217614598375704,-0.468123958901257,"Río Gallegos","Santa Cruz",1932,599784.309755,"administracion_descentralizada",24,"antiguo","alto","grande","mixto","infraestructura","antiguo","Santa Cruz","descentralizada","alto","distribuido","grande"
"604|46/24 - 24° Tierra del Fuego - DNV","46/24 - 24° Tierra del Fuego - DNV","604","604 - Dirección Nacional de Vialidad","infraestructura","MANT. REPARACION Y LIMPIEZA",TRUE,502,173,4694308.41867444,0.655378486055777,0.17158972091062,-0.314576201186887,"Ushuaia","Tierra del Fuego",1932,599784.309755,"administracion_descentralizada",24,"antiguo","alto","grande","mayoria_directa","infraestructura","antiguo","Tierra del Fuego","descentralizada","alto","distribuido","grande"
"607|47 - Dpto. de Compras y Servicios- INIDEP","47 - Dpto. de Compras y Servicios- INIDEP","607","607 - Instituto Nacional de Investigación y Desarrollo Pesquero","ciencia_universidad","MANT. REPARACION Y LIMPIEZA",FALSE,1750,430,1768960.98110728,0.697142857142857,0.141919493905333,-0.447463770506757,"Mar del Plata","Buenos Aires",1977,18480.735269,"administracion_descentralizada",1,"medio","medio","media","mayoria_directa","ciencia_universidad","medio","Buenos Aires","descentralizada","medio","una_sede","grande"
"609|49/00 - Instituto Nacional de Vitivinicultura","49/00 - Instituto Nacional de Vitivinicultura","609","609 - Instituto Nacional de Vitivinicultura","administracion","MANT. REPARACION Y LIMPIEZA",FALSE,661,245,1819071.63491807,0.877458396369138,0.00627474335457974,-0.198517811222282,"Mendoza","Mendoza",1959,16065.142363,"administracion_descentralizada",1,"medio","medio","media","mayoria_directa","administracion","medio","Mendoza","descentralizada","medio","una_sede","grande"
"612|160 - Gestión de compras- TTN","160 - Gestión de compras- TTN","612","612 - Tribunal de Tasaciones de la Nación","administracion","INFORMATICA",FALSE,59,36,3034680,0.389830508474576,0.327752366076236,-0.286130482419976,"CABA","CABA",1941,2858.659672,"administracion_descentralizada",1,"antiguo","bajo","media","mixto","administracion","antiguo","CABA","descentralizada","bajo","una_sede","chica"
"613|90 - Departamento de Compras y Licitaciones-ENOHSA","90 - Departamento de Compras y Licitaciones-ENOHSA","613","613 - Ente Nacional de Obras Hídricas de Saneamiento","infraestructura","SERV. PROFESIONAL Y COMERCIAL",FALSE,364,181,910630.594931681,0.876373626373626,0.103979359403485,-0.407669674398899,"CABA","CABA",1991,151964.277771,"administracion_descentralizada",1,"medio","alto","chica","mayoria_directa","infraestructura","medio","CABA","descentralizada","alto","una_sede","media"
"614|50 - Departamento de Compras y Contrataciones","50 - Departamento de Compras y Contrataciones","614","614 - Instituto Nacional de las Semillas","administracion","BAZAR Y MENAJE",FALSE,303,140,4670590.84651282,0.557755775577558,0.380714806224397,-0.255720363749606,"CABA","CABA",1973,21280.45842,"administracion_descentralizada",1,"medio","medio","grande","mayoria_directa","administracion","medio","CABA","descentralizada","medio","una_sede","media"
"620|85/000 - Dirección General de Administracion","85/000 - Dirección General de Administracion","620","620 - Tribunal Fiscal de la Nación","administracion","SERV. PROFESIONAL Y COMERCIAL",FALSE,74,32,3045672.99241717,0.837837837837838,0.270558974570378,-0.175315439760606,"CABA","CABA",1944,10565.821251,"administracion_descentralizada",1,"antiguo","bajo","media","mayoria_directa","administracion","antiguo","CABA","descentralizada","bajo","una_sede","chica"
"622|101 - Departamento de Compras y Contrataciones","101 - Departamento de Compras y Contrataciones","622","622 - Instituto Nacional de la Propiedad Industrial","administracion","ELECTRICIDAD Y TELEFONIA",FALSE,290,156,2536631.87109515,0.713793103448276,0.238388695898039,-0.330792022460972,"CABA","CABA",1992,12432.536494,"administracion_descentralizada",1,"medio","bajo","media","mayoria_directa","administracion","medio","CABA","descentralizada","bajo","una_sede","media"
"623|52 - Coordinación de Compras y Contrataciones - SENASA","52 - Coordinación de Compras y Contrataciones - SENASA","623","623 - Servicio Nacional de Sanidad y Calidad Agroalimentaria","administracion","MANT. REPARACION Y LIMPIEZA",FALSE,1162,391,16235437.9767249,0.281411359724613,0.365663295644622,-0.0844607512757627,"CABA","CABA",1996,164445.307446,"administracion_descentralizada",1,"medio","alto","grande","mixto","administracion","medio","CABA","descentralizada","alto","una_sede","grande"
"624|Servicio Geológico Minero Argentino - Dir. Administración y Finanzas - Compras","Servicio Geológico Minero Argentino - Dir. Administración y Finanzas - Compras","624","624 - Servicio Geológico Minero Argentino","ciencia_universidad","EQUIPOS",FALSE,268,144,5022531.10476839,0.638059701492537,0.441467559982311,-0.187724181827409,"CABA","CABA",1996,10042.851808,"administracion_descentralizada",1,"medio","bajo","grande","mayoria_directa","ciencia_universidad","medio","CABA","descentralizada","bajo","una_sede","media"
"651|55 - Gerencia de Administración- Área de Compras y Contrataciones","55 - Gerencia de Administración- Área de Compras y Contrataciones","651","651 - Ente Nacional Regulador del Gas","administracion","MANT. REPARACION Y LIMPIEZA",FALSE,718,298,3361079.85409164,0.746518105849582,0.247437462300756,-0.249232752618172,"CABA","CABA",1992,50690.365632,"administracion_descentralizada",1,"medio","medio","media","mayoria_directa","administracion","medio","CABA","descentralizada","medio","una_sede","grande"
"652|56 - Compras y Contrataciones - ENRE","56 - Compras y Contrataciones - ENRE","652","652 - Ente Nacional Regulador de la Electricidad","administracion","ALIMENTOS",FALSE,188,124,3034418.78173346,0.617021276595745,0.229175633131346,-0.34336460138482,"CABA","CABA",1992,15999.404395,"administracion_descentralizada",1,"medio","bajo","media","mayoria_directa","administracion","medio","CABA","descentralizada","bajo","una_sede","media"
"656|93 - Sector Compras- ORSEP","93 - Sector Compras- ORSEP","656","656 - Organismo Regulador de Seguridad de Presas","administracion","SERV. PROFESIONAL Y COMERCIAL",FALSE,36,26,9659072.529316,0.611111111111111,0.146666743279412,-0.154728258969181,"CABA","CABA",1995,2270.118016,"administracion_descentralizada",1,"medio","bajo","grande","mayoria_directa","administracion","medio","CABA","descentralizada","bajo","una_sede","chica"
"661|73 - Direccion General de  Administración - CNRT","73 - Direccion General de  Administración - CNRT","661","661 - Comisión Nacional de Regulación de Transporte","administracion","EQUIPOS",FALSE,755,317,3821129.47571665,0.59205298013245,0.248553144295439,-0.367575666523174,"CABA","CABA",1996,32590.512867,"administracion_descentralizada",1,"medio","medio","grande","mayoria_directa","administracion","medio","CABA","descentralizada","medio","una_sede","grande"
"664|58 - Dto de compras y contrataciones  - ORSNA","58 - Dto de compras y contrataciones  - ORSNA","664","664 - Organismo Regulador del Sistema Nacional de Aeropuertos","administracion","ALIMENTOS",FALSE,108,68,820826.874173204,0.703703703703704,0.316890296039535,-0.396237898076882,"CABA","CABA",1997,9450.925796,"administracion_descentralizada",1,"reciente","bajo","chica","mayoria_directa","administracion","reciente","CABA","descentralizada","bajo","una_sede","media"
"664|58/01 - Fideicomiso- ORSNA","58/01 - Fideicomiso- ORSNA","664","664 - Organismo Regulador del Sistema Nacional de Aeropuertos","administracion","SERV. PROFESIONAL Y COMERCIAL",FALSE,54,45,11837236.1805202,0.537037037037037,0.314168334482079,-0.0794124827341044,"CABA","CABA",1997,9450.925796,"administracion_descentralizada",1,"reciente","bajo","grande","mayoria_directa","administracion","reciente","CABA","descentralizada","bajo","una_sede","chica"
"669|327 - Departamento de Compras y Contrataciones- ANAC","327 - Departamento de Compras y Contrataciones- ANAC","669","669 - Administración Nacional de Aviación Civil","administracion","MANT. REPARACION Y LIMPIEZA",FALSE,322,191,7225514.35543499,0.645962732919255,0.313640379061482,-0.243033866901868,"CABA","CABA",2007,55480.553244,"administracion_descentralizada",1,"reciente","medio","grande","mayoria_directa","administracion","reciente","CABA","descentralizada","medio","una_sede","media"
"669|327/1 - Fideicomiso ANAC","327/1 - Fideicomiso ANAC","669","669 - Administración Nacional de Aviación Civil","administracion","EQUIPOS",FALSE,51,45,54570504.5685781,0.215686274509804,0.422443630291137,-0.261894075826469,"CABA","CABA",2007,55480.553244,"administracion_descentralizada",1,"reciente","medio","grande","mixto","administracion","reciente","CABA","descentralizada","medio","una_sede","chica"
"670|368/000 - Dirección General de Administración - UIF","368/000 - Dirección General de Administración - UIF","670","670 - Unidad de Información Financiera","administracion","SERV. PROFESIONAL Y COMERCIAL",FALSE,105,57,10781041.2852363,0.676190476190476,0.376942861711795,-0.085304983105903,"CABA","CABA",2000,8182.486403,"administracion_descentralizada",1,"reciente","bajo","grande","mayoria_directa","administracion","reciente","CABA","descentralizada","bajo","una_sede","media"
"671|436 - MINISTERIO DE ECONOMÍA - JUNTA DE SEGURIDAD EN EL TRANSPORTE - COMPRAS","436 - MINISTERIO DE ECONOMÍA - JUNTA DE SEGURIDAD EN EL TRANSPORTE - COMPRAS","671","671 - JUNTA DE SEGURIDAD EN EL TRANSPORTE","administracion","SERV. PROFESIONAL Y COMERCIAL",FALSE,362,212,4323624.61113641,0.679558011049724,0.213213501016231,-0.151063419660412,"CABA","CABA",2017,13582.412125,"administracion_descentralizada",1,"reciente","bajo","grande","mayoria_directa","administracion","reciente","CABA","descentralizada","bajo","una_sede","media"
"801|87 - Coordinación de Compras; Contrataciones y Servicios Generales - INCAA","87 - Coordinación de Compras; Contrataciones y Servicios Generales - INCAA","801","801 - Instituto Nacional de Cine y Artes Audiovisuales - INCAA","cultura_educacion","SERV. PROFESIONAL Y COMERCIAL",FALSE,369,214,5422998,0.707317073170732,0.180572933260557,-0.161171917803222,"CABA","CABA",1957,NA,"otros_entes",1,"medio","sin_presupuesto","grande","mayoria_directa","cultura_educacion","medio","CABA","otro","sin_presupuesto","una_sede","media"
"802|59 - Compras-FNA","59 - Compras-FNA","802","802 - Fondo Nacional de las Artes","cultura_educacion","ELECTRICIDAD Y TELEFONIA",FALSE,83,67,534230.878311814,0.807228915662651,0.176313572422461,-0.448411673889816,"CABA","CABA",1958,3212.901587,"administracion_descentralizada",1,"medio","bajo","chica","mayoria_directa","cultura_educacion","medio","CABA","descentralizada","bajo","una_sede","chica"
"804|60 - Oficina de Compras y Contrataciones - CONEAU","60 - Oficina de Compras y Contrataciones - CONEAU","804","804 - Comisión Nacional de Evaluación y Acreditación Universitaria","ciencia_universidad","MANT. REPARACION Y LIMPIEZA",FALSE,140,79,3191080.62018013,0.757142857142857,0.277270942713474,-0.30113594153369,"CABA","CABA",1995,4792.245802,"administracion_descentralizada",1,"medio","bajo","media","mayoria_directa","ciencia_universidad","medio","CABA","descentralizada","bajo","una_sede","media"
"850|63/000 - Dirección de Contrataciones - ANSES II","63/000 - Dirección de Contrataciones - ANSES II","850","850 - Administración Nacional de la Seguridad Social","salud_social","ALQUILER",FALSE,967,486,43581735.2522738,0.493278179937952,0.111712943708562,0.425040960034173,"CABA","CABA",1992,41765124.027209,"administracion_descentralizada",1,"medio","alto","grande","mixto","salud_social","medio","CABA","descentralizada","alto","una_sede","grande"
"852|64/000 - Departamento de Compras y Contrataciones- SRT","64/000 - Departamento de Compras y Contrataciones- SRT","852","852 - Superintendencia de Riesgos de Trabajo","administracion","SERV. PROFESIONAL Y COMERCIAL",FALSE,868,363,26368645.1355111,0.453917050691244,0.282010099808756,0.0131353362756078,"CABA","CABA",1995,11187.661185,"administracion_descentralizada",1,"medio","bajo","grande","mixto","administracion","medio","CABA","descentralizada","bajo","una_sede","grande"
"902|65 - División Suministros y Contrataciones","65 - División Suministros y Contrataciones","902","902 - Hospital Nacional en Red Especializado en Salud Mental y Adicciones Licenciada Laura Bonaparte","salud_social","PROD. MEDICO/FARMACEUTICOS/LAB",FALSE,682,277,2733412.58292255,0.585043988269795,0.214115960021662,-0.379552610055473,"CABA","CABA",2011,16815.790654,"administracion_descentralizada",1,"reciente","medio","media","mayoria_directa","salud_social","reciente","CABA","descentralizada","medio","una_sede","grande"
"903|97/000 - Hospital Nacional Dr Baldomero Sommer","97/000 - Hospital Nacional Dr Baldomero Sommer","903","903 - Hospital Nacional Dr Baldomero Sommer","salud_social","PROD. MEDICO/FARMACEUTICOS/LAB",FALSE,1906,451,4053094.34638037,0.448058761804827,0.335746560069294,-0.298199941392443,"General Rodríguez","Buenos Aires",1963,38014.851892,"administracion_descentralizada",1,"medio","medio","grande","mixto","salud_social","medio","Buenos Aires","descentralizada","medio","una_sede","grande"
"904|66/00 - Dirección de Compras; Suministros; Logística y Arquitectura - ANMAT","66/00 - Dirección de Compras; Suministros; Logística y Arquitectura - ANMAT","904","904 - Administración Nacional de Medicamentos; Alimentos y Tecnología Médica - ANMAT","salud_social","MANT. REPARACION Y LIMPIEZA",FALSE,1339,285,4621442.05,0.380881254667662,0.343439776305022,-0.201363061650651,"CABA","CABA",1992,39568.187913,"administracion_descentralizada",1,"medio","medio","grande","mixto","salud_social","medio","CABA","descentralizada","medio","una_sede","grande"
"905|67 - Departamento de compras y contrataciones- INCUCAI","67 - Departamento de compras y contrataciones- INCUCAI","905","905 - Instituto Nacional Central Único Coordinador de Ablación e Implante","salud_social","EQUIPOS",FALSE,516,229,4396555.79467565,0.468992248062016,0.380958235331033,-0.231647678957483,"CABA","CABA",1977,37244.127898,"administracion_descentralizada",1,"medio","medio","grande","mixto","salud_social","medio","CABA","descentralizada","medio","una_sede","grande"
"906|68/00 - Departamento de Administracion de Bienes - ANLIS","68/00 - Departamento de Administracion de Bienes - ANLIS","906","906 - Administración Nacional de Laboratorios e Institutos de Salud “Dr. Carlos Malbrán","salud_social","PROD. MEDICO/FARMACEUTICOS/LAB",FALSE,3975,710,1952897.20732546,0.56251572327044,0.273407961985657,-0.263564413631267,"CABA","CABA",1894,41879.151673,"administracion_descentralizada",1,"antiguo","medio","media","mayoria_directa","salud_social","antiguo","CABA","descentralizada","medio","una_sede","grande"
"908|96 - Dirección General de Administración","96 - Dirección General de Administración","908","908 - Hospital Nacional Dr. Alejandro Posadas","salud_social","PROD. MEDICO/FARMACEUTICOS/LAB",FALSE,1924,412,23168758.145448,0.306652806652807,0.473925020860957,-0.0527058804947639,"El Palomar","Buenos Aires",1957,171976.001208,"administracion_descentralizada",1,"medio","alto","grande","mixto","salud_social","medio","Buenos Aires","descentralizada","alto","una_sede","grande"
"909|HOSPITAL NACIONAL Y COMUNIDAD DR. RAMON CARRILLO","HOSPITAL NACIONAL Y COMUNIDAD DR. RAMON CARRILLO","909","909 - Colonia Nacional Dr. Manuel Montes de Oca","salud_social","PROD. MEDICO/FARMACEUTICOS/LAB",FALSE,927,332,5301444.90775604,0.415318230852211,0.311166129104269,-0.292618909693461,"Torres","Buenos Aires",1908,29483.527121,"administracion_descentralizada",1,"antiguo","medio","grande","mixto","salud_social","antiguo","Buenos Aires","descentralizada","medio","una_sede","grande"
"910|88/00 - Compras - Instituto Nacional de Rehabilitación Psicofísica del Sur","88/00 - Compras - Instituto Nacional de Rehabilitación Psicofísica del Sur","910","910 - Instituto Nacional de Rehabilitación Psicofísica del Sur DR. Juan otimio Tessone","salud_social","PROD. MEDICO/FARMACEUTICOS/LAB",FALSE,774,283,1843640.05243392,0.512919896640827,0.183890093683392,-0.365234440183198,"Mar del Plata","Buenos Aires",1959,11240.829814,"administracion_descentralizada",1,"medio","bajo","media","mayoria_directa","salud_social","medio","Buenos Aires","descentralizada","bajo","una_sede","grande"
"914|71 -   Coordinación de Contrataciones y Patrimonio-SSS","71 -   Coordinación de Contrataciones y Patrimonio-SSS","914","914 - Superintendecia de Servicios de Salud","salud_social","ALQUILER",FALSE,419,222,6730793.82812686,0.64200477326969,0.178039027386353,-0.0476985849361325,"CABA","CABA",1996,117397.556541,"administracion_descentralizada",1,"medio","medio","grande","mayoria_directa","salud_social","medio","CABA","descentralizada","medio","una_sede","grande"
"915|477/000 - Departamento de Compras y Adquisiciones -INC","477/000 - Departamento de Compras y Adquisiciones -INC","915","915 - Instituto Nacional del Cáncer","salud_social","IMPRENTA Y EDITORIALES",FALSE,35,24,7839463.34984054,0.571428571428571,0.366653089679897,-0.0807073240459888,"CABA","CABA",2010,4999.027821,"administracion_descentralizada",1,"reciente","bajo","grande","mayoria_directa","salud_social","reciente","CABA","descentralizada","bajo","una_sede","chica"
"917|483 - Compras","483 - Compras","917","917 - Agencia Nacional de Discapacidad","salud_social","SERV. PROFESIONAL Y COMERCIAL",FALSE,200,123,12751049.1409989,0.215,0.286818431548151,-0.255211874688732,"CABA","CABA",2017,3736523.054502,"administracion_descentralizada",1,"reciente","alto","grande","mixto","salud_social","reciente","CABA","descentralizada","alto","una_sede","media"
"9196|493/00 - COMPRAS DE LA DIRECCION DE OBRA SOCIAL DEL S.P.F","493/00 - COMPRAS DE LA DIRECCION DE OBRA SOCIAL DEL S.P.F","9196","9196 - Dirección de Obra Social del Servicio Penitenciario Federal","seguridad_defensa","PROD. MEDICO/FARMACEUTICOS/LAB",FALSE,28,23,1422628.05469189,0.964285714285714,0.201090191255321,-0.609832381940763,"CABA","CABA",1971,NA,"administracion_descentralizada",1,"medio","sin_presupuesto","chica","mayoria_directa","seguridad_defensa","medio","CABA","descentralizada","sin_presupuesto","una_sede","chica"
