"uoc_id","saf_id","sede_provincia","tipo","rubro_modal","anclado","n_adj","n_sup","acceso","contenido","uA1","uA2","n_sedes","N_distribuido","N_tamano","N_juris","N_fundacion","N_rango","N_presupuesto","S_escala","S_directa"
"101|98/00 - Dir. Compras",101,"Tucumán","ciencia_universidad","ELECTRICIDAD Y TELEFONIA",FALSE,384,194,0.0913760609081057,-0.463123433130391,0.984732340905852,0.104012428752526,1,"una_sede","grande","Tucumán","antiguo","descentralizada","bajo","chica","mayoria_directa"
"103|91/00 - Departamento de Compras; Mantenimiento y Suministros",103,"CABA","ciencia_universidad","ARTICULOS DEL HOGAR",FALSE,107,77,0.179231850231006,-0.428392179902465,1.08178159933574,0.343057649691096,1,"una_sede","media","CABA","medio","descentralizada","alto","media","mayoria_directa"
"105|14 - Compras y Contrataciones - CNEA",105,"CABA","ciencia_universidad","EQUIPOS",FALSE,1214,517,0.259770549017032,-0.379205224828069,0.538777498553331,0.230328672503097,4,"distribuido","grande","CABA","medio","descentralizada","alto","media","mayoria_directa"
"105|14/1 - Centro Atómico Constituyentes - CNEA",105,"Buenos Aires","ciencia_universidad","EQUIPOS",FALSE,838,325,0.322480392035533,-0.320752632840152,0.224936867864109,0.311620818114521,4,"distribuido","grande","Buenos Aires","medio","descentralizada","alto","media","mayoria_directa"
"105|14/2 - Centro Atómico Ezeiza - CNEA",105,"Buenos Aires","ciencia_universidad","EQUIPOS",FALSE,1236,460,0.231725001547306,-0.429728139504836,0.224936867864095,0.311620818114509,4,"distribuido","grande","Buenos Aires","medio","descentralizada","alto","media","mayoria_directa"
"105|14/3 - Centro Atómico Bariloche - CNEA",105,"Río Negro","ciencia_universidad","ELECTRICIDAD Y TELEFONIA",FALSE,1765,476,0.218630194528035,-0.502181570000199,0.358893067840252,0.368102982401941,4,"distribuido","grande","Río Negro","medio","descentralizada","alto","media","mayoria_directa"
"106|15 - Subgerencia de Compras y Contrataciones",106,"CABA","ciencia_universidad","SERV. PROFESIONAL Y COMERCIAL",FALSE,655,333,0.423459730999053,-0.231204310953808,1.26718549707743,0.624638513991149,1,"una_sede","grande","CABA","medio","descentralizada","medio","grande","mixto"
"107|74/00 - ADMINISTRACIÓN DE PARQUES NACIONALES - COORDINACIÓN DE CONTRATACIONES",107,"CABA","administracion","EQUIPOS",TRUE,431,224,0.368325607771122,-0.195448581414183,0.248605053839868,0.461576518421028,48,"distribuido","grande","CABA","antiguo","descentralizada","medio","grande","mixto"
"107|74/003 - Parque Nacional Lanin",107,"Neuquén","administracion","ELECTRICIDAD Y TELEFONIA",TRUE,297,174,0.0510859178694646,-0.433386804958779,0.092795893057066,0.835710986878264,48,"distribuido","media","Neuquén","antiguo","descentralizada","medio","media","mixto"
"107|74/01 - Departamento de Administracion  - Parque Nacional Nahuel Huapi",107,"Río Negro","administracion","EQUIPOS",TRUE,333,167,0.0210343772057132,-0.389754054604758,0.092795893057065,0.835710986878269,48,"distribuido","media","Río Negro","antiguo","descentralizada","medio","grande","mixto"
"107|74/02 - IGUAZU- OFICINA DE ADMINISTRACION",107,"Misiones","administracion","MANT. REPARACION Y LIMPIEZA",TRUE,206,89,-0.00129524760356872,-0.439018178017468,0.0927958930570577,0.835710986878248,48,"distribuido","media","Misiones","antiguo","descentralizada","medio","media","mixto"
"107|74/04 - Parque Nacional Los Alerces",107,"Chubut","administracion","MANT. REPARACION Y LIMPIEZA",TRUE,177,99,-0.0127111137143554,-0.419522541439438,0.0927958930570654,0.835710986878271,48,"distribuido","media","Chubut","antiguo","descentralizada","medio","grande","mixto"
"107|74/05 - Parque Nacional El Rey",107,"Salta","administracion","REPUESTOS",TRUE,46,39,0.162646350991089,-0.589056372767265,0.000951686156486624,0.926919990785585,48,"distribuido","chica","Salta","antiguo","descentralizada","medio","chica","sin_directa"
"107|74/07 - INTENDENCIA TIERRA DEL FUEGO",107,"Tierra del Fuego","administracion","MANT. REPARACION Y LIMPIEZA",TRUE,32,21,0.148780927934712,-0.325108557211171,0.000951686156487084,0.926919990785585,48,"distribuido","chica","Tierra del Fuego","antiguo","descentralizada","medio","media","mixto"
"107|74/09 - INTENDENCIA LAGO PUELO",107,"Chubut","administracion","EQUIPOS",TRUE,111,70,-0.00895217092293344,-0.469703958475209,0.0927958930570652,0.835710986878269,48,"distribuido","media","Chubut","antiguo","descentralizada","medio","chica","mixto"
"107|74/10 - INTENDENCIA EL PALMAR",107,"Entre Ríos","administracion","EQUIPOS",TRUE,219,128,0.0950380007845628,-0.559917638810345,0.0927958930570651,0.835710986878269,48,"distribuido","media","Entre Ríos","antiguo","descentralizada","medio","media","mixto"
"107|74/11 - Dirección Regional Patagonia Norte - APN",107,"Río Negro","administracion","INFORMATICA",TRUE,81,54,-0.0518643787588029,-0.567311889721762,0.000951686156486883,0.926919990785585,48,"distribuido","chica","Río Negro","antiguo","descentralizada","medio","chica","mixto"
"107|74/13 - PARQUE NACIONAL CAMPO DE LOS ALISOS",107,"Tucumán","administracion","MANT. REPARACION Y LIMPIEZA",TRUE,37,26,-0.1268017041881,-0.510847764571544,0.000951686156486883,0.926919990785585,48,"distribuido","chica","Tucumán","antiguo","descentralizada","medio","media","mixto"
"107|74/15 - Parque Nacional Sierra de las Quijadas - Dpto. Administracion",107,"San Luis","administracion","EQUIPOS",TRUE,77,51,0.0676612989018392,-0.569983379216883,0.000951686156486883,0.926919990785585,48,"distribuido","chica","San Luis","antiguo","descentralizada","medio","chica","mixto"
"107|74/16 - Delegación Centro DRC - APN",107,"CABA","administracion","MANT. REPARACION Y LIMPIEZA",TRUE,36,21,-0.14093981481163,-0.226349288481949,0.18083611686955,0.789145680886742,48,"distribuido","chica","CABA","antiguo","descentralizada","medio","media","mixto"
"107|74/17 - Parque Nacional Talampaya",107,"La Rioja","administracion","EQUIPOS",TRUE,167,71,0.000474699038456034,-0.627025929801308,0.0927958930570651,0.835710986878269,48,"distribuido","media","La Rioja","antiguo","descentralizada","medio","media","sin_directa"
"107|74/18 - CENTRO DE FORMACION Y CAPACITACION EMBALSE",107,"Córdoba","administracion","ARTICULOS DEL HOGAR",TRUE,65,49,0.00468061689313374,-0.370551311802743,0.000951686156486883,0.926919990785585,48,"distribuido","chica","Córdoba","antiguo","descentralizada","medio","media","mixto"
"107|74/19 - Parque Nacional El Leoncito",107,"San Juan","administracion","REPUESTOS",TRUE,87,64,-0.0920163790245483,-0.59420156818879,0.000951686156486883,0.926919990785585,48,"distribuido","chica","San Juan","antiguo","descentralizada","medio","chica","mixto"
"107|74/20 - Parque Nacional Quebrada del Condorito",107,"Córdoba","administracion","EQUIPOS",TRUE,129,74,-0.029493651690489,-0.520486198808058,0.0927958930570651,0.835710986878269,48,"distribuido","media","Córdoba","antiguo","descentralizada","medio","media","mixto"
"107|74/21 - Monumento Natural Laguna de los Pozuelos",107,"Jujuy","administracion","EQUIPOS",TRUE,35,27,-0.0508910845213594,-0.481171869725304,0.000951686156486883,0.926919990785585,48,"distribuido","chica","Jujuy","antiguo","descentralizada","medio","media","sin_directa"
"107|74/24 - Direccion Regional NEA",107,"Misiones","administracion","MANT. REPARACION Y LIMPIEZA",TRUE,40,28,-0.0956514499937971,-0.461952781388609,0.000951686156486883,0.926919990785585,48,"distribuido","chica","Misiones","antiguo","descentralizada","medio","chica","sin_directa"
"107|74/25 - Parque Nacional Ciervo de los Pantanos",107,"Buenos Aires","administracion","BAZAR Y MENAJE",TRUE,177,97,0.139096984108126,-0.565704220098882,-0.0411603069190583,0.77922882259082,48,"distribuido","media","Buenos Aires","antiguo","descentralizada","medio","chica","mixto"
"107|74/26 - Parque Nacional Mburucuya",107,"Corrientes","administracion","EQUIPOS",TRUE,105,61,0.0569665702894015,-0.569826521774157,0.0927958930570651,0.835710986878269,48,"distribuido","media","Corrientes","antiguo","descentralizada","medio","chica","sin_directa"
"107|74/27 - Parque Nacional Chaco",107,"Chaco","administracion","FERRETERIA",TRUE,170,101,0.0593381729418853,-0.53078726560023,0.0927958930570651,0.835710986878269,48,"distribuido","media","Chaco","antiguo","descentralizada","medio","chica","mixto"
"107|74/28 - Parque Nacional Río Pilcomayo",107,"Formosa","administracion","EQUIPO DE OFICINA Y MUEBLES",TRUE,179,103,-0.0830889557960625,-0.590975601744293,0.0927958930570651,0.835710986878269,48,"distribuido","media","Formosa","antiguo","descentralizada","medio","chica","sin_directa"
"107|74/29 - Parque Nacional Laguna Blanca",107,"Catamarca","administracion","REPUESTOS",TRUE,87,58,0.0134234589986858,-0.523443750142832,0.000951686156486883,0.926919990785585,48,"distribuido","chica","Catamarca","antiguo","descentralizada","medio","chica","mixto"
"107|74/30 - Parque Nacional Perito Moreno",107,"Santa Cruz","administracion","EQUIPOS",TRUE,58,49,0.161587239122595,-0.610092819949763,0.000951686156486883,0.926919990785585,48,"distribuido","chica","Santa Cruz","antiguo","descentralizada","medio","chica","sin_directa"
"107|74/31 - Parque Nacional Lihué Calel",107,"La Pampa","administracion","ARTICULOS DEL HOGAR",TRUE,158,89,0.0612279934044081,-0.56409778068595,0.0927958930570651,0.835710986878269,48,"distribuido","media","La Pampa","antiguo","descentralizada","medio","chica","mixto"
"107|74/32 - PARQUE NACIONAL MONTE LEÓN",107,"Santa Cruz","administracion","EQUIPOS",TRUE,102,59,-0.0774613992308686,-0.536300916096843,0.0927958930570651,0.835710986878269,48,"distribuido","media","Santa Cruz","antiguo","descentralizada","medio","chica","sin_directa"
"107|74/33 - Monumento Natural Bosques Petrificados",107,"Santa Cruz","administracion","REPUESTOS",TRUE,44,36,0.0862634645270293,-0.661638938553593,0.000951686156486883,0.926919990785585,48,"distribuido","chica","Santa Cruz","antiguo","descentralizada","medio","chica","sin_directa"
"107|74/34 - Direccion de Lucha Contra Incendios Forestales y Emergencias - Administración de Parques Nacionales",107,"CABA","administracion","ELECTRICIDAD Y TELEFONIA",TRUE,360,158,0.169653483070683,-0.489557484504563,0.272680323770128,0.697936676979426,48,"distribuido","media","CABA","antiguo","descentralizada","medio","media","mixto"
"107|74/35 - Parque Nacional Copo",107,"Chaco","administracion","ELECTRICIDAD Y TELEFONIA",TRUE,146,92,-0.148017903055914,-0.532158906164433,0.0927958930570651,0.835710986878269,48,"distribuido","media","Chaco","antiguo","descentralizada","medio","chica","sin_directa"
"107|74/36 - Reserva Natural Formosa",107,"Formosa","administracion","FERRETERIA",TRUE,73,52,-0.0698091082948934,-0.550632311925627,0.000951686156486883,0.926919990785585,48,"distribuido","chica","Formosa","antiguo","descentralizada","medio","chica","sin_directa"
"107|74/37 - Parque Nacional San Guillermo",107,"San Juan","administracion","ARTICULOS DEL HOGAR",TRUE,34,23,-0.0144219279673962,-0.680868643870728,0.000951686156486883,0.926919990785585,48,"distribuido","chica","San Juan","antiguo","descentralizada","medio","media","sin_directa"
"107|74/38 - Parque Interjurisdiccional Marino Costero Patagonia",107,"Chubut","administracion","ARTICULOS DEL HOGAR",TRUE,43,30,-0.0679901549866874,-0.633823663319104,0.000951686156486883,0.926919990785585,48,"distribuido","chica","Chubut","antiguo","descentralizada","medio","chica","sin_directa"
"107|74/40 - RESERVA NATURAL ESTRICTA SAN ANTONIO",107,"Misiones","administracion","INDUMENT TEXTIL Y CONFECCIONES",TRUE,29,22,0.0466723858504394,-0.518807150432069,0.000951686156486883,0.926919990785585,48,"distribuido","chica","Misiones","antiguo","descentralizada","medio","media","mixto"
"107|74/41 - Reserva Nacional Pizarro",107,"Salta","administracion","EQUIPOS",TRUE,30,25,-0.0827849419941092,-0.637947148046771,0.000951686156486883,0.926919990785585,48,"distribuido","chica","Salta","antiguo","descentralizada","medio","chica","mixto"
"107|74/42 - Unidad de Compras - Parque Nacional Campos del Tuyú",107,"Buenos Aires","administracion","REPUESTOS",TRUE,36,29,-0.0446571014755527,-0.588917487604045,-0.133004513819636,0.870437826498137,48,"distribuido","chica","Buenos Aires","antiguo","descentralizada","medio","chica","sin_directa"
"107|74/43 - Parque Nacional Patagonia",107,"Santa Cruz","administracion","EQUIPOS",TRUE,40,32,0.045161705207744,-0.448822820193726,0.000951686156486883,0.926919990785585,48,"distribuido","chica","Santa Cruz","antiguo","descentralizada","medio","media","sin_directa"
"107|74/44 - Parque Nacional el Impenetrable",107,"Chaco","administracion","ALIMENTOS",TRUE,162,61,-0.113630646149264,-0.591702408948946,0.0927958930570651,0.835710986878269,48,"distribuido","media","Chaco","antiguo","descentralizada","medio","chica","sin_directa"
"107|74/45 - Parque Nacional Islas de Santa Fe",107,"Santa Fe","administracion","EQUIPOS",TRUE,79,46,-0.166257540948885,-0.721790034503549,0.000951686156486883,0.926919990785585,48,"distribuido","chica","Santa Fe","antiguo","descentralizada","medio","chica","sin_directa"
"107|74/46 - Parque Nacional Iberá",107,"Corrientes","administracion","EQUIPOS",TRUE,208,101,0.0607050192658119,-0.64851026493196,0.0927958930570651,0.835710986878269,48,"distribuido","media","Corrientes","antiguo","descentralizada","medio","media","sin_directa"
"107|74/47 - Dirección Regional Patagonia Austral - APN",107,"Santa Cruz","administracion","REPUESTOS",TRUE,52,34,-0.041236333488081,-0.547960659583197,0.000951686156486883,0.926919990785585,48,"distribuido","chica","Santa Cruz","antiguo","descentralizada","medio","media","mixto"
"107|74/48 - Parque Interjurisdiccional Marino Makenke",107,"Santa Cruz","administracion","EQUIPO DE OFICINA Y MUEBLES",TRUE,22,20,0.21808972710142,-0.472525014562242,0.000951686156486883,0.926919990785585,48,"distribuido","chica","Santa Cruz","antiguo","descentralizada","medio","chica","sin_directa"
"107|74/49 - Unidad Coordinadora de Proyectos con Financiamiento Externo - UCEFE",107,"CABA","administracion","EQUIPOS",TRUE,33,28,0.576829082365822,-0.375437799382215,0.18083611686955,0.789145680886742,48,"distribuido","chica","CABA","antiguo","descentralizada","medio","grande","sin_directa"
"107|74/50 - Parque Nacional traslasierra",107,"Córdoba","administracion","REPUESTOS",TRUE,57,43,-0.0796701553667671,-0.680325668364208,0.000951686156486883,0.926919990785585,48,"distribuido","chica","Córdoba","antiguo","descentralizada","medio","chica","sin_directa"
"107|74/52 - PARQUE FEDERAL CAMPO SAN JUAN",107,"Misiones","administracion","INDUMENT TEXTIL Y CONFECCIONES",TRUE,69,42,-0.0908205439414092,-0.55904846087996,0.000951686156486883,0.926919990785585,48,"distribuido","chica","Misiones","antiguo","descentralizada","medio","chica","mixto"
"107|74/6 - Parque Nacional Calilegua",107,"Jujuy","administracion","MANT. REPARACION Y LIMPIEZA",TRUE,72,45,0.0650610847064966,-0.589728062325981,0.000951686156486883,0.926919990785585,48,"distribuido","chica","Jujuy","antiguo","descentralizada","medio","media","mixto"
"107|74/8 - Parque Nacional Los Glaciares",107,"Santa Cruz","administracion","MANT. REPARACION Y LIMPIEZA",TRUE,71,43,0.062595604593211,-0.360680740914412,0.000951686156486883,0.926919990785585,48,"distribuido","chica","Santa Cruz","antiguo","descentralizada","medio","grande","mixto"
"108|75 - Instituto Nacional del Agua - Departamente Compras",108,"Buenos Aires","ciencia_universidad","EQUIPOS",FALSE,330,191,0.420173041554482,-0.358629895791488,1.37450302324532,0.570583599964077,1,"una_sede","media","Buenos Aires","medio","descentralizada","bajo","grande","mixto"
"109|76/000 - Gerencia de Administración y Capital Humano - SIGEN",109,"CABA","administracion","MANT. REPARACION Y LIMPIEZA",FALSE,333,175,0.262341764758816,-0.302790708608449,1.29126076700769,0.860998672549558,1,"una_sede","media","CABA","medio","descentralizada","medio","media","mayoria_directa"
"112|16/000 - Dirección General de Administración-ARN",112,"CABA","ciencia_universidad","SERV. PROFESIONAL Y COMERCIAL",FALSE,734,298,0.283794960687644,-0.303256845469416,1.74491892273649,-0.467681739055046,1,"una_sede","grande","CABA","reciente","descentralizada","bajo","media","mixto"
"113|17 - Oficina de Compras- TNC",113,"CABA","cultura_educacion","ELECTRICIDAD Y TELEFONIA",FALSE,731,306,0.138521701357932,-0.494947063614015,1.16461677161887,-0.0337618811462923,1,"una_sede","grande","CABA","antiguo","descentralizada","bajo","chica","mayoria_directa"
"114|18 - Area Compras-INAES",114,"CABA","administracion","MANT. REPARACION Y LIMPIEZA",FALSE,237,141,0.230378108157387,-0.258789454798765,1.29126076700769,0.860998672549558,1,"una_sede","media","CABA","medio","descentralizada","medio","grande","mixto"
"116|92 - Departamento de Compras y Contrataciones- BN",116,"CABA","cultura_educacion","MANT. REPARACION Y LIMPIEZA",FALSE,515,208,0.201769302203432,-0.210719775116582,0.767533884692059,0.337945337050583,1,"una_sede","grande","CABA","antiguo","descentralizada","medio","grande","mayoria_directa"
"117|20 - Dirección General de Administración - INT",117,"CABA","cultura_educacion","SERV. PROFESIONAL Y COMERCIAL",FALSE,81,50,0.212030128606705,-0.298464582680295,1.67714998576617,-0.140112576589321,1,"una_sede","chica","CABA","reciente","descentralizada","bajo","grande","mayoria_directa"
"121|494 - Área de Compras y Contrataciones",121,"CABA","ciencia_universidad","PROD. MEDICO/FARMACEUTICOS/LAB",FALSE,220,88,0.409385347848578,-0.192177855719197,1.68834365393451,0.489291454352683,1,"una_sede","media","CABA","medio","descentralizada","bajo","grande","mixto"
"173|143/000 - AGENCIA NACIONAL DE PROMOCIÓN DE LA INVESTIGACIÓN; EL DESARROLLO TECNOLÓGICO Y LA INNOVACIÓN",173,"CABA","ciencia_universidad","SERV. PROFESIONAL Y COMERCIAL",FALSE,54,31,0.287921317196677,-0.0472047993932775,1.19941656010711,0.952207676456874,1,"una_sede","chica","CABA","medio","descentralizada","medio","grande","mixto"
"200|78/000 - División Compras",200,"CABA","administracion","LIBRERIA PAP. Y UTILES OFICINA",FALSE,297,140,0.516019919901833,-0.065765730051111,0.582129986950366,0.0563644727505277,1,"una_sede","media","CABA","antiguo","descentralizada","alto","grande","mixto"
"201|21/000 - Dirección General de Administración - DNM",201,"CABA","administracion","MANT. REPARACION Y LIMPIEZA",TRUE,623,283,0.230957336350292,-0.11104149724848,0.767533884692059,0.337945337050583,1,"una_sede","grande","CABA","antiguo","descentralizada","medio","grande","mixto"
"202|182 - Departamento de Compras y Contrataciones- INADI",202,"CABA","administracion","SERV. PROFESIONAL Y COMERCIAL",FALSE,118,83,0.163011390406821,-0.0750310525025556,1.68834365393451,0.489291454352683,1,"una_sede","media","CABA","medio","descentralizada","bajo","grande","mayoria_directa"
"203|313/00 - AGENCIA NACIONAL DE SEGURIDAD VIAL - DEP. DE COMPRAS",203,"CABA","administracion","SERV. PROFESIONAL Y COMERCIAL",FALSE,152,87,0.344942753306706,-0.158588377366415,1.37191130573993,0.140385637700239,1,"una_sede","media","CABA","reciente","descentralizada","medio","grande","mixto"
"205|392/000 - Dirección General de Administración - AABE",205,"CABA","administracion","INMUEBLES",FALSE,303,163,0.248704149068934,-0.0859241901426452,1.76899419266675,-0.231321580496637,1,"una_sede","media","CABA","reciente","descentralizada","bajo","grande","mixto"
"206|408 - Centro Internacional - CIPDH",206,"CABA","administracion","SERV. PROFESIONAL Y COMERCIAL",FALSE,42,26,0.227398338102495,0.145404911324474,1.67714998576617,-0.140112576589321,1,"una_sede","chica","CABA","reciente","descentralizada","bajo","grande","mayoria_directa"
"207|454/000 - Subdirección de Compras y Contrataciones",207,"CABA","administracion","MANT. REPARACION Y LIMPIEZA",FALSE,370,207,0.377685207438321,-0.0509649101509502,1.37191130573993,0.140385637700239,1,"una_sede","media","CABA","reciente","descentralizada","medio","grande","mixto"
"208|466/000 - Dirección Nacional de Administración",208,"CABA","administracion","MANT. REPARACION Y LIMPIEZA",FALSE,138,97,0.274878305866272,-0.370484892578604,1.68834365393451,0.489291454352683,1,"una_sede","media","CABA","medio","descentralizada","bajo","grande","mayoria_directa"
"209|490 - Agencia de Acceso a la Información Pública",209,"CABA","administracion","SERV. PROFESIONAL Y COMERCIAL",FALSE,93,53,0.318868604881439,-0.284511117309483,1.67714998576617,-0.140112576589321,1,"una_sede","chica","CABA","reciente","descentralizada","bajo","grande","mayoria_directa"
"250|22 - Dpto de Compras y Suministros - Caja de Retiros Jubilaciones y Pensiones de la Policía Federal",250,"CABA","seguridad_defensa","INFORMATICA",FALSE,301,177,0.222949054184745,-0.51861119377627,0.582129986950366,0.0563644727505277,1,"una_sede","media","CABA","antiguo","descentralizada","alto","media","mixto"
"301|23/000 - Dirección General de Administración - SG",301,"CABA","administracion","BANCOS Y SEGUROS",FALSE,805,317,0.340909818436756,-0.225607098765504,0.968668500654169,-0.727628851483754,1,"una_sede","grande","CABA","antiguo","centralizada","medio","grande","mixto"
"303|24/000 - Dirección General de Administración - SEDRONAR",303,"CABA","salud_social","MANT. REPARACION Y LIMPIEZA",FALSE,413,194,0.127066436996249,-0.269842292659906,1.46832011303955,-0.440935674543189,1,"una_sede","grande","CABA","medio","centralizada","medio","media","mayoria_directa"
"305|79/000 - Dirección General Técnico - Administrativa - JGM",305,"CABA","administracion","SERV. PROFESIONAL Y COMERCIAL",FALSE,905,351,0.257722575879823,-0.106159117740178,1.46832011303955,-0.440935674543189,1,"una_sede","grande","CABA","medio","centralizada","medio","grande","mixto"
"307|26/000 - Dirección de Compras y Contrataciones - MRE",307,"CABA","administracion","SERV. PROFESIONAL Y COMERCIAL",FALSE,844,381,0.20173773759303,-0.365664480319973,0.75918933298222,-1.24556987434222,1,"una_sede","grande","CABA","antiguo","centralizada","alto","grande","mayoria_directa"
"310|80/000 - Dirección General de Administración - MS",310,"CABA","salud_social","PROD. MEDICO/FARMACEUTICOS/LAB",FALSE,966,270,0.597260210749071,0.243311181217901,0.75918933298222,-1.24556987434222,1,"una_sede","grande","CABA","antiguo","centralizada","alto","grande","mixto"
"310|80/12 - Compras y Contrataciones Internacionales - MSYDS",310,"CABA","salud_social","PROD. MEDICO/FARMACEUTICOS/LAB",FALSE,27,22,0.586566835105105,0.052107277283797,0.691420396011898,-0.918000711876494,1,"una_sede","chica","CABA","antiguo","centralizada","alto","grande","sin_directa"
"311|95/000 - Dirección de Administración de Niñez; Adolescencia y Familia - SENNAF",311,"CABA","salud_social","ALIMENTOS",FALSE,1097,412,0.355701761066864,0.196263230946219,1.33949148409984,-1.67948973225097,1,"una_sede","grande","CABA","reciente","centralizada","alto","grande","mixto"
"311|95/1 Dirección de Programas y Proyectos Sectoriales y Especiales de Niñez Adolescencia y Familia",311,"CABA","salud_social","CULTURA",FALSE,29,26,0.403368828498412,-0.254446031168839,1.27172254712952,-1.35192056978525,1,"una_sede","chica","CABA","reciente","centralizada","alto","grande","sin_directa"
"317|262/000 - Dirección General de Administración Y Finanzas - MAD",317,"CABA","administracion","EQUIPOS",FALSE,395,247,0.392494073157888,-0.244516657937752,1.54897065177179,-1.16154870939251,1,"una_sede","grande","CABA","reciente","centralizada","medio","grande","mixto"
"321|27/000 - Dirección de Patrimonio y Suministros - INDEC",321,"CABA","administracion","SERV. PROFESIONAL Y COMERCIAL",FALSE,345,155,0.38435973190271,-0.118898232289433,0.960092480176414,0.475402740895969,1,"una_sede","media","CABA","medio","desconcentrada","medio","grande","mixto"
"322|28 -  Departamento de Compras y Patrimonio- MTU",322,"CABA","administracion","SERV. PROFESIONAL Y COMERCIAL",FALSE,655,368,0.327818769493148,-0.207425397049457,1.54897065177179,-1.16154870939251,1,"una_sede","grande","CABA","reciente","centralizada","medio","grande","mixto"
"323|29/000 - Dirección General de Administracion",323,"CABA","administracion","ALIMENTOS",FALSE,66,40,0.277023492923246,-0.473348288247924,1.26533116020265,0.194904526606409,1,"una_sede","chica","CABA","medio","desconcentrada","bajo","chica","mayoria_directa"
"325|81/100 - DIRECCIÓN GENERAL DE ADMINISTRACIÓN",325,"CABA","administracion","SERV. PROFESIONAL Y COMERCIAL",FALSE,496,260,0.321655890464587,-0.241020115024063,0.75918933298222,-1.24556987434222,1,"una_sede","grande","CABA","antiguo","centralizada","alto","grande","mixto"
"326|30/00 - División Contrataciones - Policia Federal Argentina",326,"CABA","seguridad_defensa","INDUMENT TEXTIL Y CONFECCIONES",FALSE,265,148,0.264107718647737,-0.30619319978457,0.582129986950366,0.0563644727505277,1,"una_sede","media","CABA","antiguo","descentralizada","alto","grande","mixto"
"327|451/000 - Dirección de Contrataciones",327,"CABA","infraestructura","SERV. PROFESIONAL Y COMERCIAL",FALSE,246,142,0.291729225964218,-0.0600152294768101,1.36356675403009,-1.44312957369256,1,"una_sede","media","CABA","reciente","centralizada","alto","grande","mixto"
"328|Dirección de Compras y Contrataciones de Energía",328,"CABA","administracion","SERV. PROFESIONAL Y COMERCIAL",FALSE,52,37,0.252115335705157,-0.136641209873766,0.691420396011898,-0.918000711876494,1,"una_sede","chica","CABA","antiguo","centralizada","alto","grande","mayoria_directa"
"330|82 - DIRECCIÓN GENERAL DE ADMINISTRACIÓN",330,"CABA","cultura_educacion","LIBRERIA PAP. Y UTILES OFICINA",FALSE,846,362,0.419447041006888,0.199582829183274,0.75918933298222,-1.24556987434222,1,"una_sede","grande","CABA","antiguo","centralizada","alto","grande","mixto"
"331|31/000 - Direccion de Contrataciones - SPF",331,"CABA","seguridad_defensa","ARTICULOS DEL HOGAR",FALSE,266,151,0.260219367866233,-0.453310404780402,0.582129986950366,0.0563644727505277,1,"una_sede","media","CABA","antiguo","descentralizada","alto","grande","mixto"
"332|32/000 - Dirección General de Administración - MJyDDHH",332,"CABA","administracion","ELECTRICIDAD Y TELEFONIA",FALSE,462,229,0.222077320944131,-0.462201760084247,0.75918933298222,-1.24556987434222,1,"una_sede","grande","CABA","antiguo","centralizada","alto","grande","mixto"
"336|142/000 –Subsecretaria de Gestión Administrativa de Innovación; Ciencia y Tecnología",336,"CABA","ciencia_universidad","SERV. PROFESIONAL Y COMERCIAL",FALSE,264,147,0.368672999008186,-0.10456567310441,1.57304592170204,-0.925188550834098,1,"una_sede","media","CABA","reciente","centralizada","medio","grande","mixto"
"338|300/000 - Dirección General de Administración - SECLyT",338,"CABA","administracion","SERV. PROFESIONAL Y COMERCIAL",FALSE,210,106,0.386668546216349,-0.235429856219919,1.38982665751124,-0.86297591112222,1,"una_sede","media","CABA","antiguo","centralizada","bajo","grande","mixto"
"341|263 - Unidad Operativa de Compras-SENAF",341,"CABA","salud_social","MANT. REPARACION Y LIMPIEZA",FALSE,177,122,0.18653146196772,-0.178500583828238,1.37191130573993,0.140385637700239,1,"una_sede","media","CABA","reciente","descentralizada","medio","grande","mayoria_directa"
"343|347/000 - Dirección General de Administración - MS",343,"CABA","seguridad_defensa","EQUIPOS",FALSE,713,352,0.382492466869918,-0.292396870968063,1.33949148409984,-1.67948973225097,1,"una_sede","grande","CABA","reciente","centralizada","alto","grande","mixto"
"345|380/000 - COMPRAS Y CONTRATACIONES - CNCPS",345,"CABA","salud_social","SERVICIOS BASICOS",FALSE,86,50,0.395840560928844,-0.136193785153963,1.34598169893489,-0.52570850824291,1,"una_sede","chica","CABA","reciente","desconcentrada","bajo","grande","mixto"
"349|488 - Coordinación de Compras y Contrataciones",349,"CABA","administracion","SERV. PROFESIONAL Y COMERCIAL",FALSE,163,71,0.0644050020391646,-0.0980096259799321,0.85752375471785,-0.182997654241472,1,"una_sede","media","CABA","antiguo","desconcentrada","bajo","grande","mayoria_directa"
"350|33/000 - Dirección General de Administración - MT",350,"CABA","salud_social","ALQUILER",FALSE,835,397,0.194126178792806,0.0411836271327972,0.75918933298222,-1.24556987434222,1,"una_sede","grande","CABA","antiguo","centralizada","alto","grande","mixto"
"357|34/000 - Dirección General de Administración - MHA",357,"CABA","administracion","SERV. PROFESIONAL Y COMERCIAL",FALSE,526,206,0.421345241062185,-0.190216651103538,0.75918933298222,-1.24556987434222,1,"una_sede","grande","CABA","antiguo","centralizada","alto","grande","mixto"
"362|315/000 - Dirección General de Administración - MP",362,"CABA","administracion","SERV. PROFESIONAL Y COMERCIAL",FALSE,442,219,0.22747758826332,0.104578299117068,1.33949148409984,-1.67948973225097,1,"una_sede","grande","CABA","reciente","centralizada","alto","grande","mixto"
"363|334/000 - Coordinación de Compras y Contrataciones - MA",363,"CABA","administracion","SERV. PROFESIONAL Y COMERCIAL",FALSE,211,124,0.383008965030902,-0.132190999296989,1.97012880862886,-1.29689576903097,1,"una_sede","media","CABA","reciente","centralizada","bajo","grande","mixto"
"364|501/000-Ministerio de Obras Públicas",364,"CABA","infraestructura","SERV. PROFESIONAL Y COMERCIAL",FALSE,194,116,0.323953792015937,-0.243346504073304,0.783264602912476,-1.00920971578381,1,"una_sede","media","CABA","antiguo","centralizada","alto","grande","mayoria_directa"
"365|502/000-Dirección de Compras y Contrataciones - MDTYH",365,"CABA","infraestructura","ELECTRICIDAD Y TELEFONIA",FALSE,169,95,0.319927377823737,-0.278687674511435,1.36356675403009,-1.44312957369256,1,"una_sede","media","CABA","reciente","centralizada","alto","grande","mixto"
"368|503 - SECRETARÍA DE COMUNICACIÓN Y MEDIOS - DIRECCIÓN DE COMPRAS; CONTRATACIONES; PATRIMONIO Y SUMINISTROS",368,"CABA","administracion","SERV. PROFESIONAL Y COMERCIAL",FALSE,84,38,0.457609990088675,0.090980670027726,1.79763406299604,-0.485073730274339,1,"una_sede","chica","CABA","medio","centralizada","bajo","grande","mixto"
"370|35/000 - Dirección General de Administración - MD",370,"CABA","seguridad_defensa","ALIMENTOS",FALSE,625,289,0.196192119000025,-0.515474774260742,0.968668500654169,-0.727628851483754,1,"una_sede","grande","CABA","antiguo","centralizada","medio","media","mixto"
"371|72/00 - Dirección Administrativa Financiera- EMCFFAA- Dpto de contrataciones",371,"CABA","seguridad_defensa","ALIMENTOS",FALSE,1034,342,0.177487998839834,-0.656838036236764,-0.0825632329914061,0.0759805867674275,24,"distribuido","grande","CABA","antiguo","desconcentrada","medio","grande","mixto"
"371|84/102 - DISTRITO ELECTORAL - MENDOZA",371,"Mendoza","seguridad_defensa","ELECTRICIDAD Y TELEFONIA",FALSE,66,43,0.081557963977444,-0.61061042865851,-0.330216600674791,0.541324059131996,24,"distribuido","chica","Mendoza","antiguo","desconcentrada","medio","chica","mixto"
"371|84/103 - DISTRITO ELECTORAL - MISIONES",371,"Misiones","seguridad_defensa","REPUESTOS",FALSE,53,35,0.0617342982852955,-0.711840787328976,-0.330216600674791,0.541324059131996,24,"distribuido","chica","Misiones","antiguo","desconcentrada","medio","media","sin_directa"
"371|84/104 - DISTRITO ELECTORAL - NEUQUEN",371,"Neuquén","seguridad_defensa","ELECTRICIDAD Y TELEFONIA",FALSE,45,28,0.118069573579766,-0.623781563381591,-0.330216600674791,0.541324059131996,24,"distribuido","chica","Neuquén","antiguo","desconcentrada","medio","grande","sin_directa"
"371|84/105 - DISTRITO ELECTORAL - SALTA",371,"Salta","seguridad_defensa","ALQUILER",FALSE,144,55,-0.0277134605861802,-0.591358345747513,-0.238372393774213,0.45011505522468,24,"distribuido","media","Salta","antiguo","desconcentrada","medio","grande","sin_directa"
"371|84/109 - COMANDO GENERAL ELECTORAL",371,"CABA","seguridad_defensa","SERV. PROFESIONAL Y COMERCIAL",FALSE,126,61,0.347090071910838,-0.495772558583617,-0.0584879630611498,0.312340745325837,24,"distribuido","media","CABA","antiguo","desconcentrada","medio","grande","mixto"
"371|84/111 - DISTRITO ELECTORAL - RIO NEGRO",371,"Río Negro","seguridad_defensa","SERV. PROFESIONAL Y COMERCIAL",FALSE,58,27,0.105512540583699,-0.480419062400463,-0.330216600674791,0.541324059131996,24,"distribuido","chica","Río Negro","antiguo","desconcentrada","medio","grande","mixto"
"371|84/112 - DISTRITO ELECTORAL - SAN LUIS",371,"San Luis","seguridad_defensa","REPUESTOS",FALSE,63,42,0.0593234855306022,-0.659248592279143,-0.330216600674791,0.541324059131996,24,"distribuido","chica","San Luis","antiguo","desconcentrada","medio","chica","mayoria_directa"
"371|84/113 - DISTRITO ELECTORAL - SANTIAGO DEL ESTERO",371,"Santiago del Estero","seguridad_defensa","ELEMENTOS DE LIMPIEZA",FALSE,65,45,-0.0753147448815619,-0.641305865391206,-0.330216600674791,0.541324059131996,24,"distribuido","chica","Santiago del Estero","antiguo","desconcentrada","medio","chica","mayoria_directa"
"371|84/114 - DISTRITO ELECTORAL - TIERRA DEL FUEGO",371,"Tierra del Fuego","seguridad_defensa","ELECTRICIDAD Y TELEFONIA",FALSE,40,26,-0.0243673328269016,-0.555243829109063,-0.330216600674791,0.541324059131996,24,"distribuido","chica","Tierra del Fuego","antiguo","desconcentrada","medio","chica","sin_directa"
"371|84/115 - DISTRITO ELECTORAL - SANTA CRUZ",371,"Santa Cruz","seguridad_defensa","ELECTRICIDAD Y TELEFONIA",FALSE,59,35,-0.00183562270964158,-0.600067301127645,-0.330216600674791,0.541324059131996,24,"distribuido","chica","Santa Cruz","antiguo","desconcentrada","medio","chica","sin_directa"
"371|84/116 - DISTRITO ELECTORAL - SANTA FE",371,"Santa Fe","seguridad_defensa","SERV. PROFESIONAL Y COMERCIAL",FALSE,107,43,0.218150260009849,-0.422999466434425,-0.238372393774213,0.45011505522468,24,"distribuido","media","Santa Fe","antiguo","desconcentrada","medio","media","sin_directa"
"371|84/118 - DISTRITO ELECTORAL - CABA",371,"CABA","seguridad_defensa","ELECTRICIDAD Y TELEFONIA",FALSE,48,35,0.155502299255393,-0.650281550505492,-0.150332169961728,0.403549749233153,24,"distribuido","chica","CABA","antiguo","desconcentrada","medio","media","mixto"
"371|84/119 - DISTRITO ELECTORAL - CATAMARCA",371,"Catamarca","seguridad_defensa","REPUESTOS",FALSE,48,33,0.0213429953223238,-0.601456200533007,-0.330216600674791,0.541324059131996,24,"distribuido","chica","Catamarca","antiguo","desconcentrada","medio","chica","sin_directa"
"371|84/120 - DISTRITO ELECTORAL - CHACO",371,"Chaco","seguridad_defensa","REPUESTOS",FALSE,60,44,0.027151264566741,-0.709790438919268,-0.330216600674791,0.541324059131996,24,"distribuido","chica","Chaco","antiguo","desconcentrada","medio","chica","mixto"
"371|84/121 - DISTRITO ELECTORAL - CHUBUT",371,"Chubut","seguridad_defensa","ELECTRICIDAD Y TELEFONIA",FALSE,60,28,0.192833002371021,-0.72353072885182,-0.330216600674791,0.541324059131996,24,"distribuido","chica","Chubut","antiguo","desconcentrada","medio","media","mixto"
"371|84/122 - DISTRITO ELECTORAL - CORDOBA",371,"Córdoba","seguridad_defensa","ELECTRICIDAD Y TELEFONIA",FALSE,66,40,0.12161730050781,-0.633972693524154,-0.330216600674791,0.541324059131996,24,"distribuido","chica","Córdoba","antiguo","desconcentrada","medio","media","mixto"
"371|84/123 - DISTRITO ELECTORAL - CORRIENTES",371,"Corrientes","seguridad_defensa","ELECTRICIDAD Y TELEFONIA",FALSE,65,39,0.106122911372141,-0.71314127662008,-0.330216600674791,0.541324059131996,24,"distribuido","chica","Corrientes","antiguo","desconcentrada","medio","chica","sin_directa"
"371|84/124 - DISTRITO ELECTORAL - ENTRE RIOS",371,"Entre Ríos","seguridad_defensa","ELECTRICIDAD Y TELEFONIA",FALSE,64,32,0.0869150477817437,-0.656156545300598,-0.330216600674791,0.541324059131996,24,"distribuido","chica","Entre Ríos","antiguo","desconcentrada","medio","media","sin_directa"
"371|84/126 - SUBDISTRITO ELECTORAL TIGRE",371,"Buenos Aires","seguridad_defensa","REPUESTOS",FALSE,51,28,0.213983769698457,-0.712826178497248,-0.464172800650914,0.484841894844548,24,"distribuido","chica","Buenos Aires","antiguo","desconcentrada","medio","media","sin_directa"
"371|84/127 - SUBDISTRITO ELECTORAL BAHIA BLANCA",371,"Buenos Aires","seguridad_defensa","ELECTRICIDAD Y TELEFONIA",FALSE,38,24,-0.00264334891768552,-0.533245957879548,-0.464172800650914,0.484841894844548,24,"distribuido","chica","Buenos Aires","antiguo","desconcentrada","medio","media","sin_directa"
"372|36 - Departamento de Compras y Contrataciones - CITEDEF",372,"Buenos Aires","seguridad_defensa","MANT. REPARACION Y LIMPIEZA",FALSE,136,89,0.169785697033085,-0.458576332117417,1.37450302324532,0.570583599964077,1,"una_sede","media","Buenos Aires","medio","descentralizada","bajo","grande","mayoria_directa"
"374|84/03 - Comando de la 1ra División de Ejército",374,"CABA","seguridad_defensa","ALIMENTOS",TRUE,846,163,-0.0230583393615119,-0.761698096062848,-0.292042400663355,-0.441960436091038,21,"distribuido","grande","CABA","antiguo","desconcentrada","alto","chica","sin_directa"
"374|84/04 - Comando de la 2da División de Ejército",374,"Santa Fe","seguridad_defensa","ELECTRICIDAD Y TELEFONIA",TRUE,248,107,-0.00233882972730571,-0.695395332436233,-0.447851561446162,-0.067825967633785,21,"distribuido","media","Santa Fe","antiguo","desconcentrada","alto","chica","mixto"
"374|84/05 - Comando de la 3ra División de Ejército",374,"Entre Ríos","seguridad_defensa","ALIMENTOS",TRUE,385,80,0.0324214600806572,-0.691935249326288,-0.471926831376419,-0.304186126192194,21,"distribuido","grande","Entre Ríos","antiguo","desconcentrada","alto","grande","sin_directa"
"374|84/06 - Dirección General de Salud",374,"CABA","seguridad_defensa","PROD. MEDICO/FARMACEUTICOS/LAB",TRUE,967,195,0.356013589329912,-0.500740167810755,-0.292042400663355,-0.441960436091038,21,"distribuido","grande","CABA","antiguo","desconcentrada","alto","grande","sin_directa"
"374|84/07 - Dirección de Aviación de Ejercito - Ejercito Argentino",374,"Buenos Aires","seguridad_defensa","REPUESTOS",TRUE,1130,284,0.190679835527914,-0.666877529210254,-0.605883031352542,-0.360668290479643,21,"distribuido","grande","Buenos Aires","antiguo","desconcentrada","alto","chica","mixto"
"374|84/08 - Hospital General 602 Campo de Mayo",374,"Buenos Aires","seguridad_defensa","SERV. PROFESIONAL Y COMERCIAL",TRUE,695,178,0.270528519630283,-0.611625484468648,-0.605883031352542,-0.360668290479643,21,"distribuido","grande","Buenos Aires","antiguo","desconcentrada","alto","grande","mixto"
"374|84/11 - Liceo Militar General San Martin",374,"CABA","seguridad_defensa","ALIMENTOS",TRUE,455,150,0.0130742552703548,-0.749010229787042,-0.292042400663355,-0.441960436091038,21,"distribuido","grande","CABA","antiguo","desconcentrada","alto","media","mixto"
"374|84/12 - Dirección de Ingenieros e Infraestructura",374,"CABA","seguridad_defensa","MANT. REPARACION Y LIMPIEZA",TRUE,499,129,0.273603430872918,-0.574361793246553,-0.292042400663355,-0.441960436091038,21,"distribuido","grande","CABA","antiguo","desconcentrada","alto","grande","mixto"
"374|84/128 - Dirección General de Intendencia",374,"CABA","seguridad_defensa","INDUMENT TEXTIL Y CONFECCIONES",TRUE,583,131,0.279426177000229,-0.658254458375201,-0.292042400663355,-0.441960436091038,21,"distribuido","grande","CABA","antiguo","desconcentrada","alto","grande","mixto"
"374|84/129 - Dirección de Arsenales",374,"Buenos Aires","seguridad_defensa","REPUESTOS",TRUE,1319,222,0.132694481644328,-0.712272659435979,-0.605883031352542,-0.360668290479643,21,"distribuido","grande","Buenos Aires","antiguo","desconcentrada","alto","media","mixto"
"374|84/13 - Dirección de Remonta y Veterinaria",374,"CABA","seguridad_defensa","INMUEBLES",TRUE,2230,381,0.126541775291739,-0.559599252090959,-0.292042400663355,-0.441960436091038,21,"distribuido","grande","CABA","antiguo","desconcentrada","alto","grande","mixto"
"374|84/134 - Comando de Adiestramiento y Alistamiento",374,"Buenos Aires","seguridad_defensa","BAZAR Y MENAJE",TRUE,1104,275,0.0536896497395262,-0.783469538290237,-0.605883031352542,-0.360668290479643,21,"distribuido","grande","Buenos Aires","antiguo","desconcentrada","alto","chica","mixto"
"374|84/135 - Dirección General de Material",374,"CABA","seguridad_defensa","ALIMENTOS",TRUE,511,215,0.220271959217144,-0.644603369309867,-0.292042400663355,-0.441960436091038,21,"distribuido","grande","CABA","antiguo","desconcentrada","alto","chica","mixto"
"374|84/136 COMANDO GUARNICIÓN MILITAR BUENOS AIRES",374,"CABA","seguridad_defensa","BAZAR Y MENAJE",TRUE,437,134,0.0578808341604913,-0.790032811010608,-0.292042400663355,-0.441960436091038,21,"distribuido","grande","CABA","antiguo","desconcentrada","alto","chica","mixto"
"374|84/138 - Comando de la Fuerza de Despliegue Rápido",374,"Buenos Aires","seguridad_defensa","ELECTRICIDAD Y TELEFONIA",TRUE,238,96,0.0355289008979096,-0.746205555460687,-0.581807761422286,-0.124308131921233,21,"distribuido","media","Buenos Aires","antiguo","desconcentrada","alto","media","mixto"
"374|84/140 - Comando de Brigada de Monte III",374,"Chaco","seguridad_defensa","ALIMENTOS",TRUE,1007,175,-0.0467175500552491,-0.767255784950119,-0.471926831376419,-0.304186126192194,21,"distribuido","grande","Chaco","antiguo","desconcentrada","alto","media","mixto"
"374|84/141 - Jefatura Agrupación de Ingenieros 601",374,"Buenos Aires","seguridad_defensa","ELEMENTOS DE LIMPIEZA",TRUE,91,62,0.121899701040871,-0.761145331611173,-0.673651968322864,-0.0330991280139174,21,"distribuido","chica","Buenos Aires","antiguo","desconcentrada","alto","chica","mayoria_directa"
"374|84/142 - Regimiento de Artillería 1",374,"Buenos Aires","seguridad_defensa","ELEMENTOS DE LIMPIEZA",TRUE,143,35,0.0511614808080243,-0.836827206101908,-0.581807761422286,-0.124308131921233,21,"distribuido","media","Buenos Aires","antiguo","desconcentrada","alto","media","mayoria_directa"
"374|84/143-JEFATURA DE AGRUPACION DE ARTILLERIA DE CAMPAÑA 601",374,"Buenos Aires","seguridad_defensa","ALIMENTOS",TRUE,299,54,-0.00731940804864368,-0.770210932255924,-0.581807761422286,-0.124308131921233,21,"distribuido","media","Buenos Aires","antiguo","desconcentrada","alto","chica","sin_directa"
"374|84/144-REGIMIENTO DE INFANTERIA 4",374,"Corrientes","seguridad_defensa","ELEMENTOS DE LIMPIEZA",TRUE,40,23,0.12462753859875,-0.716138684783606,-0.53969576834674,0.023383036273531,21,"distribuido","chica","Corrientes","antiguo","desconcentrada","alto","chica","sin_directa"
"374|84/147 - ESCUELA MILITAR DE MONTE",374,"CABA","seguridad_defensa","ALIMENTOS",TRUE,338,94,-0.115315250717105,-0.768312531694899,-0.267967130733099,-0.205600277532628,21,"distribuido","media","CABA","antiguo","desconcentrada","alto","chica","sin_directa"
"374|84/148 ESCUELA DE TROPAS AEROTRANSPORTADAS Y OPERACIONES ESPECIALES",374,"Buenos Aires","seguridad_defensa","BAZAR Y MENAJE",TRUE,99,47,0.0136330786018976,-0.737160532406397,-0.581807761422286,-0.124308131921233,21,"distribuido","media","Buenos Aires","antiguo","desconcentrada","alto","chica","sin_directa"
"374|84/15 - Comando de Brigada Blindada I",374,"Buenos Aires","seguridad_defensa","ELECTRICIDAD Y TELEFONIA",TRUE,808,170,0.0320361561314381,-0.7472771799519,-0.605883031352542,-0.360668290479643,21,"distribuido","grande","Buenos Aires","antiguo","desconcentrada","alto","chica","mixto"
"374|84/16 - Comando Brigada Blindada II",374,"Entre Ríos","seguridad_defensa","ELECTRICIDAD Y TELEFONIA",TRUE,909,205,0.0519932592803109,-0.73074708884856,-0.471926831376419,-0.304186126192194,21,"distribuido","grande","Entre Ríos","antiguo","desconcentrada","alto","media","sin_directa"
"374|84/17 - Comando Brigada de Montaña V",374,"Salta","seguridad_defensa","ALIMENTOS",TRUE,1383,233,0.00885980843865522,-0.728402144745329,-0.471926831376419,-0.304186126192194,21,"distribuido","grande","Salta","antiguo","desconcentrada","alto","media","mixto"
"374|84/18 - Comando de la Brigada de Montaña VI",374,"Neuquén","seguridad_defensa","ALIMENTOS",TRUE,487,121,-0.0265829780560822,-0.717574133398809,-0.471926831376419,-0.304186126192194,21,"distribuido","grande","Neuquén","antiguo","desconcentrada","alto","grande","mixto"
"374|84/19 - Comando Brigada de Montaña VIII",374,"Mendoza","seguridad_defensa","ALIMENTOS",TRUE,659,138,0.089292358248031,-0.719144029041743,-0.471926831376419,-0.304186126192194,21,"distribuido","grande","Mendoza","antiguo","desconcentrada","alto","media","mixto"
"374|84/20 - Comando Brigada Mecanizada IX",374,"Chubut","seguridad_defensa","ALIMENTOS",TRUE,599,114,0.00905414862155138,-0.779957121043549,-0.471926831376419,-0.304186126192194,21,"distribuido","grande","Chubut","antiguo","desconcentrada","alto","media","mixto"
"374|84/21 - Comando Brigada Mecanizada XI",374,"Santa Cruz","seguridad_defensa","ELECTRICIDAD Y TELEFONIA",TRUE,760,193,-0.0884112378538963,-0.726441031558278,-0.471926831376419,-0.304186126192194,21,"distribuido","grande","Santa Cruz","antiguo","desconcentrada","alto","media","mixto"
"374|84/22 - Comando de Brigada de Monte XII",374,"Misiones","seguridad_defensa","ALIMENTOS",TRUE,904,222,-0.0477005899250407,-0.726679268074976,-0.471926831376419,-0.304186126192194,21,"distribuido","grande","Misiones","antiguo","desconcentrada","alto","media","sin_directa"
"374|84/23 - Escuela de Suboficiales del Ejercito Sargento Cabral - Estado Mayor General del Ejercito",374,"Buenos Aires","seguridad_defensa","ELECTRICIDAD Y TELEFONIA",TRUE,886,229,0.0903378490390044,-0.741574840784466,-0.605883031352542,-0.360668290479643,21,"distribuido","grande","Buenos Aires","antiguo","desconcentrada","alto","chica","mixto"
"374|84/24 - Colegio Militar de la Nación - Compras y Contrataciones",374,"Buenos Aires","seguridad_defensa","ELECTRICIDAD Y TELEFONIA",TRUE,1074,200,-0.0176825137711783,-0.78906064376359,-0.605883031352542,-0.360668290479643,21,"distribuido","grande","Buenos Aires","antiguo","desconcentrada","alto","media","mixto"
"374|84/26 - Hospital Militar Central 601",374,"CABA","seguridad_defensa","PROD. MEDICO/FARMACEUTICOS/LAB",TRUE,1912,323,0.294279095997535,-0.615069826080464,-0.292042400663355,-0.441960436091038,21,"distribuido","grande","CABA","antiguo","desconcentrada","alto","grande","mixto"
"374|84/28 - Jefatura Agrupación Artillería Antiaérea Ej. 601 - EC",374,"Buenos Aires","seguridad_defensa","ELECTRICIDAD Y TELEFONIA",TRUE,634,145,0.0316258538374871,-0.734246771864201,-0.605883031352542,-0.360668290479643,21,"distribuido","grande","Buenos Aires","antiguo","desconcentrada","alto","chica","mixto"
"374|84/29 - Liceo Militar General Espejo",374,"Mendoza","seguridad_defensa","ALIMENTOS",TRUE,315,120,-0.0037909011383106,-0.65943054508975,-0.447851561446162,-0.067825967633785,21,"distribuido","media","Mendoza","antiguo","desconcentrada","alto","media","mixto"
"374|84/30 - Liceo Militar General Paz",374,"Córdoba","seguridad_defensa","ALIMENTOS",TRUE,624,163,0.0448209124847584,-0.726579722780914,-0.471926831376419,-0.304186126192194,21,"distribuido","grande","Córdoba","antiguo","desconcentrada","alto","media","mixto"
"374|84/31 - Liceo Militar General Belgrano",374,"Santa Fe","seguridad_defensa","BAZAR Y MENAJE",TRUE,499,144,-0.0546805493257267,-0.683223361288743,-0.471926831376419,-0.304186126192194,21,"distribuido","grande","Santa Fe","antiguo","desconcentrada","alto","media","mixto"
"374|84/32 - Liceo Militar General Araoz de Lamadrid",374,"Tucumán","seguridad_defensa","ALIMENTOS",TRUE,308,108,-0.00457173692544823,-0.656789891010407,-0.447851561446162,-0.067825967633785,21,"distribuido","media","Tucumán","antiguo","desconcentrada","alto","media","sin_directa"
"374|84/33 - DIRECCION DE INTELIGENCIA OPERACIONAL",374,"CABA","seguridad_defensa","ELECTRICIDAD Y TELEFONIA",TRUE,455,106,0.064281454548182,-0.816571727877628,-0.292042400663355,-0.441960436091038,21,"distribuido","grande","CABA","antiguo","desconcentrada","alto","chica","mixto"
"374|84/34 - Regimiento de Granaderos a Caballo",374,"CABA","seguridad_defensa","ELEMENTOS DE LIMPIEZA",TRUE,247,70,0.0308291655067458,-0.820751399754923,-0.267967130733099,-0.205600277532628,21,"distribuido","media","CABA","antiguo","desconcentrada","alto","chica","mixto"
"374|84/35 - Instituto Social Militar Dámaso Centeno",374,"CABA","seguridad_defensa","MANT. REPARACION Y LIMPIEZA",TRUE,285,115,0.0901474814143031,-0.561261418191078,-0.267967130733099,-0.205600277532628,21,"distribuido","media","CABA","antiguo","desconcentrada","alto","grande","sin_directa"
"374|84/36 - Escuela Militar de Montaña",374,"Neuquén","seguridad_defensa","ALIMENTOS",TRUE,392,98,-0.0343237021209717,-0.726499228372067,-0.471926831376419,-0.304186126192194,21,"distribuido","grande","Neuquén","antiguo","desconcentrada","alto","chica","mixto"
"374|84/37 - Hospital Militar Regional Córdoba",374,"Córdoba","seguridad_defensa","MANT. REPARACION Y LIMPIEZA",TRUE,691,155,0.197032934557339,-0.618764886552915,-0.471926831376419,-0.304186126192194,21,"distribuido","grande","Córdoba","antiguo","desconcentrada","alto","media","sin_directa"
"374|84/39 - Comando Brigada Paracaidista IV",374,"Córdoba","seguridad_defensa","ELECTRICIDAD Y TELEFONIA",TRUE,879,179,0.0637304627555205,-0.719844182467952,-0.471926831376419,-0.304186126192194,21,"distribuido","grande","Córdoba","antiguo","desconcentrada","alto","chica","mixto"
"374|84/40 - Comando Brigada Mecanizada X",374,"Buenos Aires","seguridad_defensa","ELECTRICIDAD Y TELEFONIA",TRUE,437,95,-0.0322411097138962,-0.655448944647423,-0.605883031352542,-0.360668290479643,21,"distribuido","grande","Buenos Aires","antiguo","desconcentrada","alto","grande","mixto"
"374|84/41 - Contaduría general del Ejercito",374,"CABA","seguridad_defensa","ALIMENTOS",TRUE,187,76,0.138489165166669,-0.633231478165335,-0.267967130733099,-0.205600277532628,21,"distribuido","media","CABA","antiguo","desconcentrada","alto","media","mixto"
"374|84/42 - CENTRO DE EDUCACION OPERACIONAL DUQUE DE CAXIAS",374,"Buenos Aires","seguridad_defensa","ELECTRICIDAD Y TELEFONIA",TRUE,61,40,0.131485627804202,-0.736700344515381,-0.673651968322864,-0.0330991280139174,21,"distribuido","chica","Buenos Aires","antiguo","desconcentrada","alto","chica","mixto"
"374|84/48 - Batallón de Ingenieros Anfibios 121",374,"Corrientes","seguridad_defensa","LIBRERIA PAP. Y UTILES OFICINA",TRUE,675,152,0.00169554038184756,-0.729818437473365,-0.471926831376419,-0.304186126192194,21,"distribuido","grande","Corrientes","antiguo","desconcentrada","alto","chica","sin_directa"
"374|84/71 - Liceo Militar General Roca",374,"Chubut","seguridad_defensa","ALIMENTOS",TRUE,423,90,-0.0572557382492588,-0.743766455962683,-0.471926831376419,-0.304186126192194,21,"distribuido","grande","Chubut","antiguo","desconcentrada","alto","media","sin_directa"
"374|84/74 - Sastrería Militar",374,"CABA","seguridad_defensa","INDUMENT TEXTIL Y CONFECCIONES",TRUE,294,90,0.211817206812085,-0.636655056492153,-0.267967130733099,-0.205600277532628,21,"distribuido","media","CABA","antiguo","desconcentrada","alto","media","mixto"
"374|84/77 - Departamento Contaduría y Finanzas (EMGE)",374,"CABA","seguridad_defensa","ALIMENTOS",TRUE,2940,506,0.165316646742813,-0.675130832246433,-0.292042400663355,-0.441960436091038,21,"distribuido","grande","CABA","antiguo","desconcentrada","alto","media","mixto"
"374|84/81 - Jefatura Agrupación Comunicaciones 601",374,"CABA","seguridad_defensa","ELECTRICIDAD Y TELEFONIA",TRUE,397,98,0.0435047530292348,-0.73898812146177,-0.292042400663355,-0.441960436091038,21,"distribuido","grande","CABA","antiguo","desconcentrada","alto","chica","mixto"
"374|84/88 - DIRECCION DE EDUCACION OPERACIONAL",374,"CABA","seguridad_defensa","BAZAR Y MENAJE",TRUE,783,199,0.0240099406868844,-0.787102420258881,-0.292042400663355,-0.441960436091038,21,"distribuido","grande","CABA","antiguo","desconcentrada","alto","chica","mixto"
"374|84/89 - Dirección General de Educación",374,"CABA","seguridad_defensa","MANT. REPARACION Y LIMPIEZA",TRUE,1004,315,0.0142339449757819,-0.742831046257453,-0.292042400663355,-0.441960436091038,21,"distribuido","grande","CABA","antiguo","desconcentrada","alto","chica","sin_directa"
"374|84/98 - Regimiento de Infantería 1 Patricios",374,"CABA","seguridad_defensa","BAZAR Y MENAJE",TRUE,288,121,0.00434133065524499,-0.750125928597127,-0.267967130733099,-0.205600277532628,21,"distribuido","media","CABA","antiguo","desconcentrada","alto","chica","sin_directa"
"374|84/99 - Hospital Militar Regional Mendoza",374,"Mendoza","seguridad_defensa","PROD. MEDICO/FARMACEUTICOS/LAB",TRUE,697,145,0.218048143329759,-0.622003569540832,-0.471926831376419,-0.304186126192194,21,"distribuido","grande","Mendoza","antiguo","desconcentrada","alto","grande","sin_directa"
"375|37/000 - Departamento Contrataciones",375,"CABA","seguridad_defensa","INDUMENT TEXTIL Y CONFECCIONES",TRUE,89,49,0.368894325439441,-0.361354793078891,-0.359811337633677,-0.114391273625312,87,"distribuido","chica","CABA","antiguo","desconcentrada","alto","grande","mixto"
"375|37/001 - Unidad Tecnica Administrativa Contable DNG",375,"CABA","seguridad_defensa","ALIMENTOS",TRUE,317,99,0.100224915136408,-0.581943320860788,-0.267967130733099,-0.205600277532628,87,"distribuido","media","CABA","antiguo","desconcentrada","alto","grande","mixto"
"375|37/002 - Unidad Tecnica Administrativa Contable Digeapoyo",375,"CABA","seguridad_defensa","INDUMENT TEXTIL Y CONFECCIONES",TRUE,247,106,0.257617235094485,-0.547580636870765,-0.267967130733099,-0.205600277532628,87,"distribuido","media","CABA","antiguo","desconcentrada","alto","grande","mixto"
"375|37/003 - Centro Asistencial Buenos Aires",375,"CABA","seguridad_defensa","BAZAR Y MENAJE",TRUE,249,117,0.0691439530936982,-0.498455061237383,-0.267967130733099,-0.205600277532628,87,"distribuido","media","CABA","antiguo","desconcentrada","alto","grande","mixto"
"375|37/004 - Unidad De Inteligencia Buenos Aires Sur",375,"CABA","seguridad_defensa","ELEMENTOS DE LIMPIEZA",TRUE,65,39,0.181415204401875,-0.566459888115695,-0.359811337633677,-0.114391273625312,87,"distribuido","chica","CABA","antiguo","desconcentrada","alto","media","mayoria_directa"
"375|37/005 - Escuela De  Gendarmería Nacional Grl D. M.M. De Güemes",375,"Buenos Aires","seguridad_defensa","ALIMENTOS",TRUE,282,138,0.105921058877014,-0.690206195699714,-0.581807761422286,-0.124308131921233,87,"distribuido","media","Buenos Aires","antiguo","desconcentrada","alto","grande","mayoria_directa"
"375|37/006 - Escuela Superior De Gn Grl Br D. M.M. Calderón",375,"Buenos Aires","seguridad_defensa","MANT. REPARACION Y LIMPIEZA",TRUE,100,58,-0.0265923910919889,-0.571435375377952,-0.581807761422286,-0.124308131921233,87,"distribuido","media","Buenos Aires","antiguo","desconcentrada","alto","grande","mayoria_directa"
"375|37/007 - Escuela De Suboficiales Cabo Raúl Remberto Cuello",375,"Buenos Aires","seguridad_defensa","ALIMENTOS",TRUE,249,120,-0.0938632675891445,-0.583385191773913,-0.581807761422286,-0.124308131921233,87,"distribuido","media","Buenos Aires","antiguo","desconcentrada","alto","grande","mixto"
"375|37/009 - Instituto De Capacitación Especializada Cabo Juan Adolfo Romero",375,"Buenos Aires","seguridad_defensa","ELECTRICIDAD Y TELEFONIA",TRUE,258,131,-0.0313721679332347,-0.677053612259853,-0.581807761422286,-0.124308131921233,87,"distribuido","media","Buenos Aires","antiguo","desconcentrada","alto","media","mayoria_directa"
"375|37/010 - Comando De Región I",375,"Buenos Aires","seguridad_defensa","MANT. REPARACION Y LIMPIEZA",TRUE,174,96,0.130755034975934,-0.575818601125974,-0.581807761422286,-0.124308131921233,87,"distribuido","media","Buenos Aires","antiguo","desconcentrada","alto","grande","mayoria_directa"
"375|37/011 - Destacamento Movil 1",375,"CABA","seguridad_defensa","ELEMENTOS DE LIMPIEZA",TRUE,112,64,0.119440667547074,-0.724096366178676,-0.267967130733099,-0.205600277532628,87,"distribuido","media","CABA","antiguo","desconcentrada","alto","chica","mayoria_directa"
"375|37/013 - Comando De Región II",375,"Santa Fe","seguridad_defensa","LIBRERIA PAP. Y UTILES OFICINA",TRUE,200,69,-0.128312939848728,-0.626087456276809,-0.447851561446162,-0.067825967633785,87,"distribuido","media","Santa Fe","antiguo","desconcentrada","alto","chica","mayoria_directa"
"375|37/014 - Destacamento Movil 2",375,"CABA","seguridad_defensa","REPUESTOS",TRUE,279,92,-0.175271757211057,-0.632425547179958,-0.267967130733099,-0.205600277532628,87,"distribuido","media","CABA","antiguo","desconcentrada","alto","media","mayoria_directa"
"375|37/015 - Jefatura De Agrupacion III Corrientes",375,"Corrientes","seguridad_defensa","REPUESTOS",TRUE,115,49,-0.221149792035642,-0.482228124584346,-0.447851561446162,-0.067825967633785,87,"distribuido","media","Corrientes","antiguo","desconcentrada","alto","chica","mayoria_directa"
"375|37/017 - Escuadrón 47 Ituzaingo",375,"Corrientes","seguridad_defensa","LIBRERIA PAP. Y UTILES OFICINA",TRUE,158,84,-0.117510730187693,-0.650398300053095,-0.447851561446162,-0.067825967633785,87,"distribuido","media","Corrientes","antiguo","desconcentrada","alto","chica","mayoria_directa"
"375|37/018 - Escuadron 7 Pasos De Los Libres",375,"Corrientes","seguridad_defensa","REPUESTOS",TRUE,122,48,-0.119979934868423,-0.651472869658248,-0.447851561446162,-0.067825967633785,87,"distribuido","media","Corrientes","antiguo","desconcentrada","alto","chica","mayoria_directa"
"375|37/019 - Jefatura De Agrupación V Entre Rios",375,"Entre Ríos","seguridad_defensa","MANT. REPARACION Y LIMPIEZA",TRUE,134,78,-0.154478215780227,-0.552222252958387,-0.447851561446162,-0.067825967633785,87,"distribuido","media","Entre Ríos","antiguo","desconcentrada","alto","chica","mayoria_directa"
"375|37/020 - Escuadrón 4 Concordia",375,"Entre Ríos","seguridad_defensa","REPUESTOS",TRUE,98,52,-0.195462974084912,-0.63213662570573,-0.447851561446162,-0.067825967633785,87,"distribuido","media","Entre Ríos","antiguo","desconcentrada","alto","chica","mayoria_directa"
"375|37/021 - Escuadrón 6 Concepción Del Uruguay",375,"Entre Ríos","seguridad_defensa","REPUESTOS",TRUE,92,68,-0.121483582627363,-0.650190372516479,-0.53969576834674,0.023383036273531,87,"distribuido","chica","Entre Ríos","antiguo","desconcentrada","alto","media","mayoria_directa"
"375|37/022 - Escuadrón 56 Gualeguaychú",375,"Entre Ríos","seguridad_defensa","REPUESTOS",TRUE,70,46,-0.122299733846698,-0.576334376037739,-0.53969576834674,0.023383036273531,87,"distribuido","chica","Entre Ríos","antiguo","desconcentrada","alto","media","mayoria_directa"
"375|37/023 - Jefatura De Agrupación Iv Misiones",375,"Misiones","seguridad_defensa","REPUESTOS",TRUE,92,50,-0.101052655858194,-0.607096430938664,-0.53969576834674,0.023383036273531,87,"distribuido","chica","Misiones","antiguo","desconcentrada","alto","chica","mayoria_directa"
"375|37/024 - Escuadrón 8 Alto Uruguay",375,"Misiones","seguridad_defensa","REPUESTOS",TRUE,96,61,-0.262857685503852,-0.61454972433508,-0.53969576834674,0.023383036273531,87,"distribuido","chica","Misiones","antiguo","desconcentrada","alto","chica","mayoria_directa"
"375|37/025 - Escuadrón 9 Oberá",375,"Misiones","seguridad_defensa","REPUESTOS",TRUE,137,73,-0.117419506758413,-0.662248217707677,-0.447851561446162,-0.067825967633785,87,"distribuido","media","Misiones","antiguo","desconcentrada","alto","chica","mayoria_directa"
"375|37/026 - Escuadrón 10 Eldorado",375,"Misiones","seguridad_defensa","REPUESTOS",TRUE,127,69,-0.321468811203275,-0.573591160588716,-0.447851561446162,-0.067825967633785,87,"distribuido","media","Misiones","antiguo","desconcentrada","alto","chica","mayoria_directa"
"375|37/027 - Escuadrón 11 San Ignacio",375,"Misiones","seguridad_defensa","REPUESTOS",TRUE,125,71,-0.16763981831426,-0.661534892525562,-0.447851561446162,-0.067825967633785,87,"distribuido","media","Misiones","antiguo","desconcentrada","alto","chica","mayoria_directa"
"375|37/028 - Escuadrón 12 Bernardo De Irigoyen",375,"Misiones","seguridad_defensa","BAZAR Y MENAJE",TRUE,78,55,-0.245904098040867,-0.615704494254091,-0.53969576834674,0.023383036273531,87,"distribuido","chica","Misiones","antiguo","desconcentrada","alto","chica","mayoria_directa"
"375|37/029 - Escuadrón 13 Iguazú",375,"Misiones","seguridad_defensa","CERRAJERIA",TRUE,120,69,-0.107255127071847,-0.630835274548939,-0.447851561446162,-0.067825967633785,87,"distribuido","media","Misiones","antiguo","desconcentrada","alto","chica","mayoria_directa"
"375|37/030 - Jefatura De Agrupación VIFormosa",375,"Formosa","seguridad_defensa","REPUESTOS",TRUE,101,46,-0.388958818366169,-0.495199499755788,-0.447851561446162,-0.067825967633785,87,"distribuido","media","Formosa","antiguo","desconcentrada","alto","media","mayoria_directa"
"375|37/031 - Escuadrón 5 Pirané",375,"Formosa","seguridad_defensa","REPUESTOS",TRUE,76,50,-0.303861000006806,-0.558772101851383,-0.53969576834674,0.023383036273531,87,"distribuido","chica","Formosa","antiguo","desconcentrada","alto","chica","mayoria_directa"
"375|37/032 - Escuadrón 16 Clorinda",375,"Formosa","seguridad_defensa","REPUESTOS",TRUE,99,65,-0.198699851714248,-0.564480870736268,-0.447851561446162,-0.067825967633785,87,"distribuido","media","Formosa","antiguo","desconcentrada","alto","media","mayoria_directa"
"375|37/033 - Escuadron 18 Lomitas",375,"Formosa","seguridad_defensa","REPUESTOS",TRUE,50,32,-0.319907504724747,-0.535030171342601,-0.53969576834674,0.023383036273531,87,"distribuido","chica","Formosa","antiguo","desconcentrada","alto","chica","mayoria_directa"
"375|37/034 - Escuadrón 19 Ingeniero Juarez",375,"Formosa","seguridad_defensa","REPUESTOS",TRUE,52,32,-0.217915567381022,-0.679438976761754,-0.53969576834674,0.023383036273531,87,"distribuido","chica","Formosa","antiguo","desconcentrada","alto","chica","mayoria_directa"
"375|37/035 - Jefatura de Región III",375,"CABA","seguridad_defensa","LIBRERIA PAP. Y UTILES OFICINA",TRUE,74,43,-0.0543127703870659,-0.580328286005417,-0.359811337633677,-0.114391273625312,87,"distribuido","chica","CABA","antiguo","desconcentrada","alto","chica","mayoria_directa"
"375|37/036 - Destacamento Movil 5",375,"Buenos Aires","seguridad_defensa","ELECTRICIDAD Y TELEFONIA",TRUE,146,90,-0.158618640463043,-0.677660820118368,-0.581807761422286,-0.124308131921233,87,"distribuido","media","Buenos Aires","antiguo","desconcentrada","alto","chica","mayoria_directa"
"375|37/037 - Jefatura De Agrupación VII Salta",375,"Salta","seguridad_defensa","ELEMENTOS DE LIMPIEZA",TRUE,144,82,-0.0760581613722116,-0.653265883114367,-0.447851561446162,-0.067825967633785,87,"distribuido","media","Salta","antiguo","desconcentrada","alto","chica","mayoria_directa"
"375|37/038 - Escuadrón 20 Orán",375,"Salta","seguridad_defensa","ELEMENTOS DE LIMPIEZA",TRUE,164,82,-0.067668843146227,-0.646109764363033,-0.447851561446162,-0.067825967633785,87,"distribuido","media","Salta","antiguo","desconcentrada","alto","media","mayoria_directa"
"375|37/039 - Escuadrón 21 La Quiaca",375,"Jujuy","seguridad_defensa","LIBRERIA PAP. Y UTILES OFICINA",TRUE,63,38,-0.151981369268376,-0.593165478863252,-0.53969576834674,0.023383036273531,87,"distribuido","chica","Jujuy","antiguo","desconcentrada","alto","grande","mayoria_directa"
"375|37/040 - Escuadrón 52 Tartagal",375,"Salta","seguridad_defensa","REPUESTOS",TRUE,160,83,-0.144361641381835,-0.667977275771391,-0.447851561446162,-0.067825967633785,87,"distribuido","media","Salta","antiguo","desconcentrada","alto","media","mayoria_directa"
"375|37/042 - Escuadrón 54 Aguaray",375,"Salta","seguridad_defensa","COMBUSTIBLES Y LUBRICANTES",TRUE,120,65,-0.0977835577726169,-0.681913348012454,-0.447851561446162,-0.067825967633785,87,"distribuido","media","Salta","antiguo","desconcentrada","alto","chica","mayoria_directa"
"375|37/043 - Escuadrón 55 Tucumán",375,"Tucumán","seguridad_defensa","LIBRERIA PAP. Y UTILES OFICINA",TRUE,70,46,-0.143280372252172,-0.595935180320916,-0.53969576834674,0.023383036273531,87,"distribuido","chica","Tucumán","antiguo","desconcentrada","alto","chica","mayoria_directa"
"375|37/044 - Jefatura De Agrupación  VIII Catamarca",375,"Catamarca","seguridad_defensa","ELEMENTOS DE LIMPIEZA",TRUE,89,55,-0.082524149058252,-0.552978352660732,-0.53969576834674,0.023383036273531,87,"distribuido","chica","Catamarca","antiguo","desconcentrada","alto","media","mayoria_directa"
"375|37/045 - Escuadrón 23 Tinogasta",375,"Catamarca","seguridad_defensa","REPUESTOS",TRUE,38,25,-0.106031629069214,-0.647049351867663,-0.53969576834674,0.023383036273531,87,"distribuido","chica","Catamarca","antiguo","desconcentrada","alto","media","mayoria_directa"
"375|37/046 - Escuadrón 24 Chilecito",375,"La Rioja","seguridad_defensa","BAZAR Y MENAJE",TRUE,95,70,-0.157052118320989,-0.61733115454149,-0.53969576834674,0.023383036273531,87,"distribuido","chica","La Rioja","antiguo","desconcentrada","alto","chica","mayoria_directa"
"375|37/047 - Jefatura De Agrupación X San Juan",375,"San Juan","seguridad_defensa","COMBUSTIBLES Y LUBRICANTES",TRUE,167,85,-0.139746462826786,-0.626840078048797,-0.447851561446162,-0.067825967633785,87,"distribuido","media","San Juan","antiguo","desconcentrada","alto","media","mayoria_directa"
"375|37/048 - Escuadrón 25 Jachal",375,"San Juan","seguridad_defensa","MANT. REPARACION Y LIMPIEZA",TRUE,79,44,-0.405219293677839,-0.455880444422438,-0.53969576834674,0.023383036273531,87,"distribuido","chica","San Juan","antiguo","desconcentrada","alto","media","mayoria_directa"
"375|37/049 - Escuadrón 26 Barreal",375,"San Juan","seguridad_defensa","ELEMENTOS DE LIMPIEZA",TRUE,74,51,-0.217996673636052,-0.61570952143816,-0.53969576834674,0.023383036273531,87,"distribuido","chica","San Juan","antiguo","desconcentrada","alto","media","mayoria_directa"
"375|37/050 - Jefatura De Agrupación XI Cuyo",375,"Mendoza","seguridad_defensa","REPUESTOS",TRUE,142,85,-0.237288439574783,-0.607269983689911,-0.447851561446162,-0.067825967633785,87,"distribuido","media","Mendoza","antiguo","desconcentrada","alto","chica","mayoria_directa"
"375|37/051 - Escuadrón 27 Uspallata",375,"Mendoza","seguridad_defensa","ELECTRICIDAD Y TELEFONIA",TRUE,144,77,-0.114711590545725,-0.602094491549723,-0.447851561446162,-0.067825967633785,87,"distribuido","media","Mendoza","antiguo","desconcentrada","alto","chica","mayoria_directa"
"375|37/052 - Escuadrón 28 Tunuyan",375,"Mendoza","seguridad_defensa","REPUESTOS",TRUE,100,58,-0.221921234320446,-0.649890896139357,-0.447851561446162,-0.067825967633785,87,"distribuido","media","Mendoza","antiguo","desconcentrada","alto","chica","mayoria_directa"
"375|37/053 - Escuadrón 29 Malargüe",375,"Mendoza","seguridad_defensa","REPUESTOS",TRUE,77,43,-0.209241427351924,-0.607391956678737,-0.53969576834674,0.023383036273531,87,"distribuido","chica","Mendoza","antiguo","desconcentrada","alto","chica","mayoria_directa"
"375|37/055 - Destacamento Movil 4",375,"CABA","seguridad_defensa","REPUESTOS",TRUE,26,23,-0.185674051425401,-0.645063153309269,-0.359811337633677,-0.114391273625312,87,"distribuido","chica","CABA","antiguo","desconcentrada","alto","chica","mayoria_directa"
"375|37/056 - Jefatura De Agrupación XII Comahue",375,"Neuquén","seguridad_defensa","ELEMENTOS DE LIMPIEZA",TRUE,52,44,-0.179129595877639,-0.620583752084158,-0.53969576834674,0.023383036273531,87,"distribuido","chica","Neuquén","antiguo","desconcentrada","alto","chica","mayoria_directa"
"375|37/057 - Escuadrón 30 Chos Malal",375,"Neuquén","seguridad_defensa","ELEMENTOS DE LIMPIEZA",TRUE,66,44,-0.184569734413537,-0.637066175699543,-0.53969576834674,0.023383036273531,87,"distribuido","chica","Neuquén","antiguo","desconcentrada","alto","media","mayoria_directa"
"375|37/058 - Escuadrón 31 Las Lajas",375,"Neuquén","seguridad_defensa","COMBUSTIBLES Y LUBRICANTES",TRUE,48,38,-0.138134018335226,-0.619532067545616,-0.53969576834674,0.023383036273531,87,"distribuido","chica","Neuquén","antiguo","desconcentrada","alto","media","mayoria_directa"
"375|37/059 - Escuadrón 32 Alumine",375,"Neuquén","seguridad_defensa","BAZAR Y MENAJE",TRUE,76,56,-0.00337258273811342,-0.695576508767716,-0.53969576834674,0.023383036273531,87,"distribuido","chica","Neuquén","antiguo","desconcentrada","alto","chica","mayoria_directa"
"375|37/060 - Escuadrón 33 San Martin De Los Andes",375,"Neuquén","seguridad_defensa","ELEMENTOS DE LIMPIEZA",TRUE,135,79,-0.0145520538706315,-0.597878885536191,-0.447851561446162,-0.067825967633785,87,"distribuido","media","Neuquén","antiguo","desconcentrada","alto","media","mayoria_directa"
"375|37/061 - Escuadrón 34 Bariloche",375,"Río Negro","seguridad_defensa","BAZAR Y MENAJE",TRUE,149,77,-0.175698399781136,-0.501198796226188,-0.447851561446162,-0.067825967633785,87,"distribuido","media","Río Negro","antiguo","desconcentrada","alto","media","mayoria_directa"
"375|37/062 - Escuadrón 35 El Bolson",375,"Río Negro","seguridad_defensa","ELEMENTOS DE LIMPIEZA",TRUE,82,52,-0.176702586168628,-0.516621046233235,-0.53969576834674,0.023383036273531,87,"distribuido","chica","Río Negro","antiguo","desconcentrada","alto","media","mayoria_directa"
"375|37/063 - Jefatura De Agrupación XIV Chubut",375,"Chubut","seguridad_defensa","COMBUSTIBLES Y LUBRICANTES",TRUE,87,60,-0.097162477070247,-0.637899291544735,-0.53969576834674,0.023383036273531,87,"distribuido","chica","Chubut","antiguo","desconcentrada","alto","media","mayoria_directa"
"375|37/064 - Escuadrón 36 Esquel",375,"Chubut","seguridad_defensa","REPUESTOS",TRUE,124,74,-0.179177674241831,-0.582754125603416,-0.447851561446162,-0.067825967633785,87,"distribuido","media","Chubut","antiguo","desconcentrada","alto","media","mayoria_directa"
"375|37/065 - Escuadrón 38 Rio Mayo",375,"Chubut","seguridad_defensa","ELEMENTOS DE LIMPIEZA",TRUE,46,38,-0.221442190017338,-0.632045771853628,-0.53969576834674,0.023383036273531,87,"distribuido","chica","Chubut","antiguo","desconcentrada","alto","media","mayoria_directa"
"375|37/066 - Jefatura De Agrupacion XVISanta Cruz",375,"Santa Cruz","seguridad_defensa","ALIMENTOS",TRUE,73,51,-0.0756860365365997,-0.590173703575068,-0.53969576834674,0.023383036273531,87,"distribuido","chica","Santa Cruz","antiguo","desconcentrada","alto","grande","mixto"
"375|37/067 - Escuadrón 39 Perito Moreno",375,"Santa Cruz","seguridad_defensa","REPUESTOS",TRUE,55,48,-0.188533828203698,-0.600226679409701,-0.53969576834674,0.023383036273531,87,"distribuido","chica","Santa Cruz","antiguo","desconcentrada","alto","media","mayoria_directa"
"375|37/068 - Escuadrón 42 Calafate",375,"Santa Cruz","seguridad_defensa","LIBRERIA PAP. Y UTILES OFICINA",TRUE,60,43,-0.0821443689216567,-0.658438353927101,-0.53969576834674,0.023383036273531,87,"distribuido","chica","Santa Cruz","antiguo","desconcentrada","alto","chica","mayoria_directa"
"375|37/069 - Escuadrón 43 Rio Turbio",375,"Santa Cruz","seguridad_defensa","REPUESTOS",TRUE,63,42,-0.158602287751198,-0.680022648100868,-0.53969576834674,0.023383036273531,87,"distribuido","chica","Santa Cruz","antiguo","desconcentrada","alto","grande","mayoria_directa"
"375|37/071 - Agrupación Unidades Operativas Buenos Aires",375,"CABA","seguridad_defensa","REPUESTOS",TRUE,105,65,0.0100227216896088,-0.700485641971281,-0.267967130733099,-0.205600277532628,87,"distribuido","media","CABA","antiguo","desconcentrada","alto","chica","mayoria_directa"
"375|37/072 - Servicio De Aviación",375,"Buenos Aires","seguridad_defensa","COMBUSTIBLES Y LUBRICANTES",TRUE,229,123,0.146558002952733,-0.668460867764812,-0.581807761422286,-0.124308131921233,87,"distribuido","media","Buenos Aires","antiguo","desconcentrada","alto","chica","mayoria_directa"
"375|37/073 - Operativo Centinela (Jefatura Zona Oeste)",375,"Buenos Aires","seguridad_defensa","REPUESTOS",TRUE,94,48,-0.0483895402675557,-0.707956077170089,-0.673651968322864,-0.0330991280139174,87,"distribuido","chica","Buenos Aires","antiguo","desconcentrada","alto","chica","mayoria_directa"
"375|37/074 - Escuadrón Seguridad Zarate - Brazo Largo",375,"Buenos Aires","seguridad_defensa","REPUESTOS",TRUE,24,23,-0.141227653961136,-0.532257608990147,-0.673651968322864,-0.0330991280139174,87,"distribuido","chica","Buenos Aires","antiguo","desconcentrada","alto","chica","mayoria_directa"
"375|37/078 - Escuadrón 57 Santo Tome",375,"Corrientes","seguridad_defensa","ELEMENTOS DE LIMPIEZA",TRUE,131,78,-0.111280046175469,-0.678610307690262,-0.447851561446162,-0.067825967633785,87,"distribuido","media","Corrientes","antiguo","desconcentrada","alto","chica","mayoria_directa"
"375|37/079 - Jefatura De Agrupación IX Jujuy",375,"Jujuy","seguridad_defensa","REPUESTOS",TRUE,107,66,-0.0602118006667489,-0.609511105011454,-0.447851561446162,-0.067825967633785,87,"distribuido","media","Jujuy","antiguo","desconcentrada","alto","chica","mayoria_directa"
"375|37/081 - Escuadrón Seguridad El Chocon",375,"Neuquén","seguridad_defensa","REPUESTOS",TRUE,43,33,-0.0352412151977866,-0.651126913142948,-0.53969576834674,0.023383036273531,87,"distribuido","chica","Neuquén","antiguo","desconcentrada","alto","chica","mayoria_directa"
"375|37/082 - Escuadrón Segurdad Atucha",375,"Buenos Aires","seguridad_defensa","LIBRERIA PAP. Y UTILES OFICINA",TRUE,64,45,-0.039633894499134,-0.67396906955728,-0.673651968322864,-0.0330991280139174,87,"distribuido","chica","Buenos Aires","antiguo","desconcentrada","alto","chica","mayoria_directa"
"375|37/083 - Secretaria General",375,"CABA","seguridad_defensa","ALIMENTOS",TRUE,244,72,0.0598437005868667,-0.564216143751839,-0.267967130733099,-0.205600277532628,87,"distribuido","media","CABA","antiguo","desconcentrada","alto","grande","mixto"
"375|37/084 - Escuadrón 14 Las Palmas",375,"Chaco","seguridad_defensa","COMBUSTIBLES Y LUBRICANTES",TRUE,97,67,-0.155208728764272,-0.656937233489194,-0.53969576834674,0.023383036273531,87,"distribuido","chica","Chaco","antiguo","desconcentrada","alto","chica","mayoria_directa"
"375|37/085 - Escuadrón 37 Jose De San Martin",375,"Chubut","seguridad_defensa","REPUESTOS",TRUE,86,52,-0.229640917384356,-0.601637997586616,-0.53969576834674,0.023383036273531,87,"distribuido","chica","Chubut","antiguo","desconcentrada","alto","media","mayoria_directa"
"375|37/086 - Escuadrón Seguridad Vial Rafaela",375,"Santa Fe","seguridad_defensa","INFORMATICA",TRUE,75,45,-0.230095114784884,-0.559426541874121,-0.53969576834674,0.023383036273531,87,"distribuido","chica","Santa Fe","antiguo","desconcentrada","alto","chica","mayoria_directa"
"375|37/087 - Escuadron Seguridad Vial Sierra Grande",375,"Río Negro","seguridad_defensa","REPUESTOS",TRUE,50,37,-0.0599373725866602,-0.735285826475045,-0.53969576834674,0.023383036273531,87,"distribuido","chica","Río Negro","antiguo","desconcentrada","alto","media","mayoria_directa"
"375|37/088 - Escuadron Seguridad Vial Balcarce",375,"Buenos Aires","seguridad_defensa","LIBRERIA PAP. Y UTILES OFICINA",TRUE,50,35,-0.154531310460281,-0.595973009086892,-0.673651968322864,-0.0330991280139174,87,"distribuido","chica","Buenos Aires","antiguo","desconcentrada","alto","chica","mayoria_directa"
"375|37/089 - Escuadrón Seguridad Vial San Nicolas",375,"Buenos Aires","seguridad_defensa","REPUESTOS",TRUE,39,27,-0.0702332529296166,-0.74223590492129,-0.673651968322864,-0.0330991280139174,87,"distribuido","chica","Buenos Aires","antiguo","desconcentrada","alto","chica","mayoria_directa"
"375|37/090 – Agrupación “Cinturón Sur",375,"CABA","seguridad_defensa","ALIMENTOS",TRUE,55,33,0.0255369853000125,-0.701643877738112,-0.359811337633677,-0.114391273625312,87,"distribuido","chica","CABA","antiguo","desconcentrada","alto","media","mayoria_directa"
"375|37/091 - Escuadrón Seguridad Vial San Justo",375,"Santa Fe","seguridad_defensa","REPUESTOS",TRUE,64,43,-0.384992149471294,-0.515701294615782,-0.53969576834674,0.023383036273531,87,"distribuido","chica","Santa Fe","antiguo","desconcentrada","alto","chica","mayoria_directa"
"375|37/092 - Escuadrón Seguridad Embalse",375,"Córdoba","seguridad_defensa","IMPRENTA Y EDITORIALES",TRUE,47,30,-0.222531391434828,-0.630986287246937,-0.53969576834674,0.023383036273531,87,"distribuido","chica","Córdoba","antiguo","desconcentrada","alto","media","mayoria_directa"
"375|37/093 - Escuadron Seguridad Vial Autopistas Sur",375,"CABA","seguridad_defensa","REPUESTOS",TRUE,109,64,-0.0270522211178312,-0.718907568603773,-0.267967130733099,-0.205600277532628,87,"distribuido","media","CABA","antiguo","desconcentrada","alto","chica","mayoria_directa"
"375|37/094 - Centro De Reconocimiento Y Operaciones Contra El Narcotrafico",375,"CABA","seguridad_defensa","REPUESTOS",TRUE,83,50,-0.127057641530425,-0.657653997455899,-0.359811337633677,-0.114391273625312,87,"distribuido","chica","CABA","antiguo","desconcentrada","alto","chica","mayoria_directa"
"375|37/095 - Escuadrón 22 San Antonio De Los Cobres",375,"Salta","seguridad_defensa","ELECTRICIDAD Y TELEFONIA",TRUE,111,63,-0.13144490948943,-0.592265856604596,-0.447851561446162,-0.067825967633785,87,"distribuido","media","Salta","antiguo","desconcentrada","alto","media","mayoria_directa"
"375|37/096 - Escuadrón 58 La Rioja",375,"La Rioja","seguridad_defensa","REPUESTOS",TRUE,43,22,-0.178014797612261,-0.551745006647395,-0.53969576834674,0.023383036273531,87,"distribuido","chica","La Rioja","antiguo","desconcentrada","alto","media","mayoria_directa"
"375|37/097 - Comando De Región IV",375,"CABA","seguridad_defensa","ELECTRICIDAD Y TELEFONIA",TRUE,87,48,-0.165552683239095,-0.57923829825599,-0.359811337633677,-0.114391273625312,87,"distribuido","chica","CABA","antiguo","desconcentrada","alto","chica","mayoria_directa"
"375|37/098 - Escuadron 1 Roque Saenz Peña",375,"Chaco","seguridad_defensa","REPUESTOS",TRUE,78,43,-0.275555396979782,-0.632403383634214,-0.53969576834674,0.023383036273531,87,"distribuido","chica","Chaco","antiguo","desconcentrada","alto","media","mayoria_directa"
"375|37/100 - SERVICIO ADMINISTRATIVO FINANCIERO DESCONCENTRADO ESCUADRÓN 59 SANTIAGO DEL ESTERO",375,"Santiago del Estero","seguridad_defensa","REPUESTOS",TRUE,70,50,-0.0431074818566024,-0.668713681231503,-0.53969576834674,0.023383036273531,87,"distribuido","chica","Santiago del Estero","antiguo","desconcentrada","alto","chica","mayoria_directa"
"375|37/101 - Escuadron 41 Comodoro Rivadavia",375,"Chubut","seguridad_defensa","ELEMENTOS DE LIMPIEZA",TRUE,76,48,-0.221154552913283,-0.607453754597025,-0.53969576834674,0.023383036273531,87,"distribuido","chica","Chubut","antiguo","desconcentrada","alto","media","mayoria_directa"
"375|37/102 - Destacamento Movil 6",375,"CABA","seguridad_defensa","FERRETERIA",TRUE,80,54,0.0417470146402935,-0.659937359953788,-0.359811337633677,-0.114391273625312,87,"distribuido","chica","CABA","antiguo","desconcentrada","alto","chica","mayoria_directa"
"375|37/105 - Direccion De Criminalistica Y Estudios Forenses",375,"CABA","seguridad_defensa","MANT. REPARACION Y LIMPIEZA",TRUE,183,88,0.0988609487925499,-0.434799934021649,-0.267967130733099,-0.205600277532628,87,"distribuido","media","CABA","antiguo","desconcentrada","alto","grande","mayoria_directa"
"375|37/106 - Direccion General De Inteligencia Criminal E Investigaciones",375,"CABA","seguridad_defensa","ALIMENTOS",TRUE,89,37,-0.0117196039500219,-0.627581675623759,-0.359811337633677,-0.114391273625312,87,"distribuido","chica","CABA","antiguo","desconcentrada","alto","grande","mixto"
"375|37/108 - Dirección De Educación E Institutos",375,"CABA","seguridad_defensa","REPUESTOS",TRUE,80,47,0.0313360102009595,-0.598126393049297,-0.359811337633677,-0.114391273625312,87,"distribuido","chica","CABA","antiguo","desconcentrada","alto","media","mayoria_directa"
"375|37/109 - Jefatura De Agrupacion XVII Santiago Del Estero",375,"Santiago del Estero","seguridad_defensa","ELEMENTOS DE LIMPIEZA",TRUE,128,76,-0.144328352982964,-0.58250656853614,-0.447851561446162,-0.067825967633785,87,"distribuido","media","Santiago del Estero","antiguo","desconcentrada","alto","chica","mayoria_directa"
"375|37/110 - Jefatura De Agrupacion XV Santa Fe",375,"Santa Fe","seguridad_defensa","REPUESTOS",TRUE,127,71,-0.155570664417448,-0.634979406134404,-0.447851561446162,-0.067825967633785,87,"distribuido","media","Santa Fe","antiguo","desconcentrada","alto","media","mayoria_directa"
"375|37/111 - Agrupación Mantenimiento y Capacitación de Tecnologías de la  Información y Comunicaciones",375,"CABA","seguridad_defensa","ELECTRICIDAD Y TELEFONIA",TRUE,127,77,0.107107603462812,-0.696393617505561,-0.267967130733099,-0.205600277532628,87,"distribuido","media","CABA","antiguo","desconcentrada","alto","chica","mayoria_directa"
"375|37/112 - Dirección de Tecnologías de la Información y Comunicaciones",375,"CABA","seguridad_defensa","SERVICIOS BASICOS",TRUE,83,61,0.158807065313916,-0.629058539124413,-0.359811337633677,-0.114391273625312,87,"distribuido","chica","CABA","antiguo","desconcentrada","alto","media","mayoria_directa"
"375|37/113 - Jefatura De Agrupacion XXVIII Chaco",375,"Chaco","seguridad_defensa","REPUESTOS",TRUE,87,57,-0.204075863202736,-0.593081474406914,-0.53969576834674,0.023383036273531,87,"distribuido","chica","Chaco","antiguo","desconcentrada","alto","chica","mayoria_directa"
"375|37/114 - Jefatura Agrupacion XIX Tierra Del Fuego",375,"Tierra del Fuego","seguridad_defensa","REPUESTOS",TRUE,58,34,-0.117586727408658,-0.491378104963076,-0.53969576834674,0.023383036273531,87,"distribuido","chica","Tierra del Fuego","antiguo","desconcentrada","alto","media","mayoria_directa"
"375|37/115 - Escuadron 60 San Pedro",375,"Buenos Aires","seguridad_defensa","ELEMENTOS DE LIMPIEZA",TRUE,138,78,-0.151540173343926,-0.640041330000474,-0.581807761422286,-0.124308131921233,87,"distribuido","media","Buenos Aires","antiguo","desconcentrada","alto","chica","mayoria_directa"
"375|37/116 - Escuadron 62 Rio Grande",375,"Tierra del Fuego","seguridad_defensa","LIBRERIA PAP. Y UTILES OFICINA",TRUE,36,22,-0.205780552021144,-0.50340983335324,-0.53969576834674,0.023383036273531,87,"distribuido","chica","Tierra del Fuego","antiguo","desconcentrada","alto","chica","mayoria_directa"
"375|37/117 - Escuadron Seguridad Vial Pergamino",375,"Buenos Aires","seguridad_defensa","LIBRERIA PAP. Y UTILES OFICINA",TRUE,62,42,-0.204259409058971,-0.609813710473203,-0.673651968322864,-0.0330991280139174,87,"distribuido","chica","Buenos Aires","antiguo","desconcentrada","alto","chica","mayoria_directa"
"375|37/118 - Unidad Especial De Transporte Macacha Guemes",375,"CABA","seguridad_defensa","MANT. REPARACION Y LIMPIEZA",TRUE,100,40,-0.0937947021811903,-0.55948369757368,-0.267967130733099,-0.205600277532628,87,"distribuido","media","CABA","antiguo","desconcentrada","alto","grande","mayoria_directa"
"375|37/119 - Gendarmería Nacional - Escuadrón 61 Salvador Mazza",375,"Salta","seguridad_defensa","LIBRERIA PAP. Y UTILES OFICINA",TRUE,100,54,-0.0867292456937797,-0.744078900093713,-0.447851561446162,-0.067825967633785,87,"distribuido","media","Salta","antiguo","desconcentrada","alto","chica","mayoria_directa"
"375|37/121 - Instituto De Formacion De Gendarmes Gendarmes Felix Manifior",375,"Buenos Aires","seguridad_defensa","BAZAR Y MENAJE",TRUE,111,76,-0.113611469036834,-0.524002530926555,-0.581807761422286,-0.124308131921233,87,"distribuido","media","Buenos Aires","antiguo","desconcentrada","alto","media","mayoria_directa"
"375|37/122 - JEFATURA DE REGIÓN VI",375,"CABA","seguridad_defensa","ELEMENTOS DE LIMPIEZA",TRUE,83,50,-0.127214423636251,-0.607329991152555,-0.359811337633677,-0.114391273625312,87,"distribuido","chica","CABA","antiguo","desconcentrada","alto","chica","mayoria_directa"
"375|37/123 - COMANDO DE REGIÓN VII",375,"CABA","seguridad_defensa","REPUESTOS",TRUE,22,22,-0.133329722207656,-0.724835208661033,-0.359811337633677,-0.114391273625312,87,"distribuido","chica","CABA","antiguo","desconcentrada","alto","chica","mayoria_directa"
"375|37/123 - Comando De Región VIII",375,"CABA","seguridad_defensa","BAZAR Y MENAJE",TRUE,28,22,0.00281404180612491,-0.73273206018473,-0.359811337633677,-0.114391273625312,87,"distribuido","chica","CABA","antiguo","desconcentrada","alto","chica","mayoria_directa"
"375|37/125 - SERVICIO ADMINISTRATIVO FINANCIERO DESCONCENTRADO ESCUADRÓN 45 SALTA",375,"Salta","seguridad_defensa","REPUESTOS",TRUE,98,54,-0.11532039185482,-0.667156233692027,-0.447851561446162,-0.067825967633785,87,"distribuido","media","Salta","antiguo","desconcentrada","alto","chica","mayoria_directa"
"375|37/126 - Centro De Apoyo Y Adiestramiento Antidrogas General Mosconi",375,"Salta","seguridad_defensa","ELEMENTOS DE LIMPIEZA",TRUE,63,38,-0.104577049495749,-0.726194611699664,-0.53969576834674,0.023383036273531,87,"distribuido","chica","Salta","antiguo","desconcentrada","alto","chica","mayoria_directa"
"375|37/127 - Jefatura De Agrupación XX Cordoba",375,"Córdoba","seguridad_defensa","REPUESTOS",TRUE,68,29,0.0351714857909215,-0.552520705369676,-0.53969576834674,0.023383036273531,87,"distribuido","chica","Córdoba","antiguo","desconcentrada","alto","grande","mayoria_directa"
"375|37/128 - Escuadron Seguridad Vial Villa Maria",375,"Córdoba","seguridad_defensa","REPUESTOS",TRUE,68,35,-0.244957190442316,-0.607547914920165,-0.53969576834674,0.023383036273531,87,"distribuido","chica","Córdoba","antiguo","desconcentrada","alto","chica","mayoria_directa"
"375|37/129 - Agrupación Fuerza de Operaciones Especiales",375,"Buenos Aires","seguridad_defensa","MANT. REPARACION Y LIMPIEZA",TRUE,108,61,0.081914026125629,-0.65763162093285,-0.581807761422286,-0.124308131921233,87,"distribuido","media","Buenos Aires","antiguo","desconcentrada","alto","grande","mayoria_directa"
"375|37/130 JEFATURA DE REGION VIII",375,"CABA","seguridad_defensa","BAZAR Y MENAJE",TRUE,71,45,-0.208150600802891,-0.594695566030464,-0.359811337633677,-0.114391273625312,87,"distribuido","chica","CABA","antiguo","desconcentrada","alto","chica","mayoria_directa"
"375|37/131 - Jefatura De Agrupación XXI  “Santa Fe Norte",375,"Santa Fe","seguridad_defensa","REPUESTOS",TRUE,95,62,-0.104926551425414,-0.638383205588197,-0.53969576834674,0.023383036273531,87,"distribuido","chica","Santa Fe","antiguo","desconcentrada","alto","media","mayoria_directa"
"375|37/133 - SERVICIO ADMINISTRATIVO FINANCIERO DESCONCENTRADO ESCUADRÓN 64 MENDOZA",375,"Mendoza","seguridad_defensa","REPUESTOS",TRUE,83,52,-0.195701421162738,-0.667194931216814,-0.53969576834674,0.023383036273531,87,"distribuido","chica","Mendoza","antiguo","desconcentrada","alto","chica","mayoria_directa"
"375|37/134 - SERVICIO ADMINISTRATIVO FINANCIERO DESCONCENTRADO ESCUADRÓN 65 CORDOBA",375,"Córdoba","seguridad_defensa","ELECTRICIDAD Y TELEFONIA",TRUE,96,35,-0.161506497933764,-0.565713251304929,-0.53969576834674,0.023383036273531,87,"distribuido","chica","Córdoba","antiguo","desconcentrada","alto","media","mayoria_directa"
"375|37/136 - ESCUADRON 49 SAN VICENTE",375,"Buenos Aires","seguridad_defensa","REPUESTOS",TRUE,65,48,-0.125292293509922,-0.677766143453045,-0.673651968322864,-0.0330991280139174,87,"distribuido","chica","Buenos Aires","antiguo","desconcentrada","alto","chica","mayoria_directa"
"375|37/137 - ESCUADRÓN NÚCLEO AGUILARES",375,"Tucumán","seguridad_defensa","REPUESTOS",TRUE,33,25,-0.145022479201916,-0.720629036697712,-0.53969576834674,0.023383036273531,87,"distribuido","chica","Tucumán","antiguo","desconcentrada","alto","media","mayoria_directa"
"375|37/140 - ESCUADRON 66 SAN JUAN",375,"San Juan","seguridad_defensa","COMBUSTIBLES Y LUBRICANTES",TRUE,28,24,-0.124132124560673,-0.694556010576641,-0.53969576834674,0.023383036273531,87,"distribuido","chica","San Juan","antiguo","desconcentrada","alto","chica","mayoria_directa"
"375|37/155 - INSTITUTO DE FORMACIÓN DE GENDARMES GENDARME MIGUEL ANGEL TRIPPEPI",375,"CABA","seguridad_defensa","EQUIPO DE OFICINA Y MUEBLES",TRUE,43,22,-0.728121476260689,-0.347943205809176,-0.359811337633677,-0.114391273625312,87,"distribuido","chica","CABA","antiguo","desconcentrada","alto","grande","mayoria_directa"
"375|37/41 - SERVICIO ADMINISTRATIVO FINANCIERO DESCONCENTRADO ESCUADRÓN 53 JUJUY",375,"Jujuy","seguridad_defensa","REPUESTOS",TRUE,99,58,-0.0750458580113167,-0.625137736915472,-0.447851561446162,-0.067825967633785,87,"distribuido","media","Jujuy","antiguo","desconcentrada","alto","chica","mayoria_directa"
"375|37/75 - SERVICIO ADMINISTRATIVO FINANCIERO DESCONCENTRADO ESCUADRÓN 50 POSADAS",375,"Misiones","seguridad_defensa","ELEMENTOS DE LIMPIEZA",TRUE,53,35,-0.114267533412448,-0.598883511265808,-0.53969576834674,0.023383036273531,87,"distribuido","chica","Misiones","antiguo","desconcentrada","alto","media","mayoria_directa"
"375|37/76 - SERVICIO ADMINISTRATIVO FINANCIERO DESCONCENTRADO ESCUADRÓN 15 BAJO PARAGUAY",375,"Formosa","seguridad_defensa","LIBRERIA PAP. Y UTILES OFICINA",TRUE,64,32,-0.351898939933823,-0.549886310152535,-0.53969576834674,0.023383036273531,87,"distribuido","chica","Formosa","antiguo","desconcentrada","alto","chica","mayoria_directa"
"375|37/77 - SERVICIO ADMINISTRATIVO FINANCIERO DESCONCENTRADO ESCUADRÓN 48 CORRIENTES",375,"Corrientes","seguridad_defensa","REPUESTOS",TRUE,91,54,-0.366608936810118,-0.517721750124322,-0.53969576834674,0.023383036273531,87,"distribuido","chica","Corrientes","antiguo","desconcentrada","alto","chica","mayoria_directa"
"375|37/80 - SERVICIO ADMINISTRATIVO FINANCIERO DESCONCENTRADO ESCUADRÓN 46 ROSARIO-VICTORIA",375,"Santa Fe","seguridad_defensa","REPUESTOS",TRUE,64,39,-0.0888640058014941,-0.746054564414879,-0.53969576834674,0.023383036273531,87,"distribuido","chica","Santa Fe","antiguo","desconcentrada","alto","media","mayoria_directa"
"375|AGRUPACION CENTINELA II",375,"CABA","seguridad_defensa","BAZAR Y MENAJE",TRUE,179,78,0.0175328049167245,-0.537646565604284,-0.267967130733099,-0.205600277532628,87,"distribuido","media","CABA","antiguo","desconcentrada","alto","grande","mixto"
"376|340/001 - Dirección General de Administración - SSSLD",376,"CABA","seguridad_defensa","ELECTRICIDAD Y TELEFONIA",FALSE,1567,386,0.218253826931775,-0.647074619108715,1.9460535386986,-1.53325592758938,1,"una_sede","grande","CABA","reciente","centralizada","bajo","grande","mixto"
"379|38/00 - JEFATURA ADMINISTRATIVA FINANCIERA DE LA ARMADA",379,"CABA","seguridad_defensa","ELECTRICIDAD Y TELEFONIA",TRUE,578,269,0.182242838666625,-0.607988635764631,-0.292042400663355,-0.441960436091038,13,"distribuido","grande","CABA","antiguo","desconcentrada","alto","chica","mixto"
"379|38/008 - Base Naval Zárate",379,"Buenos Aires","seguridad_defensa","COMBUSTIBLES Y LUBRICANTES",TRUE,550,199,0.157235171076429,-0.715191510543549,-0.605883031352542,-0.360668290479643,13,"distribuido","grande","Buenos Aires","antiguo","desconcentrada","alto","media","mixto"
"379|38/01 - ARSENAL NAVAL PUERTO BELGRANO",379,"Buenos Aires","seguridad_defensa","ELECTRICIDAD Y TELEFONIA",TRUE,1037,273,0.189218653360874,-0.643936085014972,-0.605883031352542,-0.360668290479643,13,"distribuido","grande","Buenos Aires","antiguo","desconcentrada","alto","grande","mixto"
"379|38/021 - Jefatura Militar de la Dirección General de Educación de la Armada",379,"CABA","seguridad_defensa","ELECTRICIDAD Y TELEFONIA",TRUE,623,240,0.117401149852298,-0.677390431487667,-0.292042400663355,-0.441960436091038,13,"distribuido","grande","CABA","antiguo","desconcentrada","alto","chica","mixto"
"379|38/029 - Zona Naval Santa Cruz",379,"Santa Cruz","seguridad_defensa","ALIMENTOS",TRUE,153,46,-0.0753047753067053,-0.698323459240431,-0.447851561446162,-0.067825967633785,13,"distribuido","media","Santa Cruz","antiguo","desconcentrada","alto","media","mayoria_directa"
"379|38/03 - UOC de la Intendencia Naval Puerto Belgrano - Armada Argentina",379,"Buenos Aires","seguridad_defensa","ELECTRICIDAD Y TELEFONIA",TRUE,652,216,0.0238000917911874,-0.674431232065604,-0.605883031352542,-0.360668290479643,13,"distribuido","grande","Buenos Aires","antiguo","desconcentrada","alto","media","sin_directa"
"379|38/030 - Fragata A.R.A. Libertad",379,"CABA","seguridad_defensa","MANT. REPARACION Y LIMPIEZA",TRUE,231,117,0.112845345327692,-0.662070381297664,-0.267967130733099,-0.205600277532628,13,"distribuido","media","CABA","antiguo","desconcentrada","alto","media","mixto"
"379|38/034 - Arsenal Naval Mar del Plata",379,"Buenos Aires","seguridad_defensa","COMBUSTIBLES Y LUBRICANTES",TRUE,158,63,0.0659686791407342,-0.718248394839312,-0.581807761422286,-0.124308131921233,13,"distribuido","media","Buenos Aires","antiguo","desconcentrada","alto","media","mixto"
"379|38/10 - Unidad Operativa de Contrataciones - Escuela de Oficiales de la Armada",379,"Buenos Aires","seguridad_defensa","ELEMENTOS DE LIMPIEZA",TRUE,65,35,0.00124669429580411,-0.62928241423277,-0.673651968322864,-0.0330991280139174,13,"distribuido","chica","Buenos Aires","antiguo","desconcentrada","alto","media","sin_directa"
"379|38/11 - División de Compras - Destacamento naval Rio Grande",379,"Tierra del Fuego","seguridad_defensa","COMBUSTIBLES Y LUBRICANTES",TRUE,246,86,0.0874239587112013,-0.713870214015372,-0.447851561446162,-0.067825967633785,13,"distribuido","media","Tierra del Fuego","antiguo","desconcentrada","alto","chica","sin_directa"
"379|38/12 - Comando de la Flota de Mar",379,"Buenos Aires","seguridad_defensa","ELECTRICIDAD Y TELEFONIA",TRUE,1015,229,0.203577764872358,-0.647394597510036,-0.605883031352542,-0.360668290479643,13,"distribuido","grande","Buenos Aires","antiguo","desconcentrada","alto","grande","mixto"
"379|38/13 - Centro de instrucción y adiestramiento en técnicas y tácticas navales",379,"Buenos Aires","seguridad_defensa","CERRAJERIA",TRUE,132,52,0.149297471363595,-0.685316798540916,-0.581807761422286,-0.124308131921233,13,"distribuido","media","Buenos Aires","antiguo","desconcentrada","alto","grande","sin_directa"
"379|38/15 JEFATURA DE OBTENCION DE LA ARMADA",379,"CABA","seguridad_defensa","ALIMENTOS",TRUE,1548,249,0.453003661103103,-0.433159326514214,-0.292042400663355,-0.441960436091038,13,"distribuido","grande","CABA","antiguo","desconcentrada","alto","grande","mixto"
"379|38/16 - Licitaciones y Compras - Base Aeronaval Almirante Zar",379,"Chubut","seguridad_defensa","ELECTRICIDAD Y TELEFONIA",TRUE,485,138,0.0565429065239619,-0.690414365016507,-0.471926831376419,-0.304186126192194,13,"distribuido","grande","Chubut","antiguo","desconcentrada","alto","grande","sin_directa"
"379|38/17 - Escuela Naval Militar",379,"Buenos Aires","seguridad_defensa","FERRETERIA",TRUE,597,224,0.0560066736686043,-0.704416423563429,-0.605883031352542,-0.360668290479643,13,"distribuido","grande","Buenos Aires","antiguo","desconcentrada","alto","media","mixto"
"379|38/18 - Division Contrataciones - Comando de Transportes Navales",379,"CABA","seguridad_defensa","ELECTRICIDAD Y TELEFONIA",TRUE,833,251,0.242643163221243,-0.657663180529737,-0.292042400663355,-0.441960436091038,13,"distribuido","grande","CABA","antiguo","desconcentrada","alto","media","mixto"
"379|38/19 - División Contrataciones del Cuartel General del EMGA",379,"CABA","seguridad_defensa","BAZAR Y MENAJE",TRUE,860,344,0.0942378195984774,-0.684630744448803,-0.292042400663355,-0.441960436091038,13,"distribuido","grande","CABA","antiguo","desconcentrada","alto","chica","mixto"
"379|38/2 - UOC Base Naval Puerto Belgrano - EMGA",379,"Buenos Aires","seguridad_defensa","ELECTRICIDAD Y TELEFONIA",TRUE,833,244,0.13753745127242,-0.660434666688601,-0.605883031352542,-0.360668290479643,13,"distribuido","grande","Buenos Aires","antiguo","desconcentrada","alto","media","mixto"
"379|38/22 - Secretaria General de la Armada",379,"CABA","seguridad_defensa","BAZAR Y MENAJE",TRUE,519,202,0.115243261051995,-0.647488712297517,-0.292042400663355,-0.441960436091038,13,"distribuido","grande","CABA","antiguo","desconcentrada","alto","media","mixto"
"379|38/23 - Licitaciones y Compras - Base Aeronaval Punta Indio",379,"Buenos Aires","seguridad_defensa","ELECTRICIDAD Y TELEFONIA",TRUE,486,173,0.052460212242677,-0.721137450804492,-0.605883031352542,-0.360668290479643,13,"distribuido","grande","Buenos Aires","antiguo","desconcentrada","alto","chica","sin_directa"
"379|38/25 - Base Aeronaval Comandante espora",379,"Buenos Aires","seguridad_defensa","ELECTRICIDAD Y TELEFONIA",TRUE,715,233,0.0581686617594228,-0.694035184619576,-0.605883031352542,-0.360668290479643,13,"distribuido","grande","Buenos Aires","antiguo","desconcentrada","alto","chica","mixto"
"379|38/26 - Unidad Operativa de Contrataciones - Escuela suboficiales de la Armada",379,"Buenos Aires","seguridad_defensa","FERRETERIA",TRUE,441,139,0.084737416613249,-0.658639430970844,-0.605883031352542,-0.360668290479643,13,"distribuido","grande","Buenos Aires","antiguo","desconcentrada","alto","grande","sin_directa"
"379|38/27 - Agrupación Servicios de Cuartel",379,"CABA","seguridad_defensa","COMBUSTIBLES Y LUBRICANTES",TRUE,1020,253,0.0721762998323499,-0.680032317041213,-0.292042400663355,-0.441960436091038,13,"distribuido","grande","CABA","antiguo","desconcentrada","alto","grande","mixto"
"379|38/28 - Liceo Naval Militar Almirante Storni",379,"Misiones","seguridad_defensa","ALIMENTOS",TRUE,255,88,-0.0405868023038779,-0.649615277880911,-0.447851561446162,-0.067825967633785,13,"distribuido","media","Misiones","antiguo","desconcentrada","alto","grande","sin_directa"
"379|38/31 - DIRECCION GENERAL DE INTELIGENCIA DE LA ARMADA",379,"CABA","seguridad_defensa","ELECTRICIDAD Y TELEFONIA",TRUE,543,216,0.040715817033323,-0.709468569644167,-0.292042400663355,-0.441960436091038,13,"distribuido","grande","CABA","antiguo","desconcentrada","alto","chica","mayoria_directa"
"379|38/33 - Unidad Operativa de Contrataciones - Base Naval Mar del Plata",379,"Buenos Aires","seguridad_defensa","ELECTRICIDAD Y TELEFONIA",TRUE,872,242,0.0485925552283782,-0.703477042019816,-0.605883031352542,-0.360668290479643,13,"distribuido","grande","Buenos Aires","antiguo","desconcentrada","alto","grande","mixto"
"379|38/35 - Escuela Nacional de Pesca - Armada Argentina",379,"Buenos Aires","seguridad_defensa","FERRETERIA",TRUE,176,74,0.0603526009237557,-0.709712618563567,-0.581807761422286,-0.124308131921233,13,"distribuido","media","Buenos Aires","antiguo","desconcentrada","alto","media","mixto"
"379|38/37 - Hospital Naval Puerto Belgrano",379,"Buenos Aires","seguridad_defensa","PROD. MEDICO/FARMACEUTICOS/LAB",TRUE,627,225,0.171538790848357,-0.573134306452217,-0.605883031352542,-0.360668290479643,13,"distribuido","grande","Buenos Aires","antiguo","desconcentrada","alto","grande","mixto"
"379|38/38 - MINISTERIO DE DEFENSA - ARMADA ARGENTINA - HOSPITAL NAVAL BUENOS AIRES CIRUJANO MAYOR DOCTOR PEDRO MALLO",379,"CABA","seguridad_defensa","PROD. MEDICO/FARMACEUTICOS/LAB",TRUE,691,244,0.328460453079529,-0.496295471196932,-0.292042400663355,-0.441960436091038,13,"distribuido","grande","CABA","antiguo","desconcentrada","alto","grande","mixto"
"379|38/4 - INTENDENCIA NAVAL MAR DEL PLATA",379,"Buenos Aires","seguridad_defensa","ELECTRICIDAD Y TELEFONIA",TRUE,540,176,0.0335044577276325,-0.694019704607522,-0.605883031352542,-0.360668290479643,13,"distribuido","grande","Buenos Aires","antiguo","desconcentrada","alto","grande","mixto"
"379|38/5 - División de Compras - Arsenal Aereonaval Comandante Espora",379,"Buenos Aires","seguridad_defensa","ELECTRICIDAD Y TELEFONIA",TRUE,580,199,0.141586608601285,-0.690590906056586,-0.605883031352542,-0.360668290479643,13,"distribuido","grande","Buenos Aires","antiguo","desconcentrada","alto","media","mixto"
"379|38/6 - INTENDENCIA NAVAL USHUAIA",379,"Tierra del Fuego","seguridad_defensa","ELECTRICIDAD Y TELEFONIA",TRUE,1080,284,0.0973999418356528,-0.669989847479417,-0.471926831376419,-0.304186126192194,13,"distribuido","grande","Tierra del Fuego","antiguo","desconcentrada","alto","media","mixto"
"380|39 - Dirección General de Administración- PNA",380,"CABA","seguridad_defensa","MANT. REPARACION Y LIMPIEZA",TRUE,378,172,0.519765317626052,-0.408182602052256,0.226886430188832,-0.565591617461471,1,"una_sede","grande","CABA","antiguo","desconcentrada","alto","grande","mixto"
"381|40/005 - BASE AEREA MILITAR MORON",381,"Buenos Aires","seguridad_defensa","ALIMENTOS",TRUE,408,159,0.0127772750638466,-0.750633633927183,-0.605883031352542,-0.360668290479643,11,"distribuido","grande","Buenos Aires","antiguo","desconcentrada","alto","chica","mixto"
"381|40/014 - UOC DPTO CDR",381,"CABA","seguridad_defensa","ALIMENTOS",TRUE,1379,394,0.202499797356137,-0.590040500932491,-0.292042400663355,-0.441960436091038,11,"distribuido","grande","CABA","antiguo","desconcentrada","alto","grande","mixto"
"381|40/016 - AREA MATERIAL QUILMES",381,"Buenos Aires","seguridad_defensa","FERRETERIA",TRUE,735,242,0.0379208203670091,-0.650865843214865,-0.605883031352542,-0.360668290479643,11,"distribuido","grande","Buenos Aires","antiguo","desconcentrada","alto","media","mayoria_directa"
"381|40/017 - I BRIGADA AEREA PALOMAR",381,"Buenos Aires","seguridad_defensa","ALIMENTOS",TRUE,399,170,-0.00163879088940575,-0.725273032433294,-0.605883031352542,-0.360668290479643,11,"distribuido","grande","Buenos Aires","antiguo","desconcentrada","alto","media","mayoria_directa"
"381|40/018 - UOC PAR",381,"CABA","seguridad_defensa","ELECTRICIDAD Y TELEFONIA",TRUE,634,248,-0.0615500605333596,-0.654388552078867,-0.292042400663355,-0.441960436091038,11,"distribuido","grande","CABA","antiguo","desconcentrada","alto","media","mayoria_directa"
"381|40/019 - UOC  RTA",381,"CABA","seguridad_defensa","FERRETERIA",TRUE,567,193,-0.132266456081564,-0.638243520013181,-0.292042400663355,-0.441960436091038,11,"distribuido","grande","CABA","antiguo","desconcentrada","alto","chica","mayoria_directa"
"381|40/020 - UOC DOZ",381,"CABA","seguridad_defensa","ELECTRICIDAD Y TELEFONIA",TRUE,451,151,0.0349972480443453,-0.689684348817242,-0.292042400663355,-0.441960436091038,11,"distribuido","grande","CABA","antiguo","desconcentrada","alto","chica","mayoria_directa"
"381|40/021 - UOC RYD",381,"CABA","seguridad_defensa","CARPINTERIA",TRUE,511,176,-0.0651056501390965,-0.628677112993236,-0.292042400663355,-0.441960436091038,11,"distribuido","grande","CABA","antiguo","desconcentrada","alto","chica","mayoria_directa"
"381|40/022 - UOC DIL",381,"CABA","seguridad_defensa","BAZAR Y MENAJE",TRUE,591,206,-0.0737560023506793,-0.600507177192504,-0.292042400663355,-0.441960436091038,11,"distribuido","grande","CABA","antiguo","desconcentrada","alto","chica","mayoria_directa"
"381|40/023 - DIVISIÓN CONTRATACIONES MORENO",381,"Buenos Aires","seguridad_defensa","CERRAJERIA",TRUE,65,54,0.0656543918662016,-0.756944526843852,-0.673651968322864,-0.0330991280139174,11,"distribuido","chica","Buenos Aires","antiguo","desconcentrada","alto","chica","mixto"
"381|40/023 - VII BRIGADA AEREA MORENO",381,"Buenos Aires","seguridad_defensa","ALIMENTOS",TRUE,216,100,0.0493792860553206,-0.67543809747229,-0.581807761422286,-0.124308131921233,11,"distribuido","media","Buenos Aires","antiguo","desconcentrada","alto","media","mixto"
"381|40/024 - UOC CRV",381,"CABA","seguridad_defensa","ELECTRICIDAD Y TELEFONIA",TRUE,838,230,-0.0191666069009113,-0.677859144225086,-0.292042400663355,-0.441960436091038,11,"distribuido","grande","CABA","antiguo","desconcentrada","alto","chica","mayoria_directa"
"381|40/026 - DIRECCION DE VIGILANCIA Y CONTROL DEL AEROESPACIO",381,"Buenos Aires","seguridad_defensa","REPUESTOS",TRUE,264,144,-0.00400305226240709,-0.731568435545786,-0.581807761422286,-0.124308131921233,11,"distribuido","media","Buenos Aires","antiguo","desconcentrada","alto","media","mayoria_directa"
"381|40/028 - AREA DE MATERIAL RIO IV",381,"Córdoba","seguridad_defensa","ELECTRICIDAD Y TELEFONIA",TRUE,838,280,-0.0436194557487735,-0.591961229973069,-0.471926831376419,-0.304186126192194,11,"distribuido","grande","Córdoba","antiguo","desconcentrada","alto","media","mixto"
"381|40/030 - UOC LADE",381,"CABA","seguridad_defensa","ALIMENTOS",TRUE,369,142,0.204270116066808,-0.667123995371824,-0.267967130733099,-0.205600277532628,11,"distribuido","media","CABA","antiguo","desconcentrada","alto","grande","mixto"
"381|40/031 - OUC INFRA",381,"CABA","seguridad_defensa","MANT. REPARACION Y LIMPIEZA",TRUE,85,57,0.164373049042607,-0.562731164537137,-0.359811337633677,-0.114391273625312,11,"distribuido","chica","CABA","antiguo","desconcentrada","alto","chica","mayoria_directa"
"381|40/032 - AREA LOGISTICA PALOMAR",381,"Buenos Aires","seguridad_defensa","ELECTRICIDAD Y TELEFONIA",TRUE,495,196,0.0162921894089029,-0.729890987044675,-0.605883031352542,-0.360668290479643,11,"distribuido","grande","Buenos Aires","antiguo","desconcentrada","alto","chica","mixto"
"381|40/035 - UOC BASMAR",381,"Buenos Aires","seguridad_defensa","ALIMENTOS",TRUE,599,174,-0.101896603990625,-0.671289958057307,-0.605883031352542,-0.360668290479643,11,"distribuido","grande","Buenos Aires","antiguo","desconcentrada","alto","chica","mayoria_directa"
"381|40/037 - INSTITUTO DE FORMACION EZEIZA",381,"Buenos Aires","seguridad_defensa","ALIMENTOS",TRUE,322,135,0.115463208518718,-0.696684715642273,-0.581807761422286,-0.124308131921233,11,"distribuido","media","Buenos Aires","antiguo","desconcentrada","alto","grande","mayoria_directa"
"381|40/039 - UOC DPTO CDR",381,"CABA","seguridad_defensa","PROD. MEDICO/FARMACEUTICOS/LAB",TRUE,1171,392,0.282727252002688,-0.523409098153082,-0.292042400663355,-0.441960436091038,11,"distribuido","grande","CABA","antiguo","desconcentrada","alto","grande","mixto"
"381|40/043 - LICEO AERONAUTICO MILITAR",381,"Córdoba","seguridad_defensa","ALIMENTOS",TRUE,234,107,-0.0940287937901684,-0.633229282953409,-0.447851561446162,-0.067825967633785,11,"distribuido","media","Córdoba","antiguo","desconcentrada","alto","media","mayoria_directa"
"381|40/045 - UOC PAL",381,"Buenos Aires","seguridad_defensa","ALIMENTOS",TRUE,439,210,0.141569093659755,-0.674615421809488,-0.605883031352542,-0.360668290479643,11,"distribuido","grande","Buenos Aires","antiguo","desconcentrada","alto","chica","mayoria_directa"
"381|40/11 - UOC DPTO CDR",381,"CABA","seguridad_defensa","INDUMENT TEXTIL Y CONFECCIONES",TRUE,172,106,0.205724386935461,-0.53334860253695,-0.267967130733099,-0.205600277532628,11,"distribuido","media","CABA","antiguo","desconcentrada","alto","media","mixto"
"381|40/34 - Base Aérea Militar Río Gallegos",381,"Santa Cruz","seguridad_defensa","ELECTRICIDAD Y TELEFONIA",TRUE,326,136,-0.0829235881717628,-0.665416454570602,-0.447851561446162,-0.067825967633785,11,"distribuido","media","Santa Cruz","antiguo","desconcentrada","alto","chica","mayoria_directa"
"381|40/9 - por Base Aérea Militar Resistencia",381,"Chaco","seguridad_defensa","ELECTRICIDAD Y TELEFONIA",TRUE,572,192,-0.0283748820656453,-0.666823632906309,-0.471926831376419,-0.304186126192194,11,"distribuido","grande","Chaco","antiguo","desconcentrada","alto","media","mixto"
"381|Departamento Contrataciones Córdoba - UOC 40/47",381,"Córdoba","seguridad_defensa","ALIMENTOS",TRUE,1163,325,-0.00932213236931632,-0.617074290982483,-0.471926831376419,-0.304186126192194,11,"distribuido","grande","Córdoba","antiguo","desconcentrada","alto","media","mayoria_directa"
"381|Departamento Contrataciones Córdoba - UOC 40/49",381,"Córdoba","seguridad_defensa","FERRETERIA",TRUE,674,204,-0.0358794128464917,-0.627698035289398,-0.471926831376419,-0.304186126192194,11,"distribuido","grande","Córdoba","antiguo","desconcentrada","alto","chica","mayoria_directa"
"381|Departamento Contrataciones Córdoba - UOC 40/51",381,"Córdoba","seguridad_defensa","PROD. MEDICO/FARMACEUTICOS/LAB",TRUE,585,182,0.185816972016756,-0.542408554241207,-0.471926831376419,-0.304186126192194,11,"distribuido","grande","Córdoba","antiguo","desconcentrada","alto","media","mayoria_directa"
"381|Departamento Contrataciones Córdoba - UOC 40/52",381,"Córdoba","seguridad_defensa","FERRETERIA",TRUE,295,125,-0.0953787151553604,-0.602915385545122,-0.447851561446162,-0.067825967633785,11,"distribuido","media","Córdoba","antiguo","desconcentrada","alto","media","mayoria_directa"
"382|279/000 - Departamento de Compras - PSA",382,"CABA","seguridad_defensa","MANT. REPARACION Y LIMPIEZA",FALSE,371,178,0.315584736920354,-0.453529009137279,0.807188581306449,-0.999511475370225,1,"una_sede","grande","CABA","reciente","desconcentrada","alto","grande","mixto"
"388|505 - MINISTERIO DE CAPITAL HUMANO",388,"CABA","salud_social","ELEMENTOS DE LIMPIEZA",FALSE,33,30,0.225497407151294,-0.466785386063603,1.27172254712952,-1.35192056978525,1,"una_sede","chica","CABA","reciente","centralizada","alto","media","mixto"
"450|41 - División Compras y Contrataciones-IGN",450,"CABA","ciencia_universidad","LIBRERIA PAP. Y UTILES OFICINA",FALSE,318,172,0.0746740697599302,-0.516730630286056,1.18869204154913,0.202598277412117,1,"una_sede","media","CABA","antiguo","descentralizada","bajo","media","mayoria_directa"
"452|289 - Dirección General de Administración-SMN",452,"CABA","ciencia_universidad","SERV. PROFESIONAL Y COMERCIAL",FALSE,197,114,0.423960254460642,-0.268965077606265,0.791609154622315,0.574305495608993,1,"una_sede","media","CABA","antiguo","descentralizada","medio","grande","mixto"
"470|43 - Departamento de Compras  - Instituto de Ayuda Financiera para pago de Retiros y Pensiones Militares - Ministerio de Defensa",470,"CABA","seguridad_defensa","SERV. PROFESIONAL Y COMERCIAL",FALSE,365,175,0.189688719898954,-0.342149453656662,0.582129986950366,0.0563644727505277,1,"una_sede","media","CABA","antiguo","descentralizada","alto","grande","mayoria_directa"
"602|44/000 - Gerencia de Servicios Centrales - CNV",602,"CABA","administracion","SERV. PROFESIONAL Y COMERCIAL",FALSE,350,158,0.311263055313227,-0.178994362484058,1.68834365393451,0.489291454352683,1,"una_sede","media","CABA","medio","descentralizada","bajo","grande","mayoria_directa"
"603|45 - Dirección General de Administración-SSN",603,"CABA","administracion","INFORMATICA",FALSE,127,64,0.458873412757072,-0.208914882847574,0.791609154622315,0.574305495608993,1,"una_sede","media","CABA","antiguo","descentralizada","medio","grande","mixto"
"604|46/000 - Coordinación de Licitaciones y Contrataciones - DNV",604,"CABA","infraestructura","MANT. REPARACION Y LIMPIEZA",TRUE,720,349,0.304502769035229,-0.231683307061505,0.0391258861679231,-0.0563645044374483,24,"distribuido","grande","CABA","antiguo","descentralizada","alto","grande","mixto"
"604|46/01 - 19° Bahía Blanca - DNV",604,"Buenos Aires","infraestructura","ELECTRICIDAD Y TELEFONIA",TRUE,501,202,0.168642676278312,-0.428546731512946,-0.274714744521264,0.024927641173946,24,"distribuido","grande","Buenos Aires","antiguo","descentralizada","alto","grande","mayoria_directa"
"604|46/02 - 2° Córdoba - DNV",604,"Córdoba","infraestructura","MANT. REPARACION Y LIMPIEZA",TRUE,215,125,0.068023276681249,-0.40857495306038,-0.116683274614884,0.317769964019804,24,"distribuido","media","Córdoba","antiguo","descentralizada","alto","grande","mayoria_directa"
"604|46/02 - 2° Distrito Córdoba - DNV",604,"Córdoba","infraestructura","ELECTRICIDAD Y TELEFONIA",TRUE,27,27,0.10862039926828,-0.333498460438343,-0.208527481515462,0.40897896792712,24,"distribuido","chica","Córdoba","antiguo","descentralizada","alto","grande","mayoria_directa"
"604|46/03 - 3° Tucumán - DNV",604,"Tucumán","infraestructura","REPUESTOS",TRUE,472,190,0.0296254506080432,-0.4217653243016,-0.14075854454514,0.0814098054613945,24,"distribuido","grande","Tucumán","antiguo","descentralizada","alto","media","mayoria_directa"
"604|46/04 - 4° Mendoza - DNV",604,"Mendoza","infraestructura","REPUESTOS",TRUE,899,296,0.0572515848529645,-0.360169822955024,-0.14075854454514,0.0814098054613945,24,"distribuido","grande","Mendoza","antiguo","descentralizada","alto","grande","mayoria_directa"
"604|46/05 - 5° Salta - DNV",604,"Salta","infraestructura","ELECTRICIDAD Y TELEFONIA",TRUE,295,168,0.138782272573877,-0.425701569423551,-0.116683274614884,0.317769964019804,24,"distribuido","media","Salta","antiguo","descentralizada","alto","media","mayoria_directa"
"604|46/06 - 6° Jujuy - DNV",604,"Jujuy","infraestructura","MANT. REPARACION Y LIMPIEZA",TRUE,469,204,0.0663632468846554,-0.335952742675119,-0.14075854454514,0.0814098054613945,24,"distribuido","grande","Jujuy","antiguo","descentralizada","alto","grande","mayoria_directa"
"604|46/07 - 7° Santa Fe - DNV",604,"Santa Fe","infraestructura","ELECTRICIDAD Y TELEFONIA",TRUE,605,283,0.0530562847774992,-0.428267071150817,-0.14075854454514,0.0814098054613945,24,"distribuido","grande","Santa Fe","antiguo","descentralizada","alto","media","mayoria_directa"
"604|46/08 - 8° La Rioja - DNV",604,"La Rioja","infraestructura","REPUESTOS",TRUE,641,234,0.0478300137383659,-0.483756686596043,-0.14075854454514,0.0814098054613945,24,"distribuido","grande","La Rioja","antiguo","descentralizada","alto","media","mayoria_directa"
"604|46/09 - 9° San Juan - DNV",604,"San Juan","infraestructura","ELECTRICIDAD Y TELEFONIA",TRUE,280,168,0.0802892822749126,-0.359271798835536,-0.116683274614884,0.317769964019804,24,"distribuido","media","San Juan","antiguo","descentralizada","alto","media","mayoria_directa"
"604|46/10 - 10° Corrientes - DNV",604,"Corrientes","infraestructura","MANT. REPARACION Y LIMPIEZA",TRUE,351,165,0.0843447079419239,-0.371055995484947,-0.116683274614884,0.317769964019804,24,"distribuido","media","Corrientes","antiguo","descentralizada","alto","media","mayoria_directa"
"604|46/11 - 11° Catamarca - DNV",604,"Catamarca","infraestructura","REPUESTOS",TRUE,499,197,0.050576846925906,-0.38712190749646,-0.14075854454514,0.0814098054613945,24,"distribuido","grande","Catamarca","antiguo","descentralizada","alto","grande","mayoria_directa"
"604|46/12 - 12° Neuquen - DNV",604,"Neuquén","infraestructura","EQUIPOS",TRUE,365,212,0.144068530624607,-0.366802670750882,-0.116683274614884,0.317769964019804,24,"distribuido","media","Neuquén","antiguo","descentralizada","alto","grande","mayoria_directa"
"604|46/13 - 13° Chubut - DNV",604,"Chubut","infraestructura","MANT. REPARACION Y LIMPIEZA",TRUE,712,288,0.0288656017286442,-0.237179101336495,-0.14075854454514,0.0814098054613945,24,"distribuido","grande","Chubut","antiguo","descentralizada","alto","grande","mayoria_directa"
"604|46/14 - 14° San Luis - DNV",604,"San Luis","infraestructura","REPUESTOS",TRUE,289,158,0.0916281127815163,-0.327845294543592,-0.116683274614884,0.317769964019804,24,"distribuido","media","San Luis","antiguo","descentralizada","alto","media","mayoria_directa"
"604|46/15 - 15° Misiones - DNV",604,"Misiones","infraestructura","MANT. REPARACION Y LIMPIEZA",TRUE,514,192,0.0216547034970975,-0.380394246119771,-0.14075854454514,0.0814098054613945,24,"distribuido","grande","Misiones","antiguo","descentralizada","alto","media","mayoria_directa"
"604|46/16 - 16° Santiago del Estero - DNV",604,"Santiago del Estero","infraestructura","REPUESTOS",TRUE,442,205,0.0650281080033581,-0.400278483047154,-0.14075854454514,0.0814098054613945,24,"distribuido","grande","Santiago del Estero","antiguo","descentralizada","alto","media","mayoria_directa"
"604|46/17 - 17° Entre Rios - DNV",604,"Entre Ríos","infraestructura","REPUESTOS",TRUE,749,302,0.0829847148995284,-0.375850071761535,-0.14075854454514,0.0814098054613945,24,"distribuido","grande","Entre Ríos","antiguo","descentralizada","alto","media","mayoria_directa"
"604|46/18 - 18° Chaco - DNV",604,"Chaco","infraestructura","MANT. REPARACION Y LIMPIEZA",TRUE,567,214,-0.0418717652668922,-0.317832665059187,-0.14075854454514,0.0814098054613945,24,"distribuido","grande","Chaco","antiguo","descentralizada","alto","media","mayoria_directa"
"604|46/19 - 1° Buenos Aires - DNV",604,"CABA","infraestructura","ELECTRICIDAD Y TELEFONIA",TRUE,429,215,0.169499880241714,-0.432901487132087,0.0391258861679231,-0.0563645044374483,24,"distribuido","grande","CABA","antiguo","descentralizada","alto","grande","mixto"
"604|46/20 - 20° Río Negro - DNV",604,"Río Negro","infraestructura","REPUESTOS",TRUE,516,228,0.12287675678283,-0.393525017664334,-0.14075854454514,0.0814098054613945,24,"distribuido","grande","Río Negro","antiguo","descentralizada","alto","grande","mayoria_directa"
"604|46/21 - 21° La Pampa - DNV",604,"La Pampa","infraestructura","ELECTRICIDAD Y TELEFONIA",TRUE,521,242,0.0559626336378082,-0.393408773935307,-0.14075854454514,0.0814098054613945,24,"distribuido","grande","La Pampa","antiguo","descentralizada","alto","media","mayoria_directa"
"604|46/22 - 22° Formosa - DNV",604,"Formosa","infraestructura","ELECTRICIDAD Y TELEFONIA",TRUE,525,200,-0.0314596021582584,-0.420360734753537,-0.14075854454514,0.0814098054613945,24,"distribuido","grande","Formosa","antiguo","descentralizada","alto","media","mayoria_directa"
"604|46/23 - 23° Santa Cruz - DNV",604,"Santa Cruz","infraestructura","ELECTRICIDAD Y TELEFONIA",TRUE,554,245,0.0217614598375704,-0.468123958901257,-0.14075854454514,0.0814098054613945,24,"distribuido","grande","Santa Cruz","antiguo","descentralizada","alto","grande","mixto"
"604|46/24 - 24° Tierra del Fuego - DNV",604,"Tierra del Fuego","infraestructura","MANT. REPARACION Y LIMPIEZA",TRUE,502,173,0.17158972091062,-0.314576201186887,-0.14075854454514,0.0814098054613945,24,"distribuido","grande","Tierra del Fuego","antiguo","descentralizada","alto","grande","mayoria_directa"
"607|47 - Dpto. de Compras y Servicios- INIDEP",607,"Buenos Aires","ciencia_universidad","MANT. REPARACION Y LIMPIEZA",FALSE,1750,430,0.141919493905333,-0.447463770506757,0.95334486638825,0.705930659602543,1,"una_sede","grande","Buenos Aires","medio","descentralizada","medio","media","mayoria_directa"
"609|49/00 - Instituto Nacional de Vitivinicultura",609,"Mendoza","administracion","MANT. REPARACION Y LIMPIEZA",FALSE,661,245,0.00627474335457974,-0.198517811222282,1.08730106636437,0.762412823889991,1,"una_sede","grande","Mendoza","medio","descentralizada","medio","media","mayoria_directa"
"612|160 - Gestión de compras- TTN",612,"CABA","administracion","INFORMATICA",FALSE,59,36,0.327752366076236,-0.286130482419976,1.09684783464855,0.293807281319433,1,"una_sede","chica","CABA","antiguo","descentralizada","bajo","media","mixto"
"613|90 - Departamento de Compras y Licitaciones-ENOHSA",613,"CABA","infraestructura","SERV. PROFESIONAL Y COMERCIAL",FALSE,364,181,0.103979359403485,-0.407669674398899,1.08178159933574,0.343057649691093,1,"una_sede","media","CABA","medio","descentralizada","alto","chica","mayoria_directa"
"614|50 - Departamento de Compras y Contrataciones",614,"CABA","administracion","BAZAR Y MENAJE",FALSE,303,140,0.380714806224397,-0.255720363749606,1.29126076700769,0.860998672549558,1,"una_sede","media","CABA","medio","descentralizada","medio","grande","mayoria_directa"
"620|85/000 - Dirección General de Administracion",620,"CABA","administracion","SERV. PROFESIONAL Y COMERCIAL",FALSE,74,32,0.270558974570378,-0.175315439760606,1.09684783464855,0.293807281319433,1,"una_sede","chica","CABA","antiguo","descentralizada","bajo","media","mayoria_directa"
"622|101 - Departamento de Compras y Contrataciones",622,"CABA","administracion","ELECTRICIDAD Y TELEFONIA",FALSE,290,156,0.238388695898039,-0.330792022460972,1.68834365393451,0.489291454352683,1,"una_sede","media","CABA","medio","descentralizada","bajo","media","mayoria_directa"
"623|52 - Coordinación de Compras y Contrataciones - SENASA",623,"CABA","administracion","MANT. REPARACION Y LIMPIEZA",FALSE,1162,391,0.365663295644622,-0.0844607512757627,1.05770632940549,0.106697491132683,1,"una_sede","grande","CABA","medio","descentralizada","alto","grande","mixto"
"624|Servicio Geológico Minero Argentino - Dir. Administración y Finanzas - Compras",624,"CABA","ciencia_universidad","EQUIPOS",FALSE,268,144,0.441467559982311,-0.187724181827409,1.68834365393451,0.489291454352683,1,"una_sede","media","CABA","medio","descentralizada","bajo","grande","mayoria_directa"
"651|55 - Gerencia de Administración- Área de Compras y Contrataciones",651,"CABA","administracion","MANT. REPARACION Y LIMPIEZA",FALSE,718,298,0.247437462300756,-0.249232752618172,1.26718549707744,0.624638513991149,1,"una_sede","grande","CABA","medio","descentralizada","medio","media","mayoria_directa"
"652|56 - Compras y Contrataciones - ENRE",652,"CABA","administracion","ALIMENTOS",FALSE,188,124,0.229175633131346,-0.34336460138482,1.68834365393451,0.489291454352683,1,"una_sede","media","CABA","medio","descentralizada","bajo","media","mayoria_directa"
"656|93 - Sector Compras- ORSEP",656,"CABA","administracion","SERV. PROFESIONAL Y COMERCIAL",FALSE,36,26,0.146666743279412,-0.154728258969181,1.59649944703393,0.580500458259998,1,"una_sede","chica","CABA","medio","descentralizada","bajo","grande","mayoria_directa"
"661|73 - Direccion General de  Administración - CNRT",661,"CABA","administracion","EQUIPOS",FALSE,755,317,0.248553144295439,-0.367575666523174,1.26718549707744,0.624638513991149,1,"una_sede","grande","CABA","medio","descentralizada","medio","grande","mayoria_directa"
"664|58 - Dto de compras y contrataciones  - ORSNA",664,"CABA","administracion","ALIMENTOS",FALSE,108,68,0.316890296039535,-0.396237898076882,1.76899419266675,-0.231321580496637,1,"una_sede","media","CABA","reciente","descentralizada","bajo","chica","mayoria_directa"
"664|58/01 - Fideicomiso- ORSNA",664,"CABA","administracion","SERV. PROFESIONAL Y COMERCIAL",FALSE,54,45,0.314168334482079,-0.0794124827341044,1.67714998576617,-0.140112576589321,1,"una_sede","chica","CABA","reciente","descentralizada","bajo","grande","mayoria_directa"
"669|327 - Departamento de Compras y Contrataciones- ANAC",669,"CABA","administracion","MANT. REPARACION Y LIMPIEZA",FALSE,322,191,0.313640379061482,-0.243033866901868,1.37191130573993,0.140385637700239,1,"una_sede","media","CABA","reciente","descentralizada","medio","grande","mayoria_directa"
"669|327/1 - Fideicomiso ANAC",669,"CABA","administracion","EQUIPOS",FALSE,51,45,0.422443630291137,-0.261894075826469,1.28006709883935,0.231594641607555,1,"una_sede","chica","CABA","reciente","descentralizada","medio","grande","mixto"
"670|368/000 - Dirección General de Administración - UIF",670,"CABA","administracion","SERV. PROFESIONAL Y COMERCIAL",FALSE,105,57,0.376942861711795,-0.085304983105903,1.76899419266675,-0.231321580496637,1,"una_sede","media","CABA","reciente","descentralizada","bajo","grande","mayoria_directa"
"671|436 - MINISTERIO DE ECONOMÍA - JUNTA DE SEGURIDAD EN EL TRANSPORTE - COMPRAS",671,"CABA","administracion","SERV. PROFESIONAL Y COMERCIAL",FALSE,362,212,0.213213501016231,-0.151063419660412,1.76899419266675,-0.231321580496637,1,"una_sede","media","CABA","reciente","descentralizada","bajo","grande","mayoria_directa"
"802|59 - Compras-FNA",802,"CABA","cultura_educacion","ELECTRICIDAD Y TELEFONIA",FALSE,83,67,0.176313572422461,-0.448411673889816,1.59649944703393,0.580500458259998,1,"una_sede","chica","CABA","medio","descentralizada","bajo","chica","mayoria_directa"
"804|60 - Oficina de Compras y Contrataciones - CONEAU",804,"CABA","ciencia_universidad","MANT. REPARACION Y LIMPIEZA",FALSE,140,79,0.277270942713474,-0.30113594153369,1.68834365393451,0.489291454352683,1,"una_sede","media","CABA","medio","descentralizada","bajo","media","mayoria_directa"
"850|63/000 - Dirección de Contrataciones - ANSES II",850,"CABA","salud_social","ALQUILER",FALSE,967,486,0.111712943708562,0.425040960034173,1.05770632940549,0.106697491132683,1,"una_sede","grande","CABA","medio","descentralizada","alto","grande","mixto"
"852|64/000 - Departamento de Compras y Contrataciones- SRT",852,"CABA","administracion","SERV. PROFESIONAL Y COMERCIAL",FALSE,868,363,0.282010099808756,0.0131353362756078,1.66426838400425,0.252931295794273,1,"una_sede","grande","CABA","medio","descentralizada","bajo","grande","mixto"
"902|65 - División Suministros y Contrataciones",902,"CABA","salud_social","PROD. MEDICO/FARMACEUTICOS/LAB",FALSE,682,277,0.214115960021662,-0.379552610055473,1.34783603580968,-0.0959745208581705,1,"una_sede","grande","CABA","reciente","descentralizada","medio","media","mayoria_directa"
"903|97/000 - Hospital Nacional Dr Baldomero Sommer",903,"Buenos Aires","salud_social","PROD. MEDICO/FARMACEUTICOS/LAB",FALSE,1906,451,0.335746560069294,-0.298199941392443,0.95334486638825,0.705930659602543,1,"una_sede","grande","Buenos Aires","medio","descentralizada","medio","grande","mixto"
"904|66/00 - Dirección de Compras; Suministros; Logística y Arquitectura - ANMAT",904,"CABA","salud_social","MANT. REPARACION Y LIMPIEZA",FALSE,1339,285,0.343439776305022,-0.201363061650651,1.26718549707744,0.624638513991149,1,"una_sede","grande","CABA","medio","descentralizada","medio","grande","mixto"
"905|67 - Departamento de compras y contrataciones- INCUCAI",905,"CABA","salud_social","EQUIPOS",FALSE,516,229,0.380958235331033,-0.231647678957483,1.26718549707744,0.624638513991149,1,"una_sede","grande","CABA","medio","descentralizada","medio","grande","mixto"
"906|68/00 - Departamento de Administracion de Bienes - ANLIS",906,"CABA","salud_social","PROD. MEDICO/FARMACEUTICOS/LAB",FALSE,3975,710,0.273407961985657,-0.263564413631267,0.767533884692059,0.337945337050583,1,"una_sede","grande","CABA","antiguo","descentralizada","medio","media","mayoria_directa"
"908|96 - Dirección General de Administración",908,"Buenos Aires","salud_social","PROD. MEDICO/FARMACEUTICOS/LAB",FALSE,1924,412,0.473925020860957,-0.0527058804947639,0.743865698716301,0.187989636744078,1,"una_sede","grande","Buenos Aires","medio","descentralizada","alto","grande","mixto"
"909|HOSPITAL NACIONAL Y COMUNIDAD DR. RAMON CARRILLO",909,"Buenos Aires","salud_social","PROD. MEDICO/FARMACEUTICOS/LAB",FALSE,927,332,0.311166129104269,-0.292618909693461,0.453693254002873,0.419237482661978,1,"una_sede","grande","Buenos Aires","antiguo","descentralizada","medio","grande","mixto"
"910|88/00 - Compras - Instituto Nacional de Rehabilitación Psicofísica del Sur",910,"Buenos Aires","salud_social","PROD. MEDICO/FARMACEUTICOS/LAB",FALSE,774,283,0.183890093683392,-0.365234440183198,1.35042775331506,0.334223441405667,1,"una_sede","grande","Buenos Aires","medio","descentralizada","bajo","media","mayoria_directa"
"914|71 -   Coordinación de Contrataciones y Patrimonio-SSS",914,"CABA","salud_social","ALQUILER",FALSE,419,222,0.178039027386353,-0.0476985849361325,1.26718549707744,0.624638513991149,1,"una_sede","grande","CABA","medio","descentralizada","medio","grande","mayoria_directa"
"915|477/000 - Departamento de Compras y Adquisiciones -INC",915,"CABA","salud_social","IMPRENTA Y EDITORIALES",FALSE,35,24,0.366653089679897,-0.0807073240459888,1.67714998576617,-0.140112576589321,1,"una_sede","chica","CABA","reciente","descentralizada","bajo","grande","mayoria_directa"
"917|483 - Compras",917,"CABA","salud_social","SERV. PROFESIONAL Y COMERCIAL",FALSE,200,123,0.286818431548151,-0.255211874688732,1.16243213806798,-0.377555385158226,1,"una_sede","media","CABA","reciente","descentralizada","alto","grande","mixto"
