"uoc_id","f1","f2","f3","masa","saf_id","A_juris","sede_provincia","anclado","A_tipo","A_rango","A_antiguedad","A_presupuesto","N_tamano","N_distribuido","n_sup","acceso","contenido","unidad_dim1","unidad_dim2"
"101|98/00 - Dir. Compras",-0.131904421485799,-0.0254078832102853,0.187102324772127,0.00236383334974884,101,"Tucumán","Tucumán","programatico","ciencia_universidad","descentralizada","antiguo","bajo","grande","una_sede",194,0.0913760609081057,-0.463123433130391,0.330888173308391,-0.10475244239361
"103|91/00 - Departamento de Compras; Mantenimiento y Suministros",0.204759012237748,-0.236196322308157,0.501209790094231,0.000658672313601891,103,"CABA","CABA","programatico","ciencia_universidad","descentralizada","medio","alto","media","una_sede",77,0.179231850231006,-0.428392179902465,0.426177244220009,0.00150111728265939
"105|14 - Compras y Contrataciones - CNEA",0.197512382087911,-0.111743949937026,0.453700277456411,0.00747316064217473,105,"CABA","CABA","programatico","ciencia_universidad","descentralizada","medio","alto","grande","distribuido",517,0.259770549017032,-0.379205224828069,0.426177244220012,0.00150111728265459
"105|14/1 - Centro Atómico Constituyentes - CNEA",0.413683366741203,0.0635519735974759,0.51187585430901,0.00515857382054565,105,"Buenos Aires","Buenos Aires","programatico","ciencia_universidad","descentralizada","medio","alto","grande","distribuido",325,0.322480392035533,-0.320752632840152,0.147515535479959,-0.165344818768531
"105|14/2 - Centro Atómico Ezeiza - CNEA",0.219073761546354,0.0397259503753098,0.321982895616694,0.00760858859450409,105,"Buenos Aires","Buenos Aires","programatico","ciencia_universidad","descentralizada","medio","alto","grande","distribuido",460,0.231725001547306,-0.429728139504836,0.147515535479952,-0.165344818768544
"105|14/3 - Centro Atómico Bariloche - CNEA",-0.0571945805184501,-0.0553283137405798,0.264568372429669,0.0108650152664237,105,"Río Negro","Río Negro","programatico","ciencia_universidad","descentralizada","medio","alto","grande","distribuido",476,0.218630194528035,-0.502181570000199,0.288155654809307,-0.15647312518243
"106|15 - Subgerencia de Compras y Contrataciones",0.300769258603845,-0.316376117951084,0.726702602295311,0.00403205948980597,106,"CABA","CABA","programatico","ciencia_universidad","descentralizada","medio","medio","grande","una_sede",333,0.423459730999053,-0.231204310953808,1.06415945329935,-0.216225207115187
"107|74/00 - ADMINISTRACIÓN DE PARQUES NACIONALES - COORDINACIÓN DE CONTRATACIONES",0.334072723218288,-0.388499316296096,0.716519323269631,0.00265315670245248,107,"CABA","CABA","anclado","administracion","descentralizada","antiguo","medio","grande","distribuido",224,0.368325607771122,-0.195448581414183,0.986713801595042,-0.458773171000014
"107|74/003 - Parque Nacional Lanin",-0.464241737769061,-0.125660893272511,0.0611424200285376,0.00182827735644637,107,"Neuquén","Neuquén","anclado","administracion","descentralizada","antiguo","medio","media","distribuido",174,0.0510859178694646,-0.433386804958779,0.640197864970876,-0.850956391890135
"107|74/01 - Departamento de Administracion  - Parque Nacional Nahuel Huapi",-0.553970682192751,-0.168205767956646,0.143748634372644,0.00204988673298532,107,"Río Negro","Río Negro","anclado","administracion","descentralizada","antiguo","medio","media","distribuido",167,0.0210343772057132,-0.389754054604758,0.848692212184326,-0.616747413465106
"107|74/02 - IGUAZU- OFICINA DE ADMINISTRACION",-0.681981565941533,-0.210993104243257,0.152788442518954,0.00126809809908401,107,"Misiones","Misiones","anclado","administracion","descentralizada","antiguo","medio","media","distribuido",89,-0.00129524760356872,-0.439018178017468,0.640197864970843,-0.850956391890155
"107|74/04 - Parque Nacional Los Alerces",-0.595603560243086,-0.168762792115439,0.0797244043131592,0.00108957943464986,107,"Chubut","Chubut","anclado","administracion","descentralizada","antiguo","medio","media","distribuido",99,-0.0127111137143554,-0.419522541439438,0.848692212184334,-0.616747413465098
"107|74/05 - Parque Nacional El Rey",-0.525169021308752,-0.134567435341096,-0.07575886086011,0.000283167536688663,107,"Salta","Salta","anclado","administracion","descentralizada","antiguo","medio","chica","distribuido",39,0.162646350991089,-0.589056372767265,0.47115675551597,-1.37605231195506
"107|74/07 - INTENDENCIA TIERRA DEL FUEGO",-0.279047028309921,-0.318753315697991,0.512960010850045,0.00019698611247907,107,"Tierra del Fuego","Tierra del Fuego","anclado","administracion","descentralizada","antiguo","medio","chica","distribuido",21,0.148780927934712,-0.325108557211171,0.640197864970858,-0.850956391890135
"107|74/09 - INTENDENCIA LAGO PUELO",-0.340676918668545,-0.140124589639579,0.143186099539208,0.000683295577661775,107,"Chubut","Chubut","anclado","administracion","descentralizada","antiguo","medio","media","distribuido",70,-0.00895217092293344,-0.469703958475209,0.574639864555364,-0.895244869651372
"107|74/10 - INTENDENCIA EL PALMAR",-0.449419460270118,-0.0873880165873524,0.00187947306097067,0.00134812370727864,107,"Entre Ríos","Entre Ríos","anclado","administracion","descentralizada","antiguo","medio","media","distribuido",128,0.0950380007845628,-0.559917638810345,0.64019786497086,-0.850956391890136
"107|74/11 - Dirección Regional Patagonia Norte - APN",-0.415657600491717,-0.0374196093588544,0.010164069040139,0.000498621097212647,107,"Río Negro","Río Negro","anclado","administracion","descentralizada","antiguo","medio","chica","distribuido",54,-0.0518643787588029,-0.567311889721762,0.574639864555355,-0.895244869651365
"107|74/13 - PARQUE NACIONAL CAMPO DE LOS ALISOS",-0.757548020419031,-0.0511521682319281,-0.193946288604266,0.000227765192553925,107,"Tucumán","Tucumán","anclado","administracion","descentralizada","antiguo","medio","chica","distribuido",26,-0.1268017041881,-0.510847764571544,0.640197864970862,-0.850956391890139
"107|74/15 - Parque Nacional Sierra de las Quijadas - Dpto. Administracion",-0.560218890222309,-0.096368258255668,-0.0528625254892305,0.000473997833152763,107,"San Luis","San Luis","anclado","administracion","descentralizada","antiguo","medio","chica","distribuido",51,0.0676612989018392,-0.569983379216883,0.574639864555356,-0.895244869651368
"107|74/16 - Delegación Centro DRC - APN",-0.283326421731552,-0.326688536073292,0.533194459318347,0.000221609376538954,107,"CABA","CABA","anclado","administracion","descentralizada","antiguo","medio","chica","distribuido",21,-0.14093981481163,-0.226349288481949,0.778219454381567,-0.692982149425051
"107|74/17 - Parque Nacional Talampaya",-0.537169404160756,-0.0856816416882565,-0.0409264651601096,0.00102802127450015,107,"La Rioja","La Rioja","anclado","administracion","descentralizada","antiguo","medio","media","distribuido",71,0.000474699038456034,-0.627025929801308,0.536714755931475,-1.33176383419383
"107|74/18 - CENTRO DE FORMACION Y CAPACITACION EMBALSE",-0.173996221910492,-0.162630047103388,0.383020917744789,0.000400128040973111,107,"Córdoba","Córdoba","anclado","administracion","descentralizada","antiguo","medio","chica","distribuido",49,0.00468061689313374,-0.370551311802743,0.640197864970859,-0.850956391890135
"107|74/19 - Parque Nacional El Leoncito",-0.531252345643334,-0.0431864749188705,-0.126251292528211,0.000535555993302472,107,"San Juan","San Juan","anclado","administracion","descentralizada","antiguo","medio","chica","distribuido",64,-0.0920163790245483,-0.59420156818879,0.574639864555355,-0.895244869651365
"107|74/20 - Parque Nacional Quebrada del Condorito",-0.495090872118913,-0.0990213840615238,0.00425570142870351,0.000794100265931252,107,"Córdoba","Córdoba","anclado","administracion","descentralizada","antiguo","medio","media","distribuido",74,-0.029493651690489,-0.520486198808058,0.640197864970859,-0.850956391890135
"107|74/21 - Monumento Natural Laguna de los Pozuelos",-0.687430395437088,-0.144994327913142,0.0346240497870267,0.000215453560523983,107,"Jujuy","Jujuy","anclado","administracion","descentralizada","antiguo","medio","chica","distribuido",27,-0.0508910845213594,-0.481171869725304,0.536714755931475,-1.33176383419383
"107|74/24 - Direccion Regional NEA",-0.513857601253164,-0.140164885931004,0.118452237246872,0.000246232640598838,107,"Misiones","Misiones","anclado","administracion","descentralizada","antiguo","medio","chica","distribuido",28,-0.0956514499937971,-0.461952781388609,0.47115675551597,-1.37605231195506
"107|74/25 - Parque Nacional Ciervo de los Pantanos",-0.26149888735536,-0.110563384200101,0.126275847189177,0.00108957943464986,107,"Buenos Aires","Buenos Aires","anclado","administracion","descentralizada","antiguo","medio","media","distribuido",97,0.139096984108126,-0.565704220098882,0.433999745226009,-0.904116563237476
"107|74/26 - Parque Nacional Mburucuya",-0.515840024226185,-0.116986326432109,-0.00328470525741956,0.000646360681571949,107,"Corrientes","Corrientes","anclado","administracion","descentralizada","antiguo","medio","media","distribuido",61,0.0569665702894015,-0.569826521774157,0.47115675551597,-1.37605231195506
"107|74/27 - Parque Nacional Chaco",-0.522118611708278,-0.120330614450205,0.00552965776415856,0.00104648872254506,107,"Chaco","Chaco","anclado","administracion","descentralizada","antiguo","medio","media","distribuido",101,0.0593381729418853,-0.53078726560023,0.574639864555355,-0.895244869651365
"107|74/28 - Parque Nacional Río Pilcomayo",-0.595544956931633,-0.0730701029684314,-0.096252889212749,0.0011018910666798,107,"Formosa","Formosa","anclado","administracion","descentralizada","antiguo","medio","media","distribuido",103,-0.0830889557960625,-0.590975601744293,0.47115675551597,-1.37605231195506
"107|74/29 - Parque Nacional Laguna Blanca",-0.553963691888607,-0.0855696661369274,-0.000167433740904413,0.000535555993302472,107,"Catamarca","Catamarca","anclado","administracion","descentralizada","antiguo","medio","chica","distribuido",58,0.0134234589986858,-0.523443750142832,0.574639864555355,-0.895244869651365
"107|74/30 - Parque Nacional Perito Moreno",-0.414408735723294,-0.127192073290779,0.0842520648133908,0.000357037328868315,107,"Santa Cruz","Santa Cruz","anclado","administracion","descentralizada","antiguo","medio","chica","distribuido",49,0.161587239122595,-0.610092819949763,0.47115675551597,-1.37605231195506
"107|74/31 - Parque Nacional Lihué Calel",-0.381946265236997,-0.141484698027882,0.0992150023179202,0.000972618930365409,107,"La Pampa","La Pampa","anclado","administracion","descentralizada","antiguo","medio","media","distribuido",89,0.0612279934044081,-0.56409778068595,0.574639864555355,-0.895244869651365
"107|74/32 - PARQUE NACIONAL MONTE LEÓN",-0.502139116970422,-0.0883181719353522,0.00218580802580323,0.000627893233527036,107,"Santa Cruz","Santa Cruz","anclado","administracion","descentralizada","antiguo","medio","media","distribuido",59,-0.0774613992308686,-0.536300916096843,0.47115675551597,-1.37605231195506
"107|74/33 - Monumento Natural Bosques Petrificados",-0.460464212876787,-0.0867813286473238,0.00592093545830006,0.000270855904658722,107,"Santa Cruz","Santa Cruz","anclado","administracion","descentralizada","antiguo","medio","chica","distribuido",36,0.0862634645270293,-0.661638938553593,0.47115675551597,-1.37605231195506
"107|74/34 - Direccion de Lucha Contra Incendios Forestales y Emergencias - Administración de Parques Nacionales",-0.343872152118885,-0.139098792555988,0.119300287221437,0.00221609376538954,107,"CABA","CABA","anclado","administracion","descentralizada","antiguo","medio","media","distribuido",158,0.169653483070683,-0.489557484504563,0.778219454381567,-0.692982149425051
"107|74/35 - Parque Nacional Copo",-0.577871916287997,-0.099497023228167,-0.100309941442816,0.000898749138185758,107,"Chaco","Chaco","anclado","administracion","descentralizada","antiguo","medio","media","distribuido",92,-0.148017903055914,-0.532158906164433,0.47115675551597,-1.37605231195506
"107|74/36 - Reserva Natural Formosa",-0.679750088252809,-0.0845510130263468,-0.101057510077771,0.000449374569092879,107,"Formosa","Formosa","anclado","administracion","descentralizada","antiguo","medio","chica","distribuido",52,-0.0698091082948934,-0.550632311925627,0.47115675551597,-1.37605231195506
"107|74/37 - Parque Nacional San Guillermo",-0.4401329010384,-0.0974744274236843,-0.0680970525171259,0.000209297744509012,107,"San Juan","San Juan","anclado","administracion","descentralizada","antiguo","medio","chica","distribuido",23,-0.0144219279673962,-0.680868643870728,0.536714755931475,-1.33176383419383
"107|74/38 - Parque Interjurisdiccional Marino Costero Patagonia",-0.501782273362558,-0.0777591186166088,-0.0158318897801024,0.000264700088643751,107,"Chubut","Chubut","anclado","administracion","descentralizada","antiguo","medio","chica","distribuido",30,-0.0679901549866874,-0.633823663319104,0.47115675551597,-1.37605231195506
"107|74/40 - RESERVA NATURAL ESTRICTA SAN ANTONIO",-0.551674413401553,-0.165829530546492,0.108828759541022,0.000178518664434157,107,"Misiones","Misiones","anclado","administracion","descentralizada","antiguo","medio","chica","distribuido",22,0.0466723858504394,-0.518807150432069,0.640197864970859,-0.850956391890135
"107|74/41 - Reserva Nacional Pizarro",-0.384118425170493,-0.104374541153508,0.0430453033459905,0.000184674480449128,107,"Salta","Salta","anclado","administracion","descentralizada","antiguo","medio","chica","distribuido",25,-0.0827849419941092,-0.637947148046771,0.574639864555355,-0.895244869651365
"107|74/42 - Unidad de Compras - Parque Nacional Campos del Tuyú",-0.46291175862806,-0.0910857003838849,0.00663949015195566,0.000221609376538954,107,"Buenos Aires","Buenos Aires","anclado","administracion","descentralizada","antiguo","medio","chica","distribuido",29,-0.0446571014755527,-0.588917487604045,0.330516636186624,-1.38492400554117
"107|74/43 - Parque Nacional Patagonia",-0.458208592876859,-0.166454423412989,0.145458556291791,0.000246232640598838,107,"Santa Cruz","Santa Cruz","anclado","administracion","descentralizada","antiguo","medio","chica","distribuido",32,0.045161705207744,-0.448822820193726,0.536714755931475,-1.33176383419383
"107|74/44 - Parque Nacional el Impenetrable",-0.820737679135775,-0.083401690518671,-0.229340869061375,0.000997242194425293,107,"Chaco","Chaco","anclado","administracion","descentralizada","antiguo","medio","media","distribuido",61,-0.113630646149264,-0.591702408948946,0.47115675551597,-1.37605231195506
"107|74/45 - Parque Nacional Islas de Santa Fe",-0.551908001496426,-0.0400282699819129,-0.119974396689735,0.000486309465182705,107,"Santa Fe","Santa Fe","anclado","administracion","descentralizada","antiguo","medio","chica","distribuido",46,-0.166257540948885,-0.721790034503549,0.47115675551597,-1.37605231195506
"107|74/46 - Parque Nacional Iberá",-0.646607966016636,-0.0853533316934658,-0.127630480947669,0.00128040973111396,107,"Corrientes","Corrientes","anclado","administracion","descentralizada","antiguo","medio","media","distribuido",101,0.0607050192658119,-0.64851026493196,0.536714755931475,-1.33176383419383
"107|74/47 - Dirección Regional Patagonia Austral - APN",-0.416510757898573,-0.166216348736317,0.0650989024715362,0.000320102432778489,107,"Santa Cruz","Santa Cruz","anclado","administracion","descentralizada","antiguo","medio","chica","distribuido",34,-0.041236333488081,-0.547960659583197,0.640197864970859,-0.850956391890135
"107|74/48 - Parque Interjurisdiccional Marino Makenke",-0.191414840899976,-0.170253314238326,0.3351284531226,0.000135427952329361,107,"Santa Cruz","Santa Cruz","anclado","administracion","descentralizada","antiguo","medio","chica","distribuido",20,0.21808972710142,-0.472525014562242,0.47115675551597,-1.37605231195506
"107|74/49 - Unidad Coordinadora de Proyectos con Financiamiento Externo - UCEFE",0.0363395129976043,-0.308875247437343,0.503257354305634,0.000203141928494041,107,"CABA","CABA","anclado","administracion","descentralizada","antiguo","medio","chica","distribuido",28,0.576829082365822,-0.375437799382215,0.883230692555658,-0.939580613303706
"107|74/50 - Parque Nacional traslasierra",-0.479625918399538,-0.0633797322908468,-0.101121104966391,0.000350881512853344,107,"Córdoba","Córdoba","anclado","administracion","descentralizada","antiguo","medio","chica","distribuido",43,-0.0796701553667671,-0.680325668364208,0.47115675551597,-1.37605231195506
"107|74/52 - PARQUE FEDERAL CAMPO SAN JUAN",-0.4919253815183,-0.133089775370449,0.0743455396699231,0.000424751305032995,107,"Misiones","Misiones","anclado","administracion","descentralizada","antiguo","medio","chica","distribuido",42,-0.0908205439414092,-0.55904846087996,0.574639864555355,-0.895244869651365
"107|74/6 - Parque Nacional Calilegua",-0.44887991958759,-0.137020351480117,0.0899615006003481,0.000443218753077908,107,"Jujuy","Jujuy","anclado","administracion","descentralizada","antiguo","medio","chica","distribuido",45,0.0650610847064966,-0.589728062325981,0.640197864970859,-0.850956391890135
"107|74/8 - Parque Nacional Los Glaciares",-0.48097371529824,-0.175756951396905,0.172208621379512,0.000437062937062937,107,"Santa Cruz","Santa Cruz","anclado","administracion","descentralizada","antiguo","medio","chica","distribuido",43,0.062595604593211,-0.360680740914412,0.848692212184335,-0.616747413465099
"108|75 - Instituto Nacional del Agua - Departamente Compras",0.350358118629947,-0.122457666392761,0.569337050488782,0.00203141928494041,108,"Buenos Aires","Buenos Aires","programatico","ciencia_universidad","descentralizada","medio","bajo","media","una_sede",191,0.420173041554482,-0.358629895791488,0.967472000281722,0.182057186802083
"109|76/000 - Gerencia de Administración y Capital Humano - SIGEN",0.453012691650254,-0.40494900582259,0.710428090006194,0.00204988673298532,109,"CABA","CABA","programatico","administracion","descentralizada","medio","medio","media","una_sede",175,0.262341764758816,-0.302790708608449,1.00174901131582,-0.691029789359651
"112|16/000 - Dirección General de Administración-ARN",0.459915511244983,-0.00393104498456358,0.501341463826668,0.00451836895498867,112,"CABA","CABA","programatico","ciencia_universidad","descentralizada","reciente","bajo","grande","una_sede",298,0.283794960687644,-0.303256845469416,1.1253735007839,0.544283250524435
"113|17 - Oficina de Compras- TNC",0.13489723213871,-0.189238618577001,0.346897555226621,0.00449990150694376,113,"CABA","CABA","programatico","cultura_educacion","descentralizada","antiguo","bajo","grande","una_sede",306,0.138521701357932,-0.494947063614015,0.468909762719112,0.0532218000714833
"114|18 - Area Compras-INAES",0.47858075741181,-0.442493120623614,0.670551583679433,0.00145892839554811,114,"CABA","CABA","programatico","administracion","descentralizada","medio","medio","media","una_sede",141,0.230378108157387,-0.258789454798765,1.35006437939901,-0.449205057669551
"116|92 - Departamento de Compras y Contrataciones- BN",0.513454756842902,-0.430987202508024,0.617125608047255,0.00317024524771004,116,"CABA","CABA","programatico","cultura_educacion","descentralizada","antiguo","medio","grande","una_sede",208,0.201769302203432,-0.210719775116582,0.560987854625649,-0.233409073710711
"117|20 - Dirección General de Administración - INT",0.402836406988539,-0.313451531800537,0.664462552448282,0.000498621097212647,117,"CABA","CABA","programatico","cultura_educacion","descentralizada","reciente","bajo","chica","una_sede",50,0.212030128606705,-0.298464582680295,1.19404682712766,0.770876475684407
"120|491/0 - Dirección General Técnica y Administrativa - ADN",0.693248829797587,-0.553811372168879,0.344296478259072,0.000209297744509012,120,"CABA","CABA","programatico","administracion","descentralizada","reciente","sin_presupuesto","chica","una_sede",31,0.399480226381807,-0.209497316930149,1.25744315460548,0.350991976559358
"121|494 - Área de Compras y Contrataciones",0.6908126657504,0.0984027378720311,0.530551092174768,0.00135427952329361,121,"CABA","CABA","programatico","ciencia_universidad","descentralizada","medio","bajo","media","una_sede",88,0.409385347848578,-0.192177855719197,1.24613370902178,0.348903122853277
"173|143/000 - AGENCIA NACIONAL DE PROMOCIÓN DE LA INVESTIGACIÓN; EL DESARROLLO TECNOLÓGICO Y LA INNOVACIÓN",0.631477163462411,-0.486045303309781,0.79633186039665,0.000332414064808431,173,"CABA","CABA","programatico","ciencia_universidad","descentralizada","medio","medio","chica","una_sede",31,0.287921317196677,-0.0472047993932775,1.06415945329933,-0.216225207115184
"200|78/000 - División Compras",0.824880450995906,-0.711223554008161,1.55596946075546,0.00182827735644637,200,"CABA","CABA","programatico","administracion","descentralizada","antiguo","alto","media","una_sede",140,0.516019919901833,-0.065765730051111,0.697046960598912,0.000777885087924604
"201|21/000 - Dirección General de Administración - DNM",0.584040342737599,-0.446400109273314,0.90667837991949,0.0038350733773269,201,"CABA","CABA","anclado","administracion","descentralizada","antiguo","medio","grande","una_sede",283,0.230957336350292,-0.11104149724848,0.986713801595043,-0.458773171000015
"202|182 - Departamento de Compras y Contrataciones- INADI",0.683633911985994,-0.628411686409948,0.834141245117214,0.000726386289766572,202,"CABA","CABA","programatico","administracion","descentralizada","medio","bajo","media","una_sede",83,0.163011390406821,-0.0750310525025556,1.39221761425174,0.108307519033845
"203|313/00 - AGENCIA NACIONAL DE SEGURIDAD VIAL - DEP. DE COMPRAS",0.446580200068599,-0.396010364664501,0.744971924630858,0.000935684034275584,203,"CABA","CABA","programatico","administracion","descentralizada","reciente","medio","media","una_sede",87,0.344942753306706,-0.158588377366415,1.43779851837461,-0.0196159515733572
"205|392/000 - Dirección General de Administración - AABE",0.507805001645716,-0.584054430896254,0.880900492856833,0.00176671919629666,205,"CABA","CABA","programatico","administracion","descentralizada","reciente","bajo","media","una_sede",163,0.248704149068934,-0.0859241901426452,1.61977277409705,0.545512378395103
"206|408 - Centro Internacional - CIPDH",1.04633393639578,-0.850998971042074,2.19628351773373,0.00025854427262878,206,"CABA","CABA","programatico","administracion","descentralizada","reciente","bajo","chica","una_sede",26,0.227398338102495,0.145404911324474,1.47995175322733,0.537896625130039
"207|454/000 - Subdirección de Compras y Contrataciones",0.654809244354185,-0.511412935346548,0.973413191983024,0.00227765192553925,207,"CABA","CABA","programatico","administracion","descentralizada","reciente","medio","media","una_sede",207,0.377685207438321,-0.0509649101509502,1.43779851837461,-0.0196159515733572
"208|466/000 - Dirección Nacional de Administración",0.368160422523597,-0.320681005947527,0.604925226716934,0.00084950261006599,208,"CABA","CABA","programatico","administracion","descentralizada","medio","bajo","media","una_sede",97,0.274878305866272,-0.370484892578604,1.39221761425174,0.108307519033845
"209|490 - Agencia de Acceso a la Información Pública",0.483010828040893,-0.354506228983111,0.692313400770583,0.000572490889392298,209,"CABA","CABA","programatico","administracion","descentralizada","reciente","bajo","chica","una_sede",53,0.318868604881439,-0.284511117309483,1.47995175322733,0.537896625130039
"250|22 - Dpto de Compras y Suministros - Caja de Retiros Jubilaciones y Pensiones de la Policía Federal",0.281230048708955,-0.207627645999563,0.442005571184528,0.00185290062050625,250,"CABA","CABA","programatico","seguridad_defensa","descentralizada","antiguo","alto","media","una_sede",177,0.222949054184745,-0.51861119377627,0.0594613868328238,0.041980138202445
"301|23/000 - Dirección General de Administración - SG",0.467961295025731,-0.374352266483845,0.681626064927602,0.00495543189205161,301,"CABA","CABA","programatico","administracion","centralizada","antiguo","medio","grande","una_sede",317,0.340909818436756,-0.225607098765504,1.0814161029135,0.189961072650275
"303|24/000 - Dirección General de Administración - SEDRONAR",0.339779342901708,-0.294097476512537,0.623214067902788,0.002542352014183,303,"CABA","CABA","programatico","salud_social","centralizada","medio","medio","grande","una_sede",194,0.127066436996249,-0.269842292659906,0.810546386534602,0.190684304845007
"305|79/000 - Dirección General Técnico - Administrativa - JGM",0.779713631503344,-0.859481813422314,0.738949206534417,0.00557101349354871,305,"CABA","CABA","programatico","administracion","centralizada","medio","medio","grande","una_sede",351,0.257722575879823,-0.106159117740178,1.44476668071747,0.199529185980738
"307|26/000 - Dirección de Compras y Contrataciones - MRE",0.28099843713415,-0.264206270777736,0.432203101606849,0.00519550871663548,307,"CABA","CABA","programatico","administracion","centralizada","antiguo","alto","grande","una_sede",381,0.20173773759303,-0.365664480319973,0.651928241047657,0.64189637547315
"310|80/000 - Dirección General de Administración - MS",3.87604597547617,2.01355792412934,-1.42583649486849,0.00594651827046193,310,"CABA","CABA","programatico","salud_social","centralizada","antiguo","alto","grande","una_sede",270,0.597260210749071,0.243311181217901,0.505844335817694,0.882491979292582
"310|80/12 - Compras y Contrataciones Internacionales - MSYDS",2.50919927545156,1.39736270500116,-0.285268842290357,0.000166207032404216,310,"CABA","CABA","programatico","salud_social","centralizada","antiguo","alto","chica","una_sede",22,0.586566835105105,0.052107277283797,0.402361226778309,0.401684536988892
"311|95/000 - Dirección de Administración de Niñez; Adolescencia y Familia - SENNAF",3.71840751045382,-6.85568920589935,-5.24502643837446,0.00675293016842313,311,"CABA","CABA","programatico","salud_social","centralizada","reciente","alto","grande","una_sede",412,0.355701761066864,0.196263230946219,0.956929052597259,1.32164919871924
"311|95/1 Dirección de Programas y Proyectos Sectoriales y Especiales de Niñez Adolescencia y Familia",0.574677185708988,-0.555198949923917,1.31527919171957,0.000178518664434157,311,"CABA","CABA","programatico","salud_social","centralizada","reciente","alto","chica","una_sede",26,0.403368828498412,-0.254446031168839,0.853445943557874,0.84084175641555
"317|262/000 - Dirección General de Administración Y Finanzas - MAD",0.410117720390883,-0.368740715131288,0.700364179770062,0.00243154732591352,317,"CABA","CABA","programatico","administracion","centralizada","reciente","medio","grande","una_sede",247,0.392494073157888,-0.244516657937752,1.53250081969307,0.629118292076933
"321|27/000 - Dirección de Patrimonio y Suministros - INDEC",0.729580277277047,-0.643742591018653,0.898544503339144,0.00212375652516498,321,"CABA","CABA","programatico","administracion","desconcentrada","medio","medio","media","una_sede",155,0.38435973190271,-0.118898232289433,0.98743470768551,-0.236855198918035
"322|28 -  Departamento de Compras y Patrimonio- MTU",0.444794642594855,-0.366052055648383,0.557955410885747,0.00403205948980597,322,"CABA","CABA","programatico","administracion","centralizada","reciente","medio","grande","una_sede",368,0.327818769493148,-0.207425397049457,1.53250081969307,0.629118292076933
"323|29/000 - Dirección General de Administracion",0.484186702640898,-0.343902349138533,0.600986281133693,0.000406283856988082,323,"CABA","CABA","programatico","administracion","desconcentrada","medio","bajo","chica","una_sede",40,0.277023492923246,-0.473348288247924,0.755535594909257,0.0421599215990949
"325|81/100 - DIRECCIÓN GENERAL DE ADMINISTRACIÓN",0.480687944553773,-0.477869164743626,0.709515328831781,0.00305328474342559,325,"CABA","CABA","programatico","administracion","centralizada","antiguo","alto","grande","una_sede",260,0.321655890464587,-0.241020115024063,0.791749261917372,0.649512128738214
"326|30/00 - División Contrataciones - Policia Federal Argentina",0.187620040699417,-0.224178323104354,0.417715753251527,0.0016312912439673,326,"CABA","CABA","programatico","seguridad_defensa","descentralizada","antiguo","alto","media","una_sede",148,0.264107718647737,-0.30619319978457,0.267955734046299,0.276189116627481
"327|451/000 - Dirección de Contrataciones",0.659645038785764,-0.557964710236298,0.75037341425992,0.00151433073968285,327,"CABA","CABA","programatico","infraestructura","centralizada","reciente","alto","media","una_sede",142,0.291729225964218,-0.0600152294768101,1.03112400742083,1.45240887504991
"328|Dirección de Compras y Contrataciones de Energía",0.573260645789175,-0.533110650176788,0.972380836222978,0.000320102432778489,328,"CABA","CABA","programatico","administracion","centralizada","antiguo","alto","chica","una_sede",37,0.252115335705157,-0.136641209873766,0.651928241047657,0.64189637547315
"330|82 - DIRECCIÓN GENERAL DE ADMINISTRACIÓN",1.8566477490628,-1.88016969848128,4.63410289373853,0.00520782034866542,330,"CABA","CABA","programatico","cultura_educacion","centralizada","antiguo","alto","grande","una_sede",362,0.419447041006888,0.199582829183274,0.505844335817694,0.882491979292582
"331|31/000 - Direccion de Contrataciones - SPF",0.502774126865804,0.084429170106909,0.132215831829462,0.00163744705998227,331,"CABA","CABA","programatico","seguridad_defensa","descentralizada","antiguo","alto","media","una_sede",151,0.260219367866233,-0.453310404780402,0.267955734046299,0.276189116627481
"332|32/000 - Dirección General de Administración - MJyDDHH",0.327237112665901,-0.298490154490883,0.482964073638518,0.00284398699891658,332,"CABA","CABA","programatico","administracion","centralizada","antiguo","alto","grande","una_sede",229,0.222077320944131,-0.462201760084247,0.791749261917372,0.649512128738214
"336|142/000 –Subsecretaria de Gestión Administrativa de Innovación; Ciencia y Tecnología",0.656764816143903,-0.511386818792578,0.830953949410752,0.00162513542795233,336,"CABA","CABA","programatico","ciencia_universidad","centralizada","reciente","medio","media","una_sede",147,0.368672999008186,-0.10456567310441,1.24659589359339,0.8620981426313
"337|83/000 - Dirección General de Administración Financiera - MC",0.465275452678468,-0.500756954033241,0.926592623795428,0.00905520535802226,337,"CABA","CABA","programatico","cultura_educacion","centralizada","medio","sin_presupuesto","grande","una_sede",641,0.232806273972313,-0.157329915702333,0.978506390848663,0.803116964667822
"338|300/000 - Dirección General de Administración - SECLyT",0.591936593301768,-0.445437945130343,0.834026607940495,0.0012927213631439,338,"CABA","CABA","programatico","administracion","centralizada","antiguo","bajo","media","una_sede",106,0.386668546216349,-0.235429856219919,1.26339035863594,0.755089402618735
"341|263 - Unidad Operativa de Compras-SENAF",0.760853511619416,-0.488581803031031,0.228528612981809,0.00108957943464986,341,"CABA","CABA","programatico","salud_social","descentralizada","reciente","medio","media","una_sede",122,0.18653146196772,-0.178500583828238,1.01207257140521,0.205748145715947
"343|347/000 - Dirección General de Administración - MS",0.500520621825214,-0.285266447838714,0.651375509588242,0.00438909681867428,343,"CABA","CABA","programatico","seguridad_defensa","centralizada","reciente","alto","grande","una_sede",352,0.382492466869918,-0.292396870968063,0.813742752144324,1.36408057970443
"345|380/000 - COMPRAS Y CONTRATACIONES - CNCPS",0.661736590658922,-0.546002283260834,0.872370128923093,0.000529400177287501,345,"CABA","CABA","programatico","salud_social","desconcentrada","reciente","bajo","chica","una_sede",50,0.395840560928844,-0.136193785153963,0.97123817628387,0.990842087700987
"347|457/000 - SECRETARÍA DE MEDIOS Y COMUNICACIÓN PÚBLICA - COORD. COMPRAS Y CONTRATACIONES",1.05906026927649,-1.27383358718024,2.40975925477606,0.00178518664434157,347,"CABA","CABA","programatico","administracion","centralizada","reciente","sin_presupuesto","media","una_sede",227,0.0552237748437484,0.00657097048640156,1.21232443505422,0.992110466944584
"349|488 - Coordinación de Compras y Contrataciones",0.784839820364168,-0.679127635428859,1.23126764301256,0.00100339801044026,349,"CABA","CABA","programatico","administracion","desconcentrada","antiguo","bajo","media","una_sede",71,0.0644050020391646,-0.0980096259799321,0.666237364734268,0.311089264454898
"350|33/000 - Dirección General de Administración - MT",0.528333227179687,-0.537612649805865,1.04168498830193,0.00514010637250074,350,"CABA","CABA","programatico","salud_social","centralizada","antiguo","alto","grande","una_sede",397,0.194126178792806,0.0411836271327972,0.505844335817694,0.882491979292582
"357|34/000 - Dirección General de Administración - MHA",0.634180300894707,-0.559197134442726,1.022315999903,0.00323795922387472,357,"CABA","CABA","programatico","administracion","centralizada","antiguo","alto","grande","una_sede",206,0.421345241062185,-0.190216651103538,0.791749261917372,0.649512128738214
"362|315/000 - Dirección General de Administración - MP",0.839878257059584,-0.891612015431968,0.684732990201698,0.00272087067861716,362,"CABA","CABA","programatico","administracion","centralizada","reciente","alto","grande","una_sede",219,0.22747758826332,0.104578299117068,1.24283397869694,1.08866934816487
"363|334/000 - Coordinación de Compras y Contrataciones - MA",0.579667074856182,-0.483297476266232,0.872885360399818,0.00129887717915887,363,"CABA","CABA","programatico","administracion","centralizada","reciente","bajo","media","una_sede",124,0.383008965030902,-0.132190999296989,1.71447507541551,1.19424662204539
"364|501/000-Ministerio de Obras Públicas",0.432673329584554,-0.370705536625311,0.640401398634428,0.00119422830690436,364,"CABA","CABA","programatico","infraestructura","centralizada","antiguo","alto","media","una_sede",116,0.323953792015937,-0.243346504073304,0.440218269771553,1.00563590235818
"365|502/000-Dirección de Compras y Contrataciones - MDTYH",0.50954142423987,-0.40217593197257,0.697341665275745,0.00104033290653009,365,"CABA","CABA","programatico","infraestructura","centralizada","reciente","alto","media","una_sede",95,0.319927377823737,-0.278687674511435,1.03112400742083,1.45240887504991
"366|450/000 - Dirección General de Administración y Finanzas",0.748096527866954,-0.745122270425525,1.18442727273248,0.00136043533930858,366,"CABA","CABA","programatico","administracion","centralizada","reciente","sin_presupuesto","media","una_sede",80,0.555690397542472,-0.168017570570921,1.14365110871046,0.765517241784612
"368|503 - SECRETARÍA DE COMUNICACIÓN Y MEDIOS - DIRECCIÓN DE COMPRAS; CONTRATACIONES; PATRIMONIO Y SUMINISTROS",0.961101997621679,-0.937543202027616,1.32258917968728,0.000517088545257559,368,"CABA","CABA","programatico","administracion","centralizada","medio","bajo","chica","una_sede",38,0.457609990088675,0.090980670027726,1.62674093643991,0.764657515949199
"370|35/000 - Dirección General de Administración - MD",0.14783621126416,-0.200897060721305,0.383841794968216,0.00384738500935684,370,"CABA","CABA","programatico","seguridad_defensa","centralizada","antiguo","medio","grande","una_sede",289,0.196192119000025,-0.515474774260742,0.443830529147413,0.231163325764795
"371|72/00 - Dirección Administrativa Financiera- EMCFFAA- Dpto de contrataciones",0.0261190476898096,-0.00936773990003032,0.0246813115333919,0.00636511375947996,371,"CABA","CABA","programatico","seguridad_defensa","desconcentrada","antiguo","medio","grande","distribuido",342,0.177487998839834,-0.656838036236764,0.194992903328928,0.0289879192910578
"371|84/102 - DISTRITO ELECTORAL - MENDOZA",-0.906862526756659,0.0840175290341195,-0.533265150305392,0.000406283856988082,371,"Mendoza","Mendoza","programatico","seguridad_defensa","desconcentrada","antiguo","medio","chica","distribuido",43,0.081557963977444,-0.61061042865851,-0.217081033710759,-0.407483779360293
"371|84/103 - DISTRITO ELECTORAL - MISIONES",-0.982605871415672,0.0474069086495584,-0.63469777793973,0.00032625824879346,371,"Misiones","Misiones","programatico","seguridad_defensa","desconcentrada","antiguo","medio","chica","distribuido",35,0.0617342982852955,-0.711840787328976,-0.25500614233464,-0.844002743902753
"371|84/104 - DISTRITO ELECTORAL - NEUQUEN",-0.917996170922479,0.070755420768018,-0.559011665992681,0.000277011720673693,371,"Neuquén","Neuquén","programatico","seguridad_defensa","desconcentrada","antiguo","medio","chica","distribuido",28,0.118069573579766,-0.623781563381591,-0.0465117951211646,-0.609793765477717
"371|84/105 - DISTRITO ELECTORAL - SALTA",-1.09226250459006,0.0835036906567981,-0.739212344450631,0.000886437506155816,371,"Salta","Salta","programatico","seguridad_defensa","desconcentrada","antiguo","medio","media","distribuido",55,-0.0277134605861802,-0.591358345747513,-0.0465117951211646,-0.609793765477717
"371|84/109 - COMANDO GENERAL ELECTORAL",-0.381699003087521,-0.122611296795559,-0.162198242838127,0.000775632817886339,371,"CABA","CABA","programatico","seguridad_defensa","desconcentrada","antiguo","medio","media","distribuido",61,0.347090071910838,-0.495772558583617,0.194992903328928,0.0289879192910578
"371|84/111 - DISTRITO ELECTORAL - RIO NEGRO",-0.901664987669614,0.0200376652992341,-0.39330043328811,0.000357037328868315,371,"Río Negro","Río Negro","programatico","seguridad_defensa","desconcentrada","antiguo","medio","chica","distribuido",27,0.105512540583699,-0.480419062400463,0.0569713139182204,-0.128986323174026
"371|84/112 - DISTRITO ELECTORAL - SAN LUIS",-0.784817529596948,0.0447086858214508,-0.405315041974224,0.00038781640894317,371,"San Luis","San Luis","programatico","seguridad_defensa","desconcentrada","antiguo","medio","chica","distribuido",42,0.0593234855306022,-0.659248592279143,-0.356902054580475,-0.415099532625356
"371|84/113 - DISTRITO ELECTORAL - SANTIAGO DEL ESTERO",-0.660157476887857,0.0301103622415669,-0.299419742011088,0.000400128040973111,371,"Santiago del Estero","Santiago del Estero","programatico","seguridad_defensa","desconcentrada","antiguo","medio","chica","distribuido",45,-0.0753147448815619,-0.641305865391206,-0.356902054580475,-0.415099532625356
"371|84/114 - DISTRITO ELECTORAL - TIERRA DEL FUEGO",-0.64877685288336,-0.0051672627094574,-0.211163211517823,0.000246232640598838,371,"Tierra del Fuego","Tierra del Fuego","programatico","seguridad_defensa","desconcentrada","antiguo","medio","chica","distribuido",26,-0.0243673328269016,-0.555243829109063,-0.320564142750144,-0.888291221663983
"371|84/115 - DISTRITO ELECTORAL - SANTA CRUZ",-0.998652223086132,0.0772892666594591,-0.606564961914707,0.000363193144883286,371,"Santa Cruz","Santa Cruz","programatico","seguridad_defensa","desconcentrada","antiguo","medio","chica","distribuido",35,-0.00183562270964158,-0.600067301127645,-0.320564142750144,-0.888291221663983
"371|84/116 - DISTRITO ELECTORAL - SANTA FE",-1.15370016229947,0.0321774400001853,-0.727726265407776,0.000658672313601891,371,"Santa Fe","Santa Fe","programatico","seguridad_defensa","desconcentrada","antiguo","medio","media","distribuido",43,0.218150260009849,-0.422999466434425,-0.25500614233464,-0.844002743902753
"371|84/118 - DISTRITO ELECTORAL - CABA",-0.340079446035151,-0.0473621679559633,-0.163773531576725,0.000295479168718605,371,"CABA","CABA","programatico","seguridad_defensa","desconcentrada","antiguo","medio","chica","distribuido",35,0.155502299255393,-0.650281550505492,-0.0135014438845471,-0.205221059133978
"371|84/119 - DISTRITO ELECTORAL - CATAMARCA",-0.78864032112156,0.0690458379631473,-0.440887936453369,0.000295479168718605,371,"Catamarca","Catamarca","programatico","seguridad_defensa","desconcentrada","antiguo","medio","chica","distribuido",33,0.0213429953223238,-0.601456200533007,-0.320564142750144,-0.888291221663983
"371|84/120 - DISTRITO ELECTORAL - CHACO",-1.02650166498981,0.052601395291381,-0.591938463394262,0.000369348960898257,371,"Chaco","Chaco","programatico","seguridad_defensa","desconcentrada","antiguo","medio","chica","distribuido",44,0.027151264566741,-0.709790438919268,-0.217081033710759,-0.407483779360293
"371|84/121 - DISTRITO ELECTORAL - CHUBUT",-0.84394236788805,0.051853343469352,-0.506233150479905,0.000369348960898257,371,"Chubut","Chubut","programatico","seguridad_defensa","desconcentrada","antiguo","medio","chica","distribuido",28,0.192833002371021,-0.72353072885182,-0.151523033295255,-0.363195301599062
"371|84/122 - DISTRITO ELECTORAL - CORDOBA",-0.886438454659798,0.0750797178941262,-0.524391910441981,0.000406283856988082,371,"Córdoba","Córdoba","programatico","seguridad_defensa","desconcentrada","antiguo","medio","chica","distribuido",40,0.12161730050781,-0.633972693524154,-0.151523033295255,-0.363195301599062
"371|84/123 - DISTRITO ELECTORAL - CORRIENTES",-0.99602548972594,0.0343318945470479,-0.55181957032893,0.000400128040973111,371,"Corrientes","Corrientes","programatico","seguridad_defensa","desconcentrada","antiguo","medio","chica","distribuido",39,0.106122911372141,-0.71314127662008,-0.320564142750144,-0.888291221663983
"371|84/124 - DISTRITO ELECTORAL - ENTRE RIOS",-0.936160558945589,0.0492070937133019,-0.551837141313191,0.00039397222495814,371,"Entre Ríos","Entre Ríos","programatico","seguridad_defensa","desconcentrada","antiguo","medio","chica","distribuido",32,0.0869150477817437,-0.656156545300598,-0.25500614233464,-0.844002743902753
"371|84/126 - SUBDISTRITO ELECTORAL TIGRE",-0.556704254298439,0.000435510320453676,-0.30455808394812,0.000313946616763518,371,"Buenos Aires","Buenos Aires","programatico","seguridad_defensa","desconcentrada","antiguo","medio","chica","distribuido",28,0.213983769698457,-0.712826178497248,-0.395646261663986,-0.852874437488863
"371|84/127 - SUBDISTRITO ELECTORAL BAHIA BLANCA",-1.03590280408778,0.116480815807022,-0.667491557882981,0.000233921008568896,371,"Buenos Aires","Buenos Aires","programatico","seguridad_defensa","desconcentrada","antiguo","medio","chica","distribuido",24,-0.00264334891768552,-0.533245957879548,-0.395646261663986,-0.852874437488863
"372|36 - Departamento de Compras y Contrataciones - CITEDEF",0.300618455261196,-0.213266391215826,0.324116578981299,0.000837190978036048,372,"Buenos Aires","Buenos Aires","programatico","seguridad_defensa","descentralizada","medio","bajo","media","una_sede",89,0.169785697033085,-0.458576332117417,0.684464678959071,0.216872814522208
"374|84/03 - Comando de la 1ra División de Ejército",-0.902042145640305,0.101647652779927,-0.611908108791891,0.00520782034866542,374,"CABA","CABA","anclado","seguridad_defensa","desconcentrada","antiguo","alto","grande","distribuido",163,-0.0230583393615119,-0.761698096062848,-0.472209394335566,-0.27076592311096
"374|84/04 - Comando de la 2da División de Ejército",-0.757420136542817,0.133948218985627,-0.491684562476861,0.00152664237171279,374,"Santa Fe","Santa Fe","anclado","seguridad_defensa","desconcentrada","antiguo","alto","media","distribuido",107,-0.00233882972730571,-0.695395332436233,-0.506747874706889,0.052067276727647
"374|84/05 - Comando de la 3ra División de Ejército",-1.00767773072596,0.219465393277962,-0.880387731205364,0.00236998916576381,374,"Entre Ríos","Entre Ríos","anclado","seguridad_defensa","desconcentrada","antiguo","alto","grande","distribuido",80,0.0324214600806572,-0.691935249326288,-0.336178636117294,-0.150242709389777
"374|84/06 - Dirección General de Salud",0.754568018843439,1.09875848044108,-0.694383567069626,0.0059526740864769,374,"CABA","CABA","anclado","seguridad_defensa","desconcentrada","antiguo","alto","grande","distribuido",195,0.356013589329912,-0.500740167810755,-0.198157046706587,0.00773153307530659
"374|84/07 - Dirección de Aviación de Ejercito - Ejercito Argentino",-0.320480127439708,-0.000569481826183585,-0.141852796397497,0.00695607209691717,374,"Buenos Aires","Buenos Aires","anclado","seguridad_defensa","desconcentrada","antiguo","alto","grande","distribuido",284,0.190679835527914,-0.666877529210254,-0.647387994036235,0.0431955831415367
"374|84/08 - Hospital General 602 Campo de Mayo",0.537760328714344,0.847980444420686,-0.481772700608673,0.00427829213040481,374,"Buenos Aires","Buenos Aires","anclado","seguridad_defensa","desconcentrada","antiguo","alto","grande","distribuido",178,0.270528519630283,-0.611625484468648,-0.373335646407255,0.321693039327803
"374|84/11 - Liceo Militar General San Martin",-0.280505103868868,0.051738457587713,-0.19023815171465,0.00280089628681178,374,"CABA","CABA","anclado","seguridad_defensa","desconcentrada","antiguo","alto","grande","distribuido",150,0.0130742552703548,-0.749010229787042,-0.303168284880677,0.254329996953961
"374|84/12 - Dirección de Ingenieros e Infraestructura",-0.444585061288415,0.0196273179831811,-0.262362041389124,0.0030717521914705,374,"CABA","CABA","anclado","seguridad_defensa","desconcentrada","antiguo","alto","grande","distribuido",129,0.273603430872918,-0.574361793246553,-0.0946739376672017,0.488538975378997
"374|84/128 - Dirección General de Intendencia",-0.329125452457095,-0.0738603042340276,-0.234577948873669,0.00358884073672806,374,"CABA","CABA","anclado","seguridad_defensa","desconcentrada","antiguo","alto","grande","distribuido",131,0.279426177000229,-0.658254458375201,-0.0946739376672017,0.488538975378997
"374|84/129 - Dirección de Arsenales",-0.671102728019667,0.0234015381415877,-0.418286286322601,0.00802102826750714,374,"Buenos Aires","Buenos Aires","anclado","seguridad_defensa","desconcentrada","antiguo","alto","grande","distribuido",222,0.132694481644328,-0.712272659435979,-0.581829993620731,0.0874840609027673
"374|84/13 - Dirección de Remonta y Veterinaria",-0.647187437148966,0.0969772448987891,-0.87406399766103,0.0137213138973702,374,"CABA","CABA","anclado","seguridad_defensa","desconcentrada","antiguo","alto","grande","distribuido",381,0.126541775291739,-0.559599252090959,-0.0946739376672017,0.488538975378997
"374|84/134 - Comando de Adiestramiento y Alistamiento",-0.391602262934599,-0.00678742242227223,-0.195573567204038,0.00679602088052792,374,"Buenos Aires","Buenos Aires","anclado","seguridad_defensa","desconcentrada","antiguo","alto","grande","distribuido",275,0.0536896497395262,-0.783469538290237,-0.647387994036235,0.0431955831415367
"374|84/135 - Dirección General de Material",-0.24886107862382,-0.0669427956754317,-0.0446880937775483,0.00314562198365015,374,"CABA","CABA","anclado","seguridad_defensa","desconcentrada","antiguo","alto","grande","distribuido",215,0.220271959217144,-0.644603369309867,-0.368726285296181,0.210041519192731
"374|84/136 COMANDO GUARNICIÓN MILITAR BUENOS AIRES",-0.377181678234958,0.0149040110956431,-0.209933866764033,0.0026900915985423,374,"CABA","CABA","anclado","seguridad_defensa","desconcentrada","antiguo","alto","grande","distribuido",134,0.0578808341604913,-0.790032811010608,-0.368726285296181,0.210041519192731
"374|84/138 - Comando de la Fuerza de Despliegue Rápido",-0.706342165524193,0.103006970815422,-0.450974015347813,0.00146508421156308,374,"Buenos Aires","Buenos Aires","anclado","seguridad_defensa","desconcentrada","antiguo","alto","media","distribuido",96,0.0355289008979096,-0.746205555460687,-0.581829993620731,0.0874840609027673
"374|84/140 - Comando de Brigada de Monte III",-0.992947861088278,0.0566142454788666,-0.612061035005672,0.00619890672707574,374,"Chaco","Chaco","anclado","seguridad_defensa","desconcentrada","antiguo","alto","grande","distribuido",175,-0.0467175500552491,-0.767255784950119,-0.441189874291385,0.0963557544888776
"374|84/141 - Jefatura Agrupación de Ingenieros 601",-0.351017476743552,-0.0421326703318007,-0.153416002285568,0.000560179257362356,374,"Buenos Aires","Buenos Aires","anclado","seguridad_defensa","desconcentrada","antiguo","alto","chica","distribuido",62,0.121899701040871,-0.761145331611173,-0.787209014905951,0.0355798298764731
"374|84/142 - Regimiento de Artillería 1",-0.401594731256934,0.0243451314477967,-0.260185788678412,0.000880281690140845,374,"Buenos Aires","Buenos Aires","anclado","seguridad_defensa","desconcentrada","antiguo","alto","media","distribuido",35,0.0511614808080243,-0.836827206101908,-0.721651014490446,0.0798683076377035
"374|84/143-JEFATURA DE AGRUPACION DE ARTILLERIA DE CAMPAÑA 601",-0.892300749733994,0.0983463730170106,-0.645755203785116,0.00184058898847631,374,"Buenos Aires","Buenos Aires","anclado","seguridad_defensa","desconcentrada","antiguo","alto","media","distribuido",54,-0.00731940804864368,-0.770210932255924,-0.75087110307562,-0.437611859162154
"374|84/144-REGIMIENTO DE INFANTERIA 4",-0.985167445244211,0.0290784670595574,-0.554114039164193,0.000246232640598838,374,"Corrientes","Corrientes","anclado","seguridad_defensa","desconcentrada","antiguo","alto","chica","distribuido",23,0.12462753859875,-0.716138684783606,-0.610230983746274,-0.428740165576044
"374|84/147 - ESCUELA MILITAR DE MONTE",-0.918566857049872,0.0751351561707758,-0.58509438428703,0.00208066581306018,374,"CABA","CABA","anclado","seguridad_defensa","desconcentrada","antiguo","alto","media","distribuido",94,-0.115315250717105,-0.768312531694899,-0.472209394335566,-0.27076592311096
"374|84/148 ESCUELA DE TROPAS AEROTRANSPORTADAS Y OPERACIONES ESPECIALES",-0.744962097758735,0.104024222518663,-0.461167842625265,0.000609425785482123,374,"Buenos Aires","Buenos Aires","anclado","seguridad_defensa","desconcentrada","antiguo","alto","media","distribuido",47,0.0136330786018976,-0.737160532406397,-0.75087110307562,-0.437611859162154
"374|84/15 - Comando de Brigada Blindada I",-0.729282003054257,0.0515739338987679,-0.450437729006604,0.00497389934009652,374,"Buenos Aires","Buenos Aires","anclado","seguridad_defensa","desconcentrada","antiguo","alto","grande","distribuido",170,0.0320361561314381,-0.7472771799519,-0.647387994036235,0.0431955831415367
"374|84/16 - Comando Brigada Blindada II",-0.763888711402269,0.179181706404918,-0.589365046759355,0.00559563675760859,374,"Entre Ríos","Entre Ríos","anclado","seguridad_defensa","desconcentrada","antiguo","alto","grande","distribuido",205,0.0519932592803109,-0.73074708884856,-0.54467298333077,-0.384451687814813
"374|84/17 - Comando Brigada de Montaña V",-0.763933069960705,0.136443680399523,-0.521950144035701,0.00851349354870482,374,"Salta","Salta","anclado","seguridad_defensa","desconcentrada","antiguo","alto","grande","distribuido",233,0.00885980843865522,-0.728402144745329,-0.441189874291385,0.0963557544888776
"374|84/18 - Comando de la Brigada de Montaña VI",-0.961812072350458,0.075541870984851,-0.594860178330639,0.00299788239929085,374,"Neuquén","Neuquén","anclado","seguridad_defensa","desconcentrada","antiguo","alto","grande","distribuido",121,-0.0265829780560822,-0.717574133398809,-0.23269552707791,0.330564732913913
"374|84/19 - Comando Brigada de Montaña VIII",-0.893483584094194,0.156501573397753,-0.605513193592731,0.00405668275386585,374,"Mendoza","Mendoza","anclado","seguridad_defensa","desconcentrada","antiguo","alto","grande","distribuido",138,0.089292358248031,-0.719144029041743,-0.441189874291385,0.0963557544888776
"374|84/20 - Comando Brigada Mecanizada IX",-0.841089161299469,0.179990754063588,-0.647423845073002,0.0036873337929676,374,"Chubut","Chubut","anclado","seguridad_defensa","desconcentrada","antiguo","alto","grande","distribuido",114,0.00905414862155138,-0.779957121043549,-0.441189874291385,0.0963557544888776
"374|84/21 - Comando Brigada Mecanizada XI",-0.805777158660722,0.097941123150845,-0.516861853631958,0.00467842017137792,374,"Santa Cruz","Santa Cruz","anclado","seguridad_defensa","desconcentrada","antiguo","alto","grande","distribuido",193,-0.0884112378538963,-0.726441031558278,-0.441189874291385,0.0963557544888776
"374|84/22 - Comando de Brigada de Monte XII",-0.927672695937546,0.046966483541087,-0.543197270141853,0.00556485767753373,374,"Misiones","Misiones","anclado","seguridad_defensa","desconcentrada","antiguo","alto","grande","distribuido",222,-0.0477005899250407,-0.726679268074976,-0.54467298333077,-0.384451687814813
"374|84/23 - Escuela de Suboficiales del Ejercito Sargento Cabral - Estado Mayor General del Ejercito",-0.368845256781061,0.0484025170917443,-0.229555974182461,0.00545405298926426,374,"Buenos Aires","Buenos Aires","anclado","seguridad_defensa","desconcentrada","antiguo","alto","grande","distribuido",229,0.0903378490390044,-0.741574840784466,-0.647387994036235,0.0431955831415367
"374|84/24 - Colegio Militar de la Nación - Compras y Contrataciones",-0.397642598256149,0.0610893851003987,-0.291403886290604,0.00661134640007879,374,"Buenos Aires","Buenos Aires","anclado","seguridad_defensa","desconcentrada","antiguo","alto","grande","distribuido",200,-0.0176825137711783,-0.78906064376359,-0.581829993620731,0.0874840609027673
"374|84/26 - Hospital Militar Central 601",0.743083222803063,1.01460731970705,-0.555000203176962,0.0117699202206244,374,"CABA","CABA","anclado","seguridad_defensa","desconcentrada","antiguo","alto","grande","distribuido",323,0.294279095997535,-0.615069826080464,-0.0946739376672017,0.488538975378997
"374|84/28 - Jefatura Agrupación Artillería Antiaérea Ej. 601 - EC",-0.721474866939363,0.0826444433510977,-0.461520255802721,0.00390278735349158,374,"Buenos Aires","Buenos Aires","anclado","seguridad_defensa","desconcentrada","antiguo","alto","grande","distribuido",145,0.0316258538374871,-0.734246771864201,-0.647387994036235,0.0431955831415367
"374|84/29 - Liceo Militar General Espejo",-0.634757346684334,0.161650202995392,-0.427743811080357,0.00193908204471585,374,"Mendoza","Mendoza","anclado","seguridad_defensa","desconcentrada","antiguo","alto","media","distribuido",120,-0.0037909011383106,-0.65943054508975,-0.441189874291385,0.0963557544888776
"374|84/30 - Liceo Militar General Paz",-0.776153515460378,0.173761205170643,-0.566485329041604,0.00384122919334187,374,"Córdoba","Córdoba","anclado","seguridad_defensa","desconcentrada","antiguo","alto","grande","distribuido",163,0.0448209124847584,-0.726579722780914,-0.441189874291385,0.0963557544888776
"374|84/31 - Liceo Militar General Belgrano",-0.797853429789525,0.046998002982072,-0.48106611873367,0.0030717521914705,374,"Santa Fe","Santa Fe","anclado","seguridad_defensa","desconcentrada","antiguo","alto","grande","distribuido",144,-0.0546805493257267,-0.683223361288743,-0.441189874291385,0.0963557544888776
"374|84/32 - Liceo Militar General Araoz de Lamadrid",-0.826772929477155,0.059149444922578,-0.489739468764593,0.00189599133261105,374,"Tucumán","Tucumán","anclado","seguridad_defensa","desconcentrada","antiguo","alto","media","distribuido",108,-0.00457173692544823,-0.656789891010407,-0.54467298333077,-0.384451687814813
"374|84/33 - DIRECCION DE INTELIGENCIA OPERACIONAL",-0.356597831529377,0.0197231932672687,-0.206013199536834,0.00280089628681178,374,"CABA","CABA","anclado","seguridad_defensa","desconcentrada","antiguo","alto","grande","distribuido",106,0.064281454548182,-0.816571727877628,-0.368726285296181,0.210041519192731
"374|84/34 - Regimiento de Granaderos a Caballo",-0.345505006340433,0.0656800987840912,-0.261845377350463,0.00152048655569782,374,"CABA","CABA","anclado","seguridad_defensa","desconcentrada","antiguo","alto","media","distribuido",70,0.0308291655067458,-0.820751399754923,-0.368726285296181,0.210041519192731
"374|84/35 - Instituto Social Militar Dámaso Centeno",-0.0887052779237608,-0.12948510041089,0.0764912595650621,0.00175440756426672,374,"CABA","CABA","anclado","seguridad_defensa","desconcentrada","antiguo","alto","media","distribuido",115,0.0901474814143031,-0.561261418191078,-0.198157046706587,0.00773153307530659
"374|84/36 - Escuela Militar de Montaña",-0.847607794866102,0.0684045797056414,-0.520807093304465,0.00241307987786861,374,"Neuquén","Neuquén","anclado","seguridad_defensa","desconcentrada","antiguo","alto","grande","distribuido",98,-0.0343237021209717,-0.726499228372067,-0.506747874706889,0.052067276727647
"374|84/37 - Hospital Militar Regional Córdoba",-0.11915607742164,0.783348818630085,-0.781673711362363,0.00425366886634492,374,"Córdoba","Córdoba","anclado","seguridad_defensa","desconcentrada","antiguo","alto","grande","distribuido",155,0.197032934557339,-0.618764886552915,-0.54467298333077,-0.384451687814813
"374|84/39 - Comando Brigada Paracaidista IV",-0.80264440386874,0.129993524340295,-0.532740285513148,0.00541096227715946,374,"Córdoba","Córdoba","anclado","seguridad_defensa","desconcentrada","antiguo","alto","grande","distribuido",179,0.0637304627555205,-0.719844182467952,-0.506747874706889,0.052067276727647
"374|84/40 - Comando Brigada Mecanizada X",-1.13807974603189,0.130174970012762,-0.854815157270508,0.0026900915985423,374,"Buenos Aires","Buenos Aires","anclado","seguridad_defensa","desconcentrada","antiguo","alto","grande","distribuido",95,-0.0322411097138962,-0.655448944647423,-0.373335646407255,0.321693039327803
"374|84/41 - Contaduría general del Ejercito",-0.226264900429168,0.013721380618419,-0.137930750898578,0.00115113759479957,374,"CABA","CABA","anclado","seguridad_defensa","desconcentrada","antiguo","alto","media","distribuido",76,0.138489165166669,-0.633231478165335,-0.303168284880677,0.254329996953961
"374|84/42 - CENTRO DE EDUCACION OPERACIONAL DUQUE DE CAXIAS",-0.794990586735863,-0.0014125658827252,-0.38339225930579,0.000375504776913228,374,"Buenos Aires","Buenos Aires","anclado","seguridad_defensa","desconcentrada","antiguo","alto","chica","distribuido",40,0.131485627804202,-0.736700344515381,-0.647387994036235,0.0431955831415367
"374|84/48 - Batallón de Ingenieros Anfibios 121",-0.753646607760645,0.0499305949688294,-0.416189754322727,0.00415517581010539,374,"Corrientes","Corrientes","anclado","seguridad_defensa","desconcentrada","antiguo","alto","grande","distribuido",152,0.00169554038184756,-0.729818437473365,-0.610230983746274,-0.428740165576044
"374|84/71 - Liceo Militar General Roca",-0.959977682599038,0.0931567734208104,-0.616737640991187,0.00260391017433271,374,"Chubut","Chubut","anclado","seguridad_defensa","desconcentrada","antiguo","alto","grande","distribuido",90,-0.0572557382492588,-0.743766455962683,-0.54467298333077,-0.384451687814813
"374|84/74 - Sastrería Militar",-0.178591724144441,-0.0707541150638226,-0.0520758148541994,0.00180980990840146,374,"CABA","CABA","anclado","seguridad_defensa","desconcentrada","antiguo","alto","media","distribuido",90,0.211817206812085,-0.636655056492153,-0.303168284880677,0.254329996953961
"374|84/77 - Departamento Contaduría y Finanzas (EMGE)",-0.163188792434321,-0.0820916386095821,0.0381665278420597,0.0180980990840146,374,"CABA","CABA","anclado","seguridad_defensa","desconcentrada","antiguo","alto","grande","distribuido",506,0.165316646742813,-0.675130832246433,-0.303168284880677,0.254329996953961
"374|84/81 - Jefatura Agrupación Comunicaciones 601",-0.467754404706972,0.0243430280913778,-0.279222912116615,0.00244385895794347,374,"CABA","CABA","anclado","seguridad_defensa","desconcentrada","antiguo","alto","grande","distribuido",98,0.0435047530292348,-0.73898812146177,-0.368726285296181,0.210041519192731
"374|84/88 - DIRECCION DE EDUCACION OPERACIONAL",-0.380357528200263,0.0150644465313074,-0.213769596204992,0.00482000393972225,374,"CABA","CABA","anclado","seguridad_defensa","desconcentrada","antiguo","alto","grande","distribuido",199,0.0240099406868844,-0.787102420258881,-0.368726285296181,0.210041519192731
"374|84/89 - Dirección General de Educación",-0.222918125058371,-0.0365097380100087,-0.063912220216003,0.00618043927903083,374,"CABA","CABA","anclado","seguridad_defensa","desconcentrada","antiguo","alto","grande","distribuido",315,0.0142339449757819,-0.742831046257453,-0.472209394335566,-0.27076592311096
"374|84/98 - Regimiento de Infantería 1 Patricios",-0.288414511471605,0.000323347106266958,-0.177307001503524,0.00177287501231163,374,"CABA","CABA","anclado","seguridad_defensa","desconcentrada","antiguo","alto","media","distribuido",121,0.00434133065524499,-0.750125928597127,-0.472209394335566,-0.27076592311096
"374|84/99 - Hospital Militar Regional Mendoza",0.164595785589688,0.926522854550628,-0.750252426901827,0.00429060376243475,374,"Mendoza","Mendoza","anclado","seguridad_defensa","desconcentrada","antiguo","alto","grande","distribuido",145,0.218048143329759,-0.622003569540832,-0.336178636117294,-0.150242709389777
"375|37/000 - Departamento Contrataciones",0.100998636339437,-0.22797142262148,0.243564504191966,0.000547867625332414,375,"CABA","CABA","anclado","seguridad_defensa","desconcentrada","antiguo","alto","chica","distribuido",49,0.368894325439441,-0.361354793078891,-0.0946739376672017,0.488538975378997
"375|37/001 - Unidad Tecnica Administrativa Contable DNG",-0.0838654461520574,-0.0967142946289527,0.15683538164677,0.00195139367674579,375,"CABA","CABA","anclado","seguridad_defensa","desconcentrada","antiguo","alto","media","distribuido",99,0.100224915136408,-0.581943320860788,-0.0946739376672017,0.488538975378997
"375|37/002 - Unidad Tecnica Administrativa Contable Digeapoyo",-0.104275096665961,-0.145898639420093,0.15099744868192,0.00152048655569782,375,"CABA","CABA","anclado","seguridad_defensa","desconcentrada","antiguo","alto","media","distribuido",106,0.257617235094485,-0.547580636870765,-0.0946739376672017,0.488538975378997
"375|37/003 - Centro Asistencial Buenos Aires",0.390067757813721,0.554814723075705,-0.261260869980516,0.00153279818772777,375,"CABA","CABA","anclado","seguridad_defensa","desconcentrada","antiguo","alto","media","distribuido",117,0.0691439530936982,-0.498455061237383,-0.0946739376672017,0.488538975378997
"375|37/004 - Unidad De Inteligencia Buenos Aires Sur",-0.0456748887907696,-0.137594431602895,0.185566638259071,0.000400128040973111,375,"CABA","CABA","anclado","seguridad_defensa","desconcentrada","antiguo","alto","chica","distribuido",39,0.181415204401875,-0.566459888115695,-0.442989305750393,0.246714243688898
"375|37/005 - Escuela De  Gendarmería Nacional Grl D. M.M. De Güemes",-0.151563817631671,-0.0304353444595195,-0.01027456172256,0.00173594011622181,375,"Buenos Aires","Buenos Aires","anclado","seguridad_defensa","desconcentrada","antiguo","alto","media","distribuido",138,0.105921058877014,-0.690206195699714,-0.513156667276971,0.31407728606274
"375|37/006 - Escuela Superior De Gn Grl Br D. M.M. Calderón",-0.132409157037669,-0.101788419032364,0.0726619657530359,0.000615581601497094,375,"Buenos Aires","Buenos Aires","anclado","seguridad_defensa","desconcentrada","antiguo","alto","media","distribuido",58,-0.0265923910919889,-0.571435375377952,-0.513156667276971,0.31407728606274
"375|37/007 - Escuela De Suboficiales Cabo Raúl Remberto Cuello",-0.971715417881786,0.14578105841051,-0.644098312713346,0.00153279818772777,375,"Buenos Aires","Buenos Aires","anclado","seguridad_defensa","desconcentrada","antiguo","alto","media","distribuido",120,-0.0938632675891445,-0.583385191773913,-0.373335646407255,0.321693039327803
"375|37/008 - Destacamento Movil 3",-1.29405604542285,0.191219898212668,-0.915204360675737,0.000480153649167734,375,"sin_sede",NA,"anclado","seguridad_defensa","desconcentrada","antiguo","alto","chica","distribuido",35,-0.0387016955637145,-0.604915375110958,-0.372516547947625,0.32294897964885
"375|37/009 - Instituto De Capacitación Especializada Cabo Juan Adolfo Romero",-0.341814144146962,0.0189133884975858,-0.123512779617386,0.0015882005318625,375,"Buenos Aires","Buenos Aires","anclado","seguridad_defensa","desconcentrada","antiguo","alto","media","distribuido",131,-0.0313721679332347,-0.677053612259853,-0.721651014490446,0.0798683076377035
"375|37/010 - Comando De Región I",-0.00235175125798368,0.0677636032013749,0.00785475922788161,0.00107111198660494,375,"Buenos Aires","Buenos Aires","anclado","seguridad_defensa","desconcentrada","antiguo","alto","media","distribuido",96,0.130755034975934,-0.575818601125974,-0.513156667276971,0.31407728606274
"375|37/011 - Destacamento Movil 1",-0.223763310283,-0.0530498506173034,-0.027115848340448,0.000689451393676746,375,"CABA","CABA","anclado","seguridad_defensa","desconcentrada","antiguo","alto","media","distribuido",64,0.119440667547074,-0.724096366178676,-0.508547306165897,0.202425765927667
"375|37/013 - Comando De Región II",-0.972594601000786,-0.0123356768718881,-0.45244506222444,0.00123116320299419,375,"Santa Fe","Santa Fe","anclado","seguridad_defensa","desconcentrada","antiguo","alto","media","distribuido",69,-0.128312939848728,-0.626087456276809,-0.646568895576605,0.0444515234625834
"375|37/014 - Destacamento Movil 2",-0.965018307436552,0.00804851189441012,-0.461251309091071,0.00171747266817689,375,"CABA","CABA","anclado","seguridad_defensa","desconcentrada","antiguo","alto","media","distribuido",92,-0.175271757211057,-0.632425547179958,-0.442989305750393,0.246714243688898
"375|37/015 - Jefatura De Agrupacion III Corrientes",-1.05330444731534,-0.0483073934894759,-0.387431079214848,0.000707918841721659,375,"Corrientes","Corrientes","anclado","seguridad_defensa","desconcentrada","antiguo","alto","media","distribuido",49,-0.221149792035642,-0.482228124584346,-0.646568895576605,0.0444515234625834
"375|37/017 - Escuadrón 47 Ituzaingo",-0.77371855368221,-0.00613066930544163,-0.307420551938628,0.000972618930365409,375,"Corrientes","Corrientes","anclado","seguridad_defensa","desconcentrada","antiguo","alto","media","distribuido",84,-0.117510730187693,-0.650398300053095,-0.646568895576605,0.0444515234625834
"375|37/018 - Escuadron 7 Pasos De Los Libres",-1.17634462084384,-0.00606994259408055,-0.585323235893512,0.000751009553826455,375,"Corrientes","Corrientes","anclado","seguridad_defensa","desconcentrada","antiguo","alto","media","distribuido",48,-0.119979934868423,-0.651472869658248,-0.646568895576605,0.0444515234625834
"375|37/019 - Jefatura De Agrupación V Entre Rios",-0.668207533629101,0.00975485927938677,-0.253345810840607,0.000824879346006107,375,"Entre Ríos","Entre Ríos","anclado","seguridad_defensa","desconcentrada","antiguo","alto","media","distribuido",78,-0.154478215780227,-0.552222252958387,-0.646568895576605,0.0444515234625834
"375|37/020 - Escuadrón 4 Concordia",-0.77038396560087,0.00187644055360112,-0.301414528279139,0.000603269969467153,375,"Entre Ríos","Entre Ríos","anclado","seguridad_defensa","desconcentrada","antiguo","alto","media","distribuido",52,-0.195462974084912,-0.63213662570573,-0.646568895576605,0.0444515234625834
"375|37/021 - Escuadrón 6 Concepción Del Uruguay",-0.598289743151481,-0.00311492502225928,-0.21226432466054,0.000566335073377327,375,"Entre Ríos","Entre Ríos","anclado","seguridad_defensa","desconcentrada","antiguo","alto","chica","distribuido",68,-0.121483582627363,-0.650190372516479,-0.5810108951611,0.0887400012238138
"375|37/022 - Escuadrón 56 Gualeguaychú",-0.604030292960425,-0.0204157562810856,-0.176993928629516,0.000430907121047966,375,"Entre Ríos","Entre Ríos","anclado","seguridad_defensa","desconcentrada","antiguo","alto","chica","distribuido",46,-0.122299733846698,-0.576334376037739,-0.5810108951611,0.0887400012238138
"375|37/023 - Jefatura De Agrupación Iv Misiones",-0.809990845720592,-0.0270083925807775,-0.297491483934015,0.000566335073377327,375,"Misiones","Misiones","anclado","seguridad_defensa","desconcentrada","antiguo","alto","chica","distribuido",50,-0.101052655858194,-0.607096430938664,-0.646568895576605,0.0444515234625834
"375|37/024 - Escuadrón 8 Alto Uruguay",-0.850333058153636,-0.0134021150727723,-0.34034765192743,0.000590958337437211,375,"Misiones","Misiones","anclado","seguridad_defensa","desconcentrada","antiguo","alto","chica","distribuido",61,-0.262857685503852,-0.61454972433508,-0.646568895576605,0.0444515234625834
"375|37/025 - Escuadrón 9 Oberá",-0.814801035537477,-0.00383679923038229,-0.325719429866162,0.000843346794051019,375,"Misiones","Misiones","anclado","seguridad_defensa","desconcentrada","antiguo","alto","media","distribuido",73,-0.117419506758413,-0.662248217707677,-0.646568895576605,0.0444515234625834
"375|37/026 - Escuadrón 10 Eldorado",-1.28931097620963,-0.00991246367940578,-0.656724233892004,0.00078178863390131,375,"Misiones","Misiones","anclado","seguridad_defensa","desconcentrada","antiguo","alto","media","distribuido",69,-0.321468811203275,-0.573591160588716,-0.646568895576605,0.0444515234625834
"375|37/027 - Escuadrón 11 San Ignacio",-0.682534885848988,-0.00732929813392488,-0.254707433651168,0.000769477001871368,375,"Misiones","Misiones","anclado","seguridad_defensa","desconcentrada","antiguo","alto","media","distribuido",71,-0.16763981831426,-0.661534892525562,-0.646568895576605,0.0444515234625834
"375|37/028 - Escuadrón 12 Bernardo De Irigoyen",-0.72794919644011,0.0175039301177122,-0.320367691296576,0.000480153649167734,375,"Misiones","Misiones","anclado","seguridad_defensa","desconcentrada","antiguo","alto","chica","distribuido",55,-0.245904098040867,-0.615704494254091,-0.646568895576605,0.0444515234625834
"375|37/029 - Escuadrón 13 Iguazú",-0.723323501608382,-0.0295400266726198,-0.242312220656509,0.000738697921796513,375,"Misiones","Misiones","anclado","seguridad_defensa","desconcentrada","antiguo","alto","media","distribuido",69,-0.107255127071847,-0.630835274548939,-0.646568895576605,0.0444515234625834
"375|37/030 - Jefatura De Agrupación VIFormosa",-1.27639946829353,0.0181672051401091,-0.627238238109728,0.000621737417512065,375,"Formosa","Formosa","anclado","seguridad_defensa","desconcentrada","antiguo","alto","media","distribuido",46,-0.388958818366169,-0.495199499755788,-0.5810108951611,0.0887400012238138
"375|37/031 - Escuadrón 5 Pirané",-1.02565684330266,-0.0197067365964793,-0.433159491775942,0.000467842017137792,375,"Formosa","Formosa","anclado","seguridad_defensa","desconcentrada","antiguo","alto","chica","distribuido",50,-0.303861000006806,-0.558772101851383,-0.646568895576605,0.0444515234625834
"375|37/032 - Escuadrón 16 Clorinda",-0.785340605041864,-0.0190679757282342,-0.305147156156428,0.000609425785482123,375,"Formosa","Formosa","anclado","seguridad_defensa","desconcentrada","antiguo","alto","media","distribuido",65,-0.198699851714248,-0.564480870736268,-0.5810108951611,0.0887400012238138
"375|37/033 - Escuadron 18 Lomitas",-1.0298311609828,-0.0195342837712814,-0.428711160847826,0.000307790800748547,375,"Formosa","Formosa","anclado","seguridad_defensa","desconcentrada","antiguo","alto","chica","distribuido",32,-0.319907504724747,-0.535030171342601,-0.646568895576605,0.0444515234625834
"375|37/034 - Escuadrón 19 Ingeniero Juarez",-0.884840272297353,-0.0186681857435943,-0.388727873190001,0.000320102432778489,375,"Formosa","Formosa","anclado","seguridad_defensa","desconcentrada","antiguo","alto","chica","distribuido",32,-0.217915567381022,-0.679438976761754,-0.646568895576605,0.0444515234625834
"375|37/035 - Jefatura de Región III",-0.818220410080788,0.116818231235739,-0.498529517679192,0.00045553038510785,375,"CABA","CABA","anclado","seguridad_defensa","desconcentrada","antiguo","alto","chica","distribuido",43,-0.0543127703870659,-0.580328286005417,-0.508547306165897,0.202425765927667
"375|37/036 - Destacamento Movil 5",-0.623070627570818,-0.00639590885084146,-0.227867516163921,0.000898749138185758,375,"Buenos Aires","Buenos Aires","anclado","seguridad_defensa","desconcentrada","antiguo","alto","media","distribuido",90,-0.158618640463043,-0.677660820118368,-0.787209014905951,0.0355798298764731
"375|37/037 - Jefatura De Agrupación VII Salta",-0.568627708648978,0.0142382965339671,-0.197373910397173,0.000886437506155816,375,"Salta","Salta","anclado","seguridad_defensa","desconcentrada","antiguo","alto","media","distribuido",82,-0.0760581613722116,-0.653265883114367,-0.646568895576605,0.0444515234625834
"375|37/038 - Escuadrón 20 Orán",-0.55390996581757,0.031332054253722,-0.20946900687349,0.00100955382645524,375,"Salta","Salta","anclado","seguridad_defensa","desconcentrada","antiguo","alto","media","distribuido",82,-0.067668843146227,-0.646109764363033,-0.5810108951611,0.0887400012238138
"375|37/039 - Escuadrón 21 La Quiaca",-1.01716081379311,-0.00437587973049651,-0.433926118690643,0.00038781640894317,375,"Jujuy","Jujuy","anclado","seguridad_defensa","desconcentrada","antiguo","alto","chica","distribuido",38,-0.151981369268376,-0.593165478863252,-0.372516547947625,0.32294897964885
"375|37/040 - Escuadrón 52 Tartagal",-0.732218987087387,-0.0151931730410519,-0.263413511565302,0.000984930562395351,375,"Salta","Salta","anclado","seguridad_defensa","desconcentrada","antiguo","alto","media","distribuido",83,-0.144361641381835,-0.667977275771391,-0.5810108951611,0.0887400012238138
"375|37/042 - Escuadrón 54 Aguaray",-0.68290580753815,0.00405539811752522,-0.272987136364411,0.000738697921796513,375,"Salta","Salta","anclado","seguridad_defensa","desconcentrada","antiguo","alto","media","distribuido",65,-0.0977835577726169,-0.681913348012454,-0.646568895576605,0.0444515234625834
"375|37/043 - Escuadrón 55 Tucumán",-0.695996556944094,-0.0350822956249564,-0.196709967282454,0.000430907121047966,375,"Tucumán","Tucumán","anclado","seguridad_defensa","desconcentrada","antiguo","alto","chica","distribuido",46,-0.143280372252172,-0.595935180320916,-0.646568895576605,0.0444515234625834
"375|37/044 - Jefatura De Agrupación  VIII Catamarca",-0.642251565975602,0.00478645595924675,-0.19601385002882,0.000547867625332414,375,"Catamarca","Catamarca","anclado","seguridad_defensa","desconcentrada","antiguo","alto","chica","distribuido",55,-0.082524149058252,-0.552978352660732,-0.5810108951611,0.0887400012238138
"375|37/045 - Escuadrón 23 Tinogasta",-0.714847828231488,0.0298367588079657,-0.317824541841782,0.000233921008568896,375,"Catamarca","Catamarca","anclado","seguridad_defensa","desconcentrada","antiguo","alto","chica","distribuido",25,-0.106031629069214,-0.647049351867663,-0.5810108951611,0.0887400012238138
"375|37/046 - Escuadrón 24 Chilecito",-0.666848646152434,0.0535489314407601,-0.30924188342554,0.00058480252142224,375,"La Rioja","La Rioja","anclado","seguridad_defensa","desconcentrada","antiguo","alto","chica","distribuido",70,-0.157052118320989,-0.61733115454149,-0.646568895576605,0.0444515234625834
"375|37/047 - Jefatura De Agrupación X San Juan",-0.667480955203601,0.00372077508931265,-0.245871265909784,0.00102802127450015,375,"San Juan","San Juan","anclado","seguridad_defensa","desconcentrada","antiguo","alto","media","distribuido",85,-0.139746462826786,-0.626840078048797,-0.5810108951611,0.0887400012238138
"375|37/048 - Escuadrón 25 Jachal",-0.879779917462665,0.0595948340298958,-0.385169098735343,0.000486309465182705,375,"San Juan","San Juan","anclado","seguridad_defensa","desconcentrada","antiguo","alto","chica","distribuido",44,-0.405219293677839,-0.455880444422438,-0.5810108951611,0.0887400012238138
"375|37/049 - Escuadrón 26 Barreal",-0.746095715752938,0.0208165206439121,-0.359304269738797,0.00045553038510785,375,"San Juan","San Juan","anclado","seguridad_defensa","desconcentrada","antiguo","alto","chica","distribuido",51,-0.217996673636052,-0.61570952143816,-0.5810108951611,0.0887400012238138
"375|37/050 - Jefatura De Agrupación XI Cuyo",-0.719165525781679,0.0418716904313722,-0.305282144084895,0.000874125874125874,375,"Mendoza","Mendoza","anclado","seguridad_defensa","desconcentrada","antiguo","alto","media","distribuido",85,-0.237288439574783,-0.607269983689911,-0.646568895576605,0.0444515234625834
"375|37/051 - Escuadrón 27 Uspallata",-0.634291303012529,0.0604202844241533,-0.29320090104466,0.000886437506155816,375,"Mendoza","Mendoza","anclado","seguridad_defensa","desconcentrada","antiguo","alto","media","distribuido",77,-0.114711590545725,-0.602094491549723,-0.646568895576605,0.0444515234625834
"375|37/052 - Escuadrón 28 Tunuyan",-0.800875442292438,0.0322276248136318,-0.369895651789583,0.000615581601497094,375,"Mendoza","Mendoza","anclado","seguridad_defensa","desconcentrada","antiguo","alto","media","distribuido",58,-0.221921234320446,-0.649890896139357,-0.646568895576605,0.0444515234625834
"375|37/053 - Escuadrón 29 Malargüe",-0.734282762232784,0.00859777601845778,-0.287482401403782,0.000473997833152763,375,"Mendoza","Mendoza","anclado","seguridad_defensa","desconcentrada","antiguo","alto","chica","distribuido",43,-0.209241427351924,-0.607391956678737,-0.646568895576605,0.0444515234625834
"375|37/055 - Destacamento Movil 4",-0.655463360952135,-0.0655098735619486,-0.248880725009719,0.000160051216389245,375,"CABA","CABA","anclado","seguridad_defensa","desconcentrada","antiguo","alto","chica","distribuido",23,-0.185674051425401,-0.645063153309269,-0.508547306165897,0.202425765927667
"375|37/056 - Jefatura De Agrupación XII Comahue",-0.570293935247196,0.0324391456246153,-0.212864607088302,0.000320102432778489,375,"Neuquén","Neuquén","anclado","seguridad_defensa","desconcentrada","antiguo","alto","chica","distribuido",44,-0.179129595877639,-0.620583752084158,-0.646568895576605,0.0444515234625834
"375|37/057 - Escuadrón 30 Chos Malal",-0.848995041864255,0.048579739621885,-0.453717691255979,0.000406283856988082,375,"Neuquén","Neuquén","anclado","seguridad_defensa","desconcentrada","antiguo","alto","chica","distribuido",44,-0.184569734413537,-0.637066175699543,-0.5810108951611,0.0887400012238138
"375|37/058 - Escuadrón 31 Las Lajas",-0.741798582544763,0.0164977628509066,-0.311042683516491,0.000295479168718605,375,"Neuquén","Neuquén","anclado","seguridad_defensa","desconcentrada","antiguo","alto","chica","distribuido",38,-0.138134018335226,-0.619532067545616,-0.5810108951611,0.0887400012238138
"375|37/059 - Escuadrón 32 Alumine",-0.692266452637151,-0.0112956143482611,-0.279292334922465,0.000467842017137792,375,"Neuquén","Neuquén","anclado","seguridad_defensa","desconcentrada","antiguo","alto","chica","distribuido",56,-0.00337258273811342,-0.695576508767716,-0.646568895576605,0.0444515234625834
"375|37/060 - Escuadrón 33 San Martin De Los Andes",-0.751599677996823,-0.0291313830634664,-0.270228430759436,0.000831035162021078,375,"Neuquén","Neuquén","anclado","seguridad_defensa","desconcentrada","antiguo","alto","media","distribuido",79,-0.0145520538706315,-0.597878885536191,-0.5810108951611,0.0887400012238138
"375|37/061 - Escuadrón 34 Bariloche",-0.844019078825889,-0.0304723459101076,-0.281982566956011,0.000917216586230671,375,"Río Negro","Río Negro","anclado","seguridad_defensa","desconcentrada","antiguo","alto","media","distribuido",77,-0.175698399781136,-0.501198796226188,-0.5810108951611,0.0887400012238138
"375|37/062 - Escuadrón 35 El Bolson",-0.751574715810526,-0.0196842256753966,-0.238901735096075,0.000504776913227618,375,"Río Negro","Río Negro","anclado","seguridad_defensa","desconcentrada","antiguo","alto","chica","distribuido",52,-0.176702586168628,-0.516621046233235,-0.5810108951611,0.0887400012238138
"375|37/063 - Jefatura De Agrupación XIV Chubut",-0.660797732793538,-0.0267639385246002,-0.196533786017518,0.000535555993302472,375,"Chubut","Chubut","anclado","seguridad_defensa","desconcentrada","antiguo","alto","chica","distribuido",60,-0.097162477070247,-0.637899291544735,-0.5810108951611,0.0887400012238138
"375|37/064 - Escuadrón 36 Esquel",-0.835797278497347,-0.0693267994528166,-0.305515142519109,0.000763321185856397,375,"Chubut","Chubut","anclado","seguridad_defensa","desconcentrada","antiguo","alto","media","distribuido",74,-0.179177674241831,-0.582754125603416,-0.5810108951611,0.0887400012238138
"375|37/065 - Escuadrón 38 Rio Mayo",-0.831749511656138,-0.00195794469403818,-0.323948994169375,0.000283167536688663,375,"Chubut","Chubut","anclado","seguridad_defensa","desconcentrada","antiguo","alto","chica","distribuido",38,-0.221442190017338,-0.632045771853628,-0.5810108951611,0.0887400012238138
"375|37/066 - Jefatura De Agrupacion XVISanta Cruz",-0.623314165928426,-0.0291612251103412,-0.188804525759884,0.000449374569092879,375,"Santa Cruz","Santa Cruz","anclado","seguridad_defensa","desconcentrada","antiguo","alto","chica","distribuido",51,-0.0756860365365997,-0.590173703575068,-0.23269552707791,0.330564732913913
"375|37/067 - Escuadrón 39 Perito Moreno",-0.734951573958411,-0.0314082785376876,-0.253949732012779,0.000338569880823402,375,"Santa Cruz","Santa Cruz","anclado","seguridad_defensa","desconcentrada","antiguo","alto","chica","distribuido",48,-0.188533828203698,-0.600226679409701,-0.5810108951611,0.0887400012238138
"375|37/068 - Escuadrón 42 Calafate",-0.550842225108704,-0.00274607509710753,-0.187524666980753,0.000369348960898257,375,"Santa Cruz","Santa Cruz","anclado","seguridad_defensa","desconcentrada","antiguo","alto","chica","distribuido",43,-0.0821443689216567,-0.658438353927101,-0.646568895576605,0.0444515234625834
"375|37/069 - Escuadrón 43 Rio Turbio",-0.682565709854823,-0.0233900697724785,-0.232358483508363,0.00038781640894317,375,"Santa Cruz","Santa Cruz","anclado","seguridad_defensa","desconcentrada","antiguo","alto","chica","distribuido",42,-0.158602287751198,-0.680022648100868,-0.372516547947625,0.32294897964885
"375|37/071 - Agrupación Unidades Operativas Buenos Aires",-0.299247356046014,-0.0397760289046979,-0.0354718249732342,0.000646360681571949,375,"CABA","CABA","anclado","seguridad_defensa","desconcentrada","antiguo","alto","media","distribuido",65,0.0100227216896088,-0.700485641971281,-0.508547306165897,0.202425765927667
"375|37/072 - Servicio De Aviación",-0.258775852223807,-0.0317457965818621,-0.0524507759173683,0.00140968186742835,375,"Buenos Aires","Buenos Aires","anclado","seguridad_defensa","desconcentrada","antiguo","alto","media","distribuido",123,0.146558002952733,-0.668460867764812,-0.787209014905951,0.0355798298764731
"375|37/073 - Operativo Centinela (Jefatura Zona Oeste)",-0.461714575412128,-0.0163792084015925,-0.15911946370378,0.000578646705407269,375,"Buenos Aires","Buenos Aires","anclado","seguridad_defensa","desconcentrada","antiguo","alto","chica","distribuido",48,-0.0483895402675557,-0.707956077170089,-0.787209014905951,0.0355798298764731
"375|37/074 - Escuadrón Seguridad Zarate - Brazo Largo",-0.174644075552429,0.08840371919068,-0.122946174282838,0.000147739584359303,375,"Buenos Aires","Buenos Aires","anclado","seguridad_defensa","desconcentrada","antiguo","alto","chica","distribuido",23,-0.141227653961136,-0.532257608990147,-0.787209014905951,0.0355798298764731
"375|37/078 - Escuadrón 57 Santo Tome",-0.742195638380706,-0.00414807965640807,-0.317981244332648,0.000806411897961194,375,"Corrientes","Corrientes","anclado","seguridad_defensa","desconcentrada","antiguo","alto","media","distribuido",78,-0.111280046175469,-0.678610307690262,-0.646568895576605,0.0444515234625834
"375|37/079 - Jefatura De Agrupación IX Jujuy",-0.633585337977903,0.00264079243655455,-0.200073909558468,0.000658672313601891,375,"Jujuy","Jujuy","anclado","seguridad_defensa","desconcentrada","antiguo","alto","media","distribuido",66,-0.0602118006667489,-0.609511105011454,-0.646568895576605,0.0444515234625834
"375|37/081 - Escuadrón Seguridad El Chocon",-0.572161166764283,0.000763818797998383,-0.174054214498451,0.000264700088643751,375,"Neuquén","Neuquén","anclado","seguridad_defensa","desconcentrada","antiguo","alto","chica","distribuido",33,-0.0352412151977866,-0.651126913142948,-0.646568895576605,0.0444515234625834
"375|37/082 - Escuadrón Segurdad Atucha",-0.465852905980806,-0.0175394643232739,-0.116226741639487,0.00039397222495814,375,"Buenos Aires","Buenos Aires","anclado","seguridad_defensa","desconcentrada","antiguo","alto","chica","distribuido",45,-0.039633894499134,-0.67396906955728,-0.787209014905951,0.0355798298764731
"375|37/083 - Secretaria General",0.0494964868981014,-0.0989015465999252,0.234229908584115,0.00150201910765291,375,"CABA","CABA","anclado","seguridad_defensa","desconcentrada","antiguo","alto","media","distribuido",72,0.0598437005868667,-0.564216143751839,-0.0946739376672017,0.488538975378997
"375|37/084 - Escuadrón 14 Las Palmas",-0.705122556910413,0.00334824343388575,-0.271776447680188,0.000597114153452182,375,"Chaco","Chaco","anclado","seguridad_defensa","desconcentrada","antiguo","alto","chica","distribuido",67,-0.155208728764272,-0.656937233489194,-0.646568895576605,0.0444515234625834
"375|37/085 - Escuadrón 37 Jose De San Martin",-0.925154880377783,-0.0244766168991742,-0.346783160274339,0.000529400177287501,375,"Chubut","Chubut","anclado","seguridad_defensa","desconcentrada","antiguo","alto","chica","distribuido",52,-0.229640917384356,-0.601637997586616,-0.5810108951611,0.0887400012238138
"375|37/086 - Escuadrón Seguridad Vial Rafaela",-0.690369577650203,-0.0195872483277598,-0.29210843886062,0.000461686201122821,375,"Santa Fe","Santa Fe","anclado","seguridad_defensa","desconcentrada","antiguo","alto","chica","distribuido",45,-0.230095114784884,-0.559426541874121,-0.646568895576605,0.0444515234625834
"375|37/087 - Escuadron Seguridad Vial Sierra Grande",-0.716476419405681,-0.0110637088002776,-0.253225793774618,0.000307790800748547,375,"Río Negro","Río Negro","anclado","seguridad_defensa","desconcentrada","antiguo","alto","chica","distribuido",37,-0.0599373725866602,-0.735285826475045,-0.5810108951611,0.0887400012238138
"375|37/088 - Escuadron Seguridad Vial Balcarce",-0.582972928614039,0.036080816565071,-0.23577114658556,0.000307790800748547,375,"Buenos Aires","Buenos Aires","anclado","seguridad_defensa","desconcentrada","antiguo","alto","chica","distribuido",35,-0.154531310460281,-0.595973009086892,-0.787209014905951,0.0355798298764731
"375|37/089 - Escuadrón Seguridad Vial San Nicolas",-0.56603069377174,0.0047763660688952,-0.222719431128914,0.000240076824583867,375,"Buenos Aires","Buenos Aires","anclado","seguridad_defensa","desconcentrada","antiguo","alto","chica","distribuido",27,-0.0702332529296166,-0.74223590492129,-0.787209014905951,0.0355798298764731
"375|37/090 – Agrupación “Cinturón Sur",-0.328360108275974,-0.0408272304311956,-0.0626054925751955,0.000338569880823402,375,"CABA","CABA","anclado","seguridad_defensa","desconcentrada","antiguo","alto","chica","distribuido",33,0.0255369853000125,-0.701643877738112,-0.442989305750393,0.246714243688898
"375|37/091 - Escuadrón Seguridad Vial San Justo",-0.784799932342199,-0.0164907335818635,-0.312483748251644,0.00039397222495814,375,"Santa Fe","Santa Fe","anclado","seguridad_defensa","desconcentrada","antiguo","alto","chica","distribuido",43,-0.384992149471294,-0.515701294615782,-0.646568895576605,0.0444515234625834
"375|37/092 - Escuadrón Seguridad Embalse",-0.885867906682791,0.0659551667262564,-0.451755927741332,0.000289323352703634,375,"Córdoba","Córdoba","anclado","seguridad_defensa","desconcentrada","antiguo","alto","chica","distribuido",30,-0.222531391434828,-0.630986287246937,-0.5810108951611,0.0887400012238138
"375|37/093 - Escuadron Seguridad Vial Autopistas Sur",-0.373172519832724,-0.0372060215681145,-0.0977220585033391,0.000670983945631833,375,"CABA","CABA","anclado","seguridad_defensa","desconcentrada","antiguo","alto","media","distribuido",64,-0.0270522211178312,-0.718907568603773,-0.508547306165897,0.202425765927667
"375|37/094 - Centro De Reconocimiento Y Operaciones Contra El Narcotrafico",-0.629627400233757,-0.00887335794898209,-0.234438371734784,0.000510932729242588,375,"CABA","CABA","anclado","seguridad_defensa","desconcentrada","antiguo","alto","chica","distribuido",50,-0.127057641530425,-0.657653997455899,-0.508547306165897,0.202425765927667
"375|37/095 - Escuadrón 22 San Antonio De Los Cobres",-0.744470559187068,0.0226985108459498,-0.32346575424595,0.000683295577661775,375,"Salta","Salta","anclado","seguridad_defensa","desconcentrada","antiguo","alto","media","distribuido",63,-0.13144490948943,-0.592265856604596,-0.5810108951611,0.0887400012238138
"375|37/096 - Escuadrón 58 La Rioja",-1.39383275897948,0.0323824729111283,-0.694474637383448,0.000264700088643751,375,"La Rioja","La Rioja","anclado","seguridad_defensa","desconcentrada","antiguo","alto","chica","distribuido",22,-0.178014797612261,-0.551745006647395,-0.5810108951611,0.0887400012238138
"375|37/097 - Comando De Región IV",-0.725400314632439,0.0179851512722577,-0.302450230613371,0.000535555993302472,375,"CABA","CABA","anclado","seguridad_defensa","desconcentrada","antiguo","alto","chica","distribuido",48,-0.165552683239095,-0.57923829825599,-0.508547306165897,0.202425765927667
"375|37/098 - Escuadron 1 Roque Saenz Peña",-1.09579677634468,-0.0109026328310198,-0.505753335769652,0.000480153649167734,375,"Chaco","Chaco","anclado","seguridad_defensa","desconcentrada","antiguo","alto","chica","distribuido",43,-0.275555396979782,-0.632403383634214,-0.5810108951611,0.0887400012238138
"375|37/100 - SERVICIO ADMINISTRATIVO FINANCIERO DESCONCENTRADO ESCUADRÓN 59 SANTIAGO DEL ESTERO",-0.589894383818615,0.0058203304179515,-0.213636433819436,0.000430907121047966,375,"Santiago del Estero","Santiago del Estero","anclado","seguridad_defensa","desconcentrada","antiguo","alto","chica","distribuido",50,-0.0431074818566024,-0.668713681231503,-0.646568895576605,0.0444515234625834
"375|37/101 - Escuadron 41 Comodoro Rivadavia",-0.795106785727289,0.00404229436798929,-0.31877562302402,0.000467842017137792,375,"Chubut","Chubut","anclado","seguridad_defensa","desconcentrada","antiguo","alto","chica","distribuido",48,-0.221154552913283,-0.607453754597025,-0.5810108951611,0.0887400012238138
"375|37/102 - Destacamento Movil 6",-0.338289833457825,-0.0320914361450602,-0.0857837020213339,0.000492465281197676,375,"CABA","CABA","anclado","seguridad_defensa","desconcentrada","antiguo","alto","chica","distribuido",54,0.0417470146402935,-0.659937359953788,-0.508547306165897,0.202425765927667
"375|37/105 - Direccion De Criminalistica Y Estudios Forenses",0.119534541423187,0.0332530191823394,0.208675972418406,0.00112651433073968,375,"CABA","CABA","anclado","seguridad_defensa","desconcentrada","antiguo","alto","media","distribuido",88,0.0988609487925499,-0.434799934021649,-0.234494958536917,0.480923222113934
"375|37/106 - Direccion General De Inteligencia Criminal E Investigaciones",-0.125945354134119,-0.0766167918618529,0.0779577510930985,0.000547867625332414,375,"CABA","CABA","anclado","seguridad_defensa","desconcentrada","antiguo","alto","chica","distribuido",37,-0.0117196039500219,-0.627581675623759,-0.0946739376672017,0.488538975378997
"375|37/108 - Dirección De Educación E Institutos",-0.138029053178115,-0.101812544096737,0.128399224969263,0.000492465281197676,375,"CABA","CABA","anclado","seguridad_defensa","desconcentrada","antiguo","alto","chica","distribuido",47,0.0313360102009595,-0.598126393049297,-0.442989305750393,0.246714243688898
"375|37/109 - Jefatura De Agrupacion XVII Santiago Del Estero",-0.552362119503714,0.0608694601245726,-0.227219620008269,0.000787944449916281,375,"Santiago del Estero","Santiago del Estero","anclado","seguridad_defensa","desconcentrada","antiguo","alto","media","distribuido",76,-0.144328352982964,-0.58250656853614,-0.646568895576605,0.0444515234625834
"375|37/110 - Jefatura De Agrupacion XV Santa Fe",-0.826141337590292,-0.00334120463782153,-0.362727176686654,0.00078178863390131,375,"Santa Fe","Santa Fe","anclado","seguridad_defensa","desconcentrada","antiguo","alto","media","distribuido",71,-0.155570664417448,-0.634979406134404,-0.5810108951611,0.0887400012238138
"375|37/111 - Agrupación Mantenimiento y Capacitación de Tecnologías de la  Información y Comunicaciones",-0.207501307000205,-0.074693568685834,0.0613237458738872,0.00078178863390131,375,"CABA","CABA","anclado","seguridad_defensa","desconcentrada","antiguo","alto","media","distribuido",77,0.107107603462812,-0.696393617505561,-0.508547306165897,0.202425765927667
"375|37/112 - Dirección de Tecnologías de la Información y Comunicaciones",0.0200075156008428,-0.164374512543951,0.286043736673791,0.000510932729242588,375,"CABA","CABA","anclado","seguridad_defensa","desconcentrada","antiguo","alto","chica","distribuido",61,0.158807065313916,-0.629058539124413,-0.442989305750393,0.246714243688898
"375|37/113 - Jefatura De Agrupacion XXVIII Chaco",-0.809344276164275,-0.000792081757133475,-0.326653424945941,0.000535555993302472,375,"Chaco","Chaco","anclado","seguridad_defensa","desconcentrada","antiguo","alto","chica","distribuido",57,-0.204075863202736,-0.593081474406914,-0.646568895576605,0.0444515234625834
"375|37/114 - Jefatura Agrupacion XIX Tierra Del Fuego",-0.693700721784849,-0.0672391589571904,-0.109733466348595,0.000357037328868315,375,"Tierra del Fuego","Tierra del Fuego","anclado","seguridad_defensa","desconcentrada","antiguo","alto","chica","distribuido",34,-0.117586727408658,-0.491378104963076,-0.5810108951611,0.0887400012238138
"375|37/115 - Escuadron 60 San Pedro",-0.664218407622943,0.0107606974011393,-0.25731604755296,0.00084950261006599,375,"Buenos Aires","Buenos Aires","anclado","seguridad_defensa","desconcentrada","antiguo","alto","media","distribuido",78,-0.151540173343926,-0.640041330000474,-0.787209014905951,0.0355798298764731
"375|37/116 - Escuadron 62 Rio Grande",-0.903364581035841,0.0173183599783488,-0.272971566983705,0.000221609376538954,375,"Tierra del Fuego","Tierra del Fuego","anclado","seguridad_defensa","desconcentrada","antiguo","alto","chica","distribuido",22,-0.205780552021144,-0.50340983335324,-0.646568895576605,0.0444515234625834
"375|37/117 - Escuadron Seguridad Vial Pergamino",-0.566937766237003,0.0115188006794707,-0.22728440129931,0.000381660592928199,375,"Buenos Aires","Buenos Aires","anclado","seguridad_defensa","desconcentrada","antiguo","alto","chica","distribuido",42,-0.204259409058971,-0.609813710473203,-0.787209014905951,0.0355798298764731
"375|37/118 - Unidad Especial De Transporte Macacha Guemes",-0.210596346072213,-0.0427006460523077,0.0385389551488508,0.000615581601497094,375,"CABA","CABA","anclado","seguridad_defensa","desconcentrada","antiguo","alto","media","distribuido",40,-0.0937947021811903,-0.55948369757368,-0.234494958536917,0.480923222113934
"375|37/119 - Gendarmería Nacional - Escuadrón 61 Salvador Mazza",-0.684328695906753,0.00521279541164806,-0.277256221807291,0.000615581601497094,375,"Salta","Salta","anclado","seguridad_defensa","desconcentrada","antiguo","alto","media","distribuido",54,-0.0867292456937797,-0.744078900093713,-0.646568895576605,0.0444515234625834
"375|37/121 - Instituto De Formacion De Gendarmes Gendarmes Felix Manifior",-0.61178857294915,0.0426915992906916,-0.260893933479962,0.000683295577661775,375,"Buenos Aires","Buenos Aires","anclado","seguridad_defensa","desconcentrada","antiguo","alto","media","distribuido",76,-0.113611469036834,-0.524002530926555,-0.721651014490446,0.0798683076377035
"375|37/122 - JEFATURA DE REGIÓN VI",-0.813624793255403,-0.0145973709005779,-0.318628618463267,0.000510932729242588,375,"CABA","CABA","anclado","seguridad_defensa","desconcentrada","antiguo","alto","chica","distribuido",50,-0.127214423636251,-0.607329991152555,-0.508547306165897,0.202425765927667
"375|37/123 - COMANDO DE REGIÓN VII",-0.584949571357418,-0.00763846771869958,-0.209181338080916,0.000135427952329361,375,"CABA","CABA","anclado","seguridad_defensa","desconcentrada","antiguo","alto","chica","distribuido",22,-0.133329722207656,-0.724835208661033,-0.508547306165897,0.202425765927667
"375|37/123 - Comando De Región VIII",-0.575003995477366,0.0776927084664341,-0.276118469679694,0.000172362848419186,375,"CABA","CABA","anclado","seguridad_defensa","desconcentrada","antiguo","alto","chica","distribuido",22,0.00281404180612491,-0.73273206018473,-0.508547306165897,0.202425765927667
"375|37/125 - SERVICIO ADMINISTRATIVO FINANCIERO DESCONCENTRADO ESCUADRÓN 45 SALTA",-0.705452879025347,-0.00662550195160605,-0.301649653062711,0.000603269969467153,375,"Salta","Salta","anclado","seguridad_defensa","desconcentrada","antiguo","alto","media","distribuido",54,-0.11532039185482,-0.667156233692027,-0.646568895576605,0.0444515234625834
"375|37/126 - Centro De Apoyo Y Adiestramiento Antidrogas General Mosconi",-0.653599789530566,0.0244059294810196,-0.285250401589799,0.00038781640894317,375,"Salta","Salta","anclado","seguridad_defensa","desconcentrada","antiguo","alto","chica","distribuido",38,-0.104577049495749,-0.726194611699664,-0.646568895576605,0.0444515234625834
"375|37/127 - Jefatura De Agrupación XX Cordoba",-1.24384080742717,0.252341633137801,-0.945953989112844,0.000418595489018024,375,"Córdoba","Córdoba","anclado","seguridad_defensa","desconcentrada","antiguo","alto","chica","distribuido",29,0.0351714857909215,-0.552520705369676,-0.372516547947625,0.32294897964885
"375|37/128 - Escuadron Seguridad Vial Villa Maria",-1.05152820535617,0.0864872148871752,-0.57168086308078,0.000418595489018024,375,"Córdoba","Córdoba","anclado","seguridad_defensa","desconcentrada","antiguo","alto","chica","distribuido",35,-0.244957190442316,-0.607547914920165,-0.646568895576605,0.0444515234625834
"375|37/129 - Agrupación Fuerza de Operaciones Especiales",-0.266888117695843,-0.0690508070309099,-0.00655557902822285,0.000664828129616862,375,"Buenos Aires","Buenos Aires","anclado","seguridad_defensa","desconcentrada","antiguo","alto","media","distribuido",61,0.081914026125629,-0.65763162093285,-0.513156667276971,0.31407728606274
"375|37/130 JEFATURA DE REGION VIII",-0.784987551295712,-0.00510418717422428,-0.313987213200274,0.000437062937062937,375,"CABA","CABA","anclado","seguridad_defensa","desconcentrada","antiguo","alto","chica","distribuido",45,-0.208150600802891,-0.594695566030464,-0.508547306165897,0.202425765927667
"375|37/131 - Jefatura De Agrupación XXI  “Santa Fe Norte",-0.738277289880775,0.0222830635436219,-0.308398118438653,0.00058480252142224,375,"Santa Fe","Santa Fe","anclado","seguridad_defensa","desconcentrada","antiguo","alto","chica","distribuido",62,-0.104926551425414,-0.638383205588197,-0.5810108951611,0.0887400012238138
"375|37/133 - SERVICIO ADMINISTRATIVO FINANCIERO DESCONCENTRADO ESCUADRÓN 64 MENDOZA",-0.696005195643901,0.018801285961088,-0.273117323876304,0.000510932729242588,375,"Mendoza","Mendoza","anclado","seguridad_defensa","desconcentrada","antiguo","alto","chica","distribuido",52,-0.195701421162738,-0.667194931216814,-0.646568895576605,0.0444515234625834
"375|37/134 - SERVICIO ADMINISTRATIVO FINANCIERO DESCONCENTRADO ESCUADRÓN 65 CORDOBA",-1.3829230566095,0.19329428227513,-0.976752073569148,0.000590958337437211,375,"Córdoba","Córdoba","anclado","seguridad_defensa","desconcentrada","antiguo","alto","chica","distribuido",35,-0.161506497933764,-0.565713251304929,-0.5810108951611,0.0887400012238138
"375|37/136 - ESCUADRON 49 SAN VICENTE",-0.656030168537858,-0.00616434671105495,-0.236753559026611,0.000400128040973111,375,"Buenos Aires","Buenos Aires","anclado","seguridad_defensa","desconcentrada","antiguo","alto","chica","distribuido",48,-0.125292293509922,-0.677766143453045,-0.787209014905951,0.0355798298764731
"375|37/137 - ESCUADRÓN NÚCLEO AGUILARES",-0.627213286608091,-0.0101301695194827,-0.256865669717613,0.000203141928494041,375,"Tucumán","Tucumán","anclado","seguridad_defensa","desconcentrada","antiguo","alto","chica","distribuido",25,-0.145022479201916,-0.720629036697712,-0.5810108951611,0.0887400012238138
"375|37/140 - ESCUADRON 66 SAN JUAN",-0.706965566878685,0.00155175482527239,-0.260975978402002,0.000172362848419186,375,"San Juan","San Juan","anclado","seguridad_defensa","desconcentrada","antiguo","alto","chica","distribuido",24,-0.124132124560673,-0.694556010576641,-0.646568895576605,0.0444515234625834
"375|37/41 - SERVICIO ADMINISTRATIVO FINANCIERO DESCONCENTRADO ESCUADRÓN 53 JUJUY",-0.741585873936042,-0.0250305105565508,-0.257728260454656,0.000609425785482123,375,"Jujuy","Jujuy","anclado","seguridad_defensa","desconcentrada","antiguo","alto","media","distribuido",58,-0.0750458580113167,-0.625137736915472,-0.646568895576605,0.0444515234625834
"375|37/75 - SERVICIO ADMINISTRATIVO FINANCIERO DESCONCENTRADO ESCUADRÓN 50 POSADAS",-0.864242129948462,0.00350993695143932,-0.364553933257681,0.00032625824879346,375,"Misiones","Misiones","anclado","seguridad_defensa","desconcentrada","antiguo","alto","chica","distribuido",35,-0.114267533412448,-0.598883511265808,-0.5810108951611,0.0887400012238138
"375|37/76 - SERVICIO ADMINISTRATIVO FINANCIERO DESCONCENTRADO ESCUADRÓN 15 BAJO PARAGUAY",-1.10629645449195,-0.000881751143366395,-0.512119079719905,0.00039397222495814,375,"Formosa","Formosa","anclado","seguridad_defensa","desconcentrada","antiguo","alto","chica","distribuido",32,-0.351898939933823,-0.549886310152535,-0.646568895576605,0.0444515234625834
"375|37/77 - SERVICIO ADMINISTRATIVO FINANCIERO DESCONCENTRADO ESCUADRÓN 48 CORRIENTES",-1.05763478387707,-0.0745477995340656,-0.347844284853477,0.000560179257362356,375,"Corrientes","Corrientes","anclado","seguridad_defensa","desconcentrada","antiguo","alto","chica","distribuido",54,-0.366608936810118,-0.517721750124322,-0.646568895576605,0.0444515234625834
"375|37/80 - SERVICIO ADMINISTRATIVO FINANCIERO DESCONCENTRADO ESCUADRÓN 46 ROSARIO-VICTORIA",-0.771648710981874,-0.0123491728194258,-0.321691565789211,0.00039397222495814,375,"Santa Fe","Santa Fe","anclado","seguridad_defensa","desconcentrada","antiguo","alto","chica","distribuido",39,-0.0888640058014941,-0.746054564414879,-0.5810108951611,0.0887400012238138
"375|AGRUPACION CENTINELA II",-0.122381506768099,-0.0680362236552008,0.0803732813269652,0.0011018910666798,375,"CABA","CABA","anclado","seguridad_defensa","desconcentrada","antiguo","alto","media","distribuido",78,0.0175328049167245,-0.537646565604284,-0.0946739376672017,0.488538975378997
"376|340/001 - Dirección General de Administración - SSSLD",-0.0517712804266408,-0.108206657971181,-0.0741343914344794,0.00964616369545947,376,"CABA","CABA","programatico","seguridad_defensa","centralizada","reciente","bajo","grande","una_sede",386,0.218253826931775,-0.647074619108715,1.2853838488629,1.46965785358495
"379|38/00 - JEFATURA ADMINISTRATIVA FINANCIERA DE LA ARMADA",-0.0818062169101565,-0.127512568825337,0.13468593691301,0.00355806165665321,379,"CABA","CABA","anclado","seguridad_defensa","desconcentrada","antiguo","alto","grande","distribuido",269,0.182242838666625,-0.607988635764631,-0.368726285296181,0.210041519192731
"379|38/008 - Base Naval Zárate",-0.289868783712748,-0.018271971732091,-0.0203354544369352,0.00338569880823402,379,"Buenos Aires","Buenos Aires","anclado","seguridad_defensa","desconcentrada","antiguo","alto","grande","distribuido",199,0.157235171076429,-0.715191510543549,-0.581829993620731,0.0874840609027673
"379|38/01 - ARSENAL NAVAL PUERTO BELGRANO",-0.428812280240648,-0.0535991848269562,-0.0520688882092257,0.00638358120752487,379,"Buenos Aires","Buenos Aires","anclado","seguridad_defensa","desconcentrada","antiguo","alto","grande","distribuido",273,0.189218653360874,-0.643936085014972,-0.373335646407255,0.321693039327803
"379|38/021 - Jefatura Militar de la Dirección General de Educación de la Armada",-0.147297018533914,-0.0443559493632416,0.0644387241715053,0.0038350733773269,379,"CABA","CABA","anclado","seguridad_defensa","desconcentrada","antiguo","alto","grande","distribuido",240,0.117401149852298,-0.677390431487667,-0.368726285296181,0.210041519192731
"379|38/029 - Zona Naval Santa Cruz",-0.813264234590719,-0.00351641801559739,-0.320764951565894,0.000941839850290555,379,"Santa Cruz","Santa Cruz","anclado","seguridad_defensa","desconcentrada","antiguo","alto","media","distribuido",46,-0.0753047753067053,-0.698323459240431,-0.5810108951611,0.0887400012238138
"379|38/03 - UOC de la Intendencia Naval Puerto Belgrano - Armada Argentina",-0.483065481984042,0.0241409501627387,-0.156266893622758,0.00400743622574608,379,"Buenos Aires","Buenos Aires","anclado","seguridad_defensa","desconcentrada","antiguo","alto","grande","distribuido",216,0.0238000917911874,-0.674431232065604,-0.685313102660116,-0.393323381400924
"379|38/030 - Fragata A.R.A. Libertad",-0.15315481159351,0.0710541966754484,-0.0241605728365439,0.00142199349945829,379,"CABA","CABA","anclado","seguridad_defensa","desconcentrada","antiguo","alto","media","distribuido",117,0.112845345327692,-0.662070381297664,-0.303168284880677,0.254329996953961
"379|38/034 - Arsenal Naval Mar del Plata",-0.480013755783114,0.0138129051578396,-0.102587018823051,0.000972618930365409,379,"Buenos Aires","Buenos Aires","anclado","seguridad_defensa","desconcentrada","antiguo","alto","media","distribuido",63,0.0659686791407342,-0.718248394839312,-0.581829993620731,0.0874840609027673
"379|38/10 - Unidad Operativa de Contrataciones - Escuela de Oficiales de la Armada",-0.640524925767168,-0.0029355574720422,-0.186637045195206,0.000400128040973111,379,"Buenos Aires","Buenos Aires","anclado","seguridad_defensa","desconcentrada","antiguo","alto","chica","distribuido",35,0.00124669429580411,-0.62928241423277,-0.685313102660116,-0.393323381400924
"379|38/11 - División de Compras - Destacamento naval Rio Grande",-0.531280194928004,-0.0539434161922126,-0.0831198060119511,0.00151433073968285,379,"Tierra del Fuego","Tierra del Fuego","anclado","seguridad_defensa","desconcentrada","antiguo","alto","media","distribuido",86,0.0874239587112013,-0.713870214015372,-0.610230983746274,-0.428740165576044
"379|38/12 - Comando de la Flota de Mar",-0.467162549487135,-0.0170591315074797,-0.0792903382898534,0.00624815325519551,379,"Buenos Aires","Buenos Aires","anclado","seguridad_defensa","desconcentrada","antiguo","alto","grande","distribuido",229,0.203577764872358,-0.647394597510036,-0.373335646407255,0.321693039327803
"379|38/13 - Centro de instrucción y adiestramiento en técnicas y tácticas navales",-0.571653907398679,-0.0228183469302983,-0.14503602950798,0.000812567713976165,379,"Buenos Aires","Buenos Aires","anclado","seguridad_defensa","desconcentrada","antiguo","alto","media","distribuido",52,0.149297471363595,-0.685316798540916,-0.47681875544664,-0.159114402975887
"379|38/15 JEFATURA DE OBTENCION DE LA ARMADA",0.0201213288425693,-0.318480063426287,0.100755013293416,0.00952920319117502,379,"CABA","CABA","anclado","seguridad_defensa","desconcentrada","antiguo","alto","grande","distribuido",249,0.453003661103103,-0.433159326514214,-0.0946739376672017,0.488538975378997
"379|38/16 - Licitaciones y Compras - Base Aeronaval Almirante Zar",-0.470279539869517,0.0371659145644653,-0.165032634362022,0.00298557076726091,379,"Chubut","Chubut","anclado","seguridad_defensa","desconcentrada","antiguo","alto","grande","distribuido",138,0.0565429065239619,-0.690414365016507,-0.336178636117294,-0.150242709389777
"379|38/17 - Escuela Naval Militar",-0.252863196100179,0.00213638756554886,-0.0822644439072423,0.00367502216093765,379,"Buenos Aires","Buenos Aires","anclado","seguridad_defensa","desconcentrada","antiguo","alto","grande","distribuido",224,0.0560066736686043,-0.704416423563429,-0.581829993620731,0.0874840609027673
"379|38/18 - Division Contrataciones - Comando de Transportes Navales",-0.243258970255754,-0.0207735462870671,-0.00480179715333753,0.0051277947404708,379,"CABA","CABA","anclado","seguridad_defensa","desconcentrada","antiguo","alto","grande","distribuido",251,0.242643163221243,-0.657663180529737,-0.303168284880677,0.254329996953961
"379|38/19 - División Contrataciones del Cuartel General del EMGA",-0.0400941102902829,-0.0410361977757231,0.039904056914924,0.00529400177287501,379,"CABA","CABA","anclado","seguridad_defensa","desconcentrada","antiguo","alto","grande","distribuido",344,0.0942378195984774,-0.684630744448803,-0.368726285296181,0.210041519192731
"379|38/2 - UOC Base Naval Puerto Belgrano - EMGA",-0.523140003796897,-0.0204546544307059,-0.114326339688036,0.0051277947404708,379,"Buenos Aires","Buenos Aires","anclado","seguridad_defensa","desconcentrada","antiguo","alto","grande","distribuido",244,0.13753745127242,-0.660434666688601,-0.581829993620731,0.0874840609027673
"379|38/22 - Secretaria General de la Armada",-0.139613726068024,-0.13363821407681,0.107144624538164,0.00319486851176992,379,"CABA","CABA","anclado","seguridad_defensa","desconcentrada","antiguo","alto","grande","distribuido",202,0.115243261051995,-0.647488712297517,-0.303168284880677,0.254329996953961
"379|38/23 - Licitaciones y Compras - Base Aeronaval Punta Indio",-0.316552157071281,-0.0269413201580069,-0.0981228287568286,0.00299172658327588,379,"Buenos Aires","Buenos Aires","anclado","seguridad_defensa","desconcentrada","antiguo","alto","grande","distribuido",173,0.052460212242677,-0.721137450804492,-0.75087110307562,-0.437611859162154
"379|38/25 - Base Aeronaval Comandante espora",-0.469820196018263,0.00667012303378946,-0.132063234816445,0.00440140845070423,379,"Buenos Aires","Buenos Aires","anclado","seguridad_defensa","desconcentrada","antiguo","alto","grande","distribuido",233,0.0581686617594228,-0.694035184619576,-0.647387994036235,0.0431955831415367
"379|38/26 - Unidad Operativa de Contrataciones - Escuela suboficiales de la Armada",-0.506778333286943,-0.000158352039322251,-0.135191352192941,0.00271471486260219,379,"Buenos Aires","Buenos Aires","anclado","seguridad_defensa","desconcentrada","antiguo","alto","grande","distribuido",139,0.084737416613249,-0.658639430970844,-0.47681875544664,-0.159114402975887
"379|38/27 - Agrupación Servicios de Cuartel",-0.523549769846328,-0.0192174784309937,-0.134591736409106,0.00627893233527036,379,"CABA","CABA","anclado","seguridad_defensa","desconcentrada","antiguo","alto","grande","distribuido",253,0.0721762998323499,-0.680032317041213,-0.0946739376672017,0.488538975378997
"379|38/28 - Liceo Naval Militar Almirante Storni",-0.717242134800784,-0.0923525608283011,-0.221970704090121,0.00156973308381759,379,"Misiones","Misiones","anclado","seguridad_defensa","desconcentrada","antiguo","alto","media","distribuido",88,-0.0405868023038779,-0.649615277880911,-0.336178636117294,-0.150242709389777
"379|38/31 - DIRECCION GENERAL DE INTELIGENCIA DE LA ARMADA",-0.203013613790781,-0.0519325981961799,0.0447608832522426,0.00334260809612922,379,"CABA","CABA","anclado","seguridad_defensa","desconcentrada","antiguo","alto","grande","distribuido",216,0.040715817033323,-0.709468569644167,-0.508547306165897,0.202425765927667
"379|38/33 - Unidad Operativa de Contrataciones - Base Naval Mar del Plata",-0.368552655961623,0.065480173928632,-0.129685897230811,0.00536787156505466,379,"Buenos Aires","Buenos Aires","anclado","seguridad_defensa","desconcentrada","antiguo","alto","grande","distribuido",242,0.0485925552283782,-0.703477042019816,-0.373335646407255,0.321693039327803
"379|38/35 - Escuela Nacional de Pesca - Armada Argentina",-0.419686903596722,0.0146294246314431,-0.0906604872006204,0.00108342361863489,379,"Buenos Aires","Buenos Aires","anclado","seguridad_defensa","desconcentrada","antiguo","alto","media","distribuido",74,0.0603526009237557,-0.709712618563567,-0.581829993620731,0.0874840609027673
"379|38/37 - Hospital Naval Puerto Belgrano",0.172800252738404,0.661560408112113,-0.379316959622714,0.00385969664138678,379,"Buenos Aires","Buenos Aires","anclado","seguridad_defensa","desconcentrada","antiguo","alto","grande","distribuido",225,0.171538790848357,-0.573134306452217,-0.373335646407255,0.321693039327803
"379|38/38 - MINISTERIO DE DEFENSA - ARMADA ARGENTINA - HOSPITAL NAVAL BUENOS AIRES CIRUJANO MAYOR DOCTOR PEDRO MALLO",1.11443279124234,1.20711730076117,-0.476255657912601,0.00425366886634492,379,"CABA","CABA","anclado","seguridad_defensa","desconcentrada","antiguo","alto","grande","distribuido",244,0.328460453079529,-0.496295471196932,-0.0946739376672017,0.488538975378997
"379|38/4 - INTENDENCIA NAVAL MAR DEL PLATA",-0.433430008400301,-0.021450522904221,-0.105599916451227,0.00332414064808431,379,"Buenos Aires","Buenos Aires","anclado","seguridad_defensa","desconcentrada","antiguo","alto","grande","distribuido",176,0.0335044577276325,-0.694019704607522,-0.373335646407255,0.321693039327803
"379|38/5 - División de Compras - Arsenal Aereonaval Comandante Espora",-0.447109034693465,0.00683622379068616,-0.0969789475526452,0.00357037328868315,379,"Buenos Aires","Buenos Aires","anclado","seguridad_defensa","desconcentrada","antiguo","alto","grande","distribuido",199,0.141586608601285,-0.690590906056586,-0.581829993620731,0.0874840609027673
"379|38/6 - INTENDENCIA NAVAL USHUAIA",-0.481718110005852,0.0130248564746729,-0.131051068780172,0.00664828129616862,379,"Tierra del Fuego","Tierra del Fuego","anclado","seguridad_defensa","desconcentrada","antiguo","alto","grande","distribuido",284,0.0973999418356528,-0.669989847479417,-0.441189874291385,0.0963557544888776
"380|39 - Dirección General de Administración- PNA",0.182677969657423,-0.264040576564246,0.457807422207525,0.00232689845365902,380,"CABA","CABA","anclado","seguridad_defensa","desconcentrada","antiguo","alto","grande","una_sede",172,0.519765317626052,-0.408182602052256,-0.0946739376672017,0.488538975378997
"381|40/005 - BASE AEREA MILITAR MORON",-0.198573955958254,-0.0123445136100374,-0.0499999118994821,0.00251157293410815,381,"Buenos Aires","Buenos Aires","anclado","seguridad_defensa","desconcentrada","antiguo","alto","grande","distribuido",159,0.0127772750638466,-0.750633633927183,-0.647387994036235,0.0431955831415367
"381|40/014 - UOC DPTO CDR",-0.0116341798972985,-0.122464976668363,0.133718131766863,0.00848887028464493,381,"CABA","CABA","anclado","seguridad_defensa","desconcentrada","antiguo","alto","grande","distribuido",394,0.202499797356137,-0.590040500932491,-0.0946739376672017,0.488538975378997
"381|40/016 - AREA MATERIAL QUILMES",-0.194539806004622,-0.0133425450688599,0.00370136174180593,0.00452452477100364,381,"Buenos Aires","Buenos Aires","anclado","seguridad_defensa","desconcentrada","antiguo","alto","grande","distribuido",242,0.0379208203670091,-0.650865843214865,-0.721651014490446,0.0798683076377035
"381|40/017 - I BRIGADA AEREA PALOMAR",-0.10616588678949,-0.0782205428172663,-0.062226070481022,0.00245617058997341,381,"Buenos Aires","Buenos Aires","anclado","seguridad_defensa","desconcentrada","antiguo","alto","grande","distribuido",170,-0.00163879088940575,-0.725273032433294,-0.721651014490446,0.0798683076377035
"381|40/018 - UOC PAR",-0.463524306997859,0.00265816436080342,-0.132156459914316,0.00390278735349158,381,"CABA","CABA","anclado","seguridad_defensa","desconcentrada","antiguo","alto","grande","distribuido",248,-0.0615500605333596,-0.654388552078867,-0.442989305750393,0.246714243688898
"381|40/019 - UOC  RTA",-0.547985481737857,0.0504490497738008,-0.240709748489606,0.00349034768048853,381,"CABA","CABA","anclado","seguridad_defensa","desconcentrada","antiguo","alto","grande","distribuido",193,-0.132266456081564,-0.638243520013181,-0.508547306165897,0.202425765927667
"381|40/020 - UOC DOZ",-0.561406641678665,0.0843100051073365,-0.27883188753311,0.0027762730227519,381,"CABA","CABA","anclado","seguridad_defensa","desconcentrada","antiguo","alto","grande","distribuido",151,0.0349972480443453,-0.689684348817242,-0.508547306165897,0.202425765927667
"381|40/021 - UOC RYD",-0.574902791715606,0.0567275119086391,-0.268884830062458,0.00314562198365015,381,"CABA","CABA","anclado","seguridad_defensa","desconcentrada","antiguo","alto","grande","distribuido",176,-0.0651056501390965,-0.628677112993236,-0.508547306165897,0.202425765927667
"381|40/022 - UOC DIL",-0.512399842132672,0.0271002127521504,-0.205858453154966,0.00363808726484783,381,"CABA","CABA","anclado","seguridad_defensa","desconcentrada","antiguo","alto","grande","distribuido",206,-0.0737560023506793,-0.600507177192504,-0.508547306165897,0.202425765927667
"381|40/023 - DIVISIÓN CONTRATACIONES MORENO",-0.126390608469582,-0.0319829195302988,-0.0112649518489199,0.000400128040973111,381,"Buenos Aires","Buenos Aires","anclado","seguridad_defensa","desconcentrada","antiguo","alto","chica","distribuido",54,0.0656543918662016,-0.756944526843852,-0.647387994036235,0.0431955831415367
"381|40/023 - VII BRIGADA AEREA MORENO",-0.0951109204249597,0.0166851577502393,-0.0575346825909124,0.00132965625923372,381,"Buenos Aires","Buenos Aires","anclado","seguridad_defensa","desconcentrada","antiguo","alto","media","distribuido",100,0.0493792860553206,-0.67543809747229,-0.581829993620731,0.0874840609027673
"381|40/024 - UOC CRV",-0.561577497151944,0.0233431415222039,-0.226640465971712,0.00515857382054565,381,"CABA","CABA","anclado","seguridad_defensa","desconcentrada","antiguo","alto","grande","distribuido",230,-0.0191666069009113,-0.677859144225086,-0.508547306165897,0.202425765927667
"381|40/026 - DIRECCION DE VIGILANCIA Y CONTROL DEL AEROESPACIO",-0.228087871973979,-0.0185386903292541,-0.0796924151528352,0.00162513542795233,381,"Buenos Aires","Buenos Aires","anclado","seguridad_defensa","desconcentrada","antiguo","alto","media","distribuido",144,-0.00400305226240709,-0.731568435545786,-0.721651014490446,0.0798683076377035
"381|40/028 - AREA DE MATERIAL RIO IV",-0.497801401862374,0.0596724861123758,-0.214904299280474,0.00515857382054565,381,"Córdoba","Córdoba","anclado","seguridad_defensa","desconcentrada","antiguo","alto","grande","distribuido",280,-0.0436194557487735,-0.591961229973069,-0.441189874291385,0.0963557544888776
"381|40/030 - UOC LADE",0.0575560363936133,-0.00186294460056043,0.0419645372022541,0.00227149610952428,381,"CABA","CABA","anclado","seguridad_defensa","desconcentrada","antiguo","alto","media","distribuido",142,0.204270116066808,-0.667123995371824,-0.0946739376672017,0.488538975378997
"381|40/031 - OUC INFRA",-0.0135609196121178,-0.127363144071037,0.206757461141812,0.00052324436127253,381,"CABA","CABA","anclado","seguridad_defensa","desconcentrada","antiguo","alto","chica","distribuido",57,0.164373049042607,-0.562731164537137,-0.508547306165897,0.202425765927667
"381|40/032 - AREA LOGISTICA PALOMAR",-0.2086005863296,-0.0480911920379301,-0.0427187521916237,0.00304712892741062,381,"Buenos Aires","Buenos Aires","anclado","seguridad_defensa","desconcentrada","antiguo","alto","grande","distribuido",196,0.0162921894089029,-0.729890987044675,-0.647387994036235,0.0431955831415367
"381|40/035 - UOC BASMAR",-0.39553895678608,0.094362174467574,-0.172618056365257,0.0036873337929676,381,"Buenos Aires","Buenos Aires","anclado","seguridad_defensa","desconcentrada","antiguo","alto","grande","distribuido",174,-0.101896603990625,-0.671289958057307,-0.787209014905951,0.0355798298764731
"381|40/037 - INSTITUTO DE FORMACION EZEIZA",-0.164461648810176,-0.0227396510157236,-0.0329570398996169,0.00198217275682064,381,"Buenos Aires","Buenos Aires","anclado","seguridad_defensa","desconcentrada","antiguo","alto","media","distribuido",135,0.115463208518718,-0.696684715642273,-0.513156667276971,0.31407728606274
"381|40/039 - UOC DPTO CDR",0.932345911864449,0.924391020190425,-0.341462746607552,0.00720846055353098,381,"CABA","CABA","anclado","seguridad_defensa","desconcentrada","antiguo","alto","grande","distribuido",392,0.282727252002688,-0.523409098153082,-0.0946739376672017,0.488538975378997
"381|40/043 - LICEO AERONAUTICO MILITAR",-0.688384245166584,0.0181742771186468,-0.305656221982297,0.0014404609475032,381,"Córdoba","Córdoba","anclado","seguridad_defensa","desconcentrada","antiguo","alto","media","distribuido",107,-0.0940287937901684,-0.633229282953409,-0.5810108951611,0.0887400012238138
"381|40/045 - UOC PAL",-0.100914090742151,-0.00550241284851055,-0.0324948149605908,0.00270240323057224,381,"Buenos Aires","Buenos Aires","anclado","seguridad_defensa","desconcentrada","antiguo","alto","grande","distribuido",210,0.141569093659755,-0.674615421809488,-0.787209014905951,0.0355798298764731
"381|40/11 - UOC DPTO CDR",-0.0958231797578329,-0.116904847220163,0.0659135129031247,0.001058800354575,381,"CABA","CABA","anclado","seguridad_defensa","desconcentrada","antiguo","alto","media","distribuido",106,0.205724386935461,-0.53334860253695,-0.303168284880677,0.254329996953961
"381|40/34 - Base Aérea Militar Río Gallegos",-0.586113496551487,0.0217049423922587,-0.232970994425163,0.00200679602088053,381,"Santa Cruz","Santa Cruz","anclado","seguridad_defensa","desconcentrada","antiguo","alto","media","distribuido",136,-0.0829235881717628,-0.665416454570602,-0.646568895576605,0.0444515234625834
"381|40/9 - por Base Aérea Militar Resistencia",-0.588256020274326,-0.0246784366543565,-0.180807057430637,0.00352112676056338,381,"Chaco","Chaco","anclado","seguridad_defensa","desconcentrada","antiguo","alto","grande","distribuido",192,-0.0283748820656453,-0.666823632906309,-0.441189874291385,0.0963557544888776
"381|Departamento Contrataciones Córdoba - UOC 40/47",-0.501318314282287,0.15610203010258,-0.332042246135575,0.00715921402541121,381,"Córdoba","Córdoba","anclado","seguridad_defensa","desconcentrada","antiguo","alto","grande","distribuido",325,-0.00932213236931632,-0.617074290982483,-0.5810108951611,0.0887400012238138
"381|Departamento Contrataciones Córdoba - UOC 40/49",-0.573900379815917,0.088639405765874,-0.306887777673017,0.00414901999409042,381,"Córdoba","Córdoba","anclado","seguridad_defensa","desconcentrada","antiguo","alto","grande","distribuido",204,-0.0358794128464917,-0.627698035289398,-0.646568895576605,0.0444515234625834
"381|Departamento Contrataciones Córdoba - UOC 40/51",0.0234810053703575,0.761305565599549,-0.645884728232587,0.003601152368758,381,"Córdoba","Córdoba","anclado","seguridad_defensa","desconcentrada","antiguo","alto","grande","distribuido",182,0.185816972016756,-0.542408554241207,-0.5810108951611,0.0887400012238138
"381|Departamento Contrataciones Córdoba - UOC 40/52",-0.591047535794125,0.107650462444129,-0.324352623974049,0.00181596572441643,381,"Córdoba","Córdoba","anclado","seguridad_defensa","desconcentrada","antiguo","alto","media","distribuido",125,-0.0953787151553604,-0.602915385545122,-0.5810108951611,0.0887400012238138
"382|279/000 - Departamento de Compras - PSA",0.255982206974826,-0.279729597741391,0.548998405297704,0.00228380774155422,382,"CABA","CABA","programatico","seguridad_defensa","desconcentrada","reciente","alto","grande","una_sede",178,0.315584736920354,-0.453529009137279,0.356410779112363,0.927696194805655
"386|500/000-Ministerio de las Mujeres; Géneros y Diversidad - Dirección de Compras; Contrataciones; Patrimonio y Suministros",0.677745734449885,-0.526642253461398,0.970448950226074,0.00104648872254506,386,"CABA","CABA","programatico","salud_social","centralizada","reciente","sin_presupuesto","media","una_sede",92,0.415139411004422,-0.122632579985822,0.926419508954544,1.22509031749895
"388|505 - MINISTERIO DE CAPITAL HUMANO",0.43450572667537,-0.399387050437872,0.47780034122733,0.000203141928494041,388,"CABA","CABA","programatico","salud_social","centralizada","reciente","alto","chica","una_sede",30,0.225497407151294,-0.466785386063603,0.748434705383783,1.0874402202942
"403|487 - División Compras y Suministros - Superintendencia de Bienestar de la Policia Federal Argentina",2.78715960585465,2.83823419510435,-1.16321359064398,0.0103971732492859,403,"CABA","CABA","programatico","seguridad_defensa","descentralizada","medio","sin_presupuesto","grande","una_sede",321,0.480260756779959,-0.40857810180986,0.740617789077269,0.196814102002721
"450|41 - División Compras y Contrataciones-IGN",0.203073355912094,-0.236235915256872,0.377426125896158,0.00195754949276076,450,"CABA","CABA","programatico","ciencia_universidad","descentralizada","antiguo","bajo","media","una_sede",172,0.0746740697599302,-0.516730630286056,0.534467763134616,0.0975102778327138
"451|42 -  Dirección General de Fabricaciones Militares (SC)-FFMM",0.200860580078248,-0.548038246219579,1.4126160495688,0.000240076824583867,451,"CABA","CABA","programatico","seguridad_defensa","otro","antiguo","sin_presupuesto","chica","distribuido",34,0.284677828227824,-0.425051469816338,0.0240357289898459,0.354990997013986
"451|42/01 -  Fábrica Militar de Pólvoras y Explosivos Villa María - Compras",-0.855058401751264,-0.0626401905272901,-0.208629756725303,0.000240076824583867,451,"Córdoba","Córdoba","programatico","seguridad_defensa","otro","antiguo","sin_presupuesto","chica","distribuido",34,0.0750435599362804,-0.50930703596463,-0.322480207634337,-0.0371922238761335
"451|42/02 -  Fabrica Militar Rio Tercero",-0.374968022611327,-0.100117743110125,0.223863705565393,0.000449374569092879,451,"Córdoba","Córdoba","programatico","seguridad_defensa","otro","antiguo","sin_presupuesto","chica","distribuido",61,0.212050634602642,-0.489908358079366,-0.322480207634337,-0.0371922238761335
"451|42/04 -  Compras Fray Luis Beltrán",-0.299687951744214,-0.208911330147134,0.332624898807641,0.00019698611247907,451,"Santa Fe","Santa Fe","programatico","seguridad_defensa","otro","antiguo","sin_presupuesto","chica","distribuido",28,0.127417981399794,-0.582409591286766,-0.322480207634337,-0.0371922238761335
"452|289 - Dirección General de Administración-SMN",0.502985811491761,-0.393875004925945,0.770103457448071,0.00121269575494928,452,"CABA","CABA","programatico","ciencia_universidad","descentralizada","antiguo","medio","media","una_sede",114,0.423960254460642,-0.268965077606265,0.700808875495365,-0.225793320445647
"470|43 - Departamento de Compras  - Instituto de Ayuda Financiera para pago de Retiros y Pensiones Militares - Ministerio de Defensa",0.370787119260336,-0.330331456585888,0.610332241217632,0.00224687284546439,470,"CABA","CABA","programatico","seguridad_defensa","descentralizada","antiguo","alto","media","una_sede",175,0.189688719898954,-0.342149453656662,0.128134713176584,0.268573363362417
"556|318 - Coordinación de Patrimonio; Compras y Contrataciones - ACUMAR",0.577195298822266,-0.334328057905989,0.491522283916833,0.00303481729538068,556,"CABA","CABA","programatico","infraestructura","descentralizada","reciente","sin_presupuesto","grande","una_sede",260,0.316891763144707,-0.241011958707664,1.04573318332937,0.714731503444392
"602|44/000 - Gerencia de Servicios Centrales - CNV",0.558054032987773,-0.510563906115203,0.880522193375636,0.00215453560523983,602,"CABA","CABA","programatico","administracion","descentralizada","medio","bajo","media","una_sede",158,0.311263055313227,-0.178994362484058,1.39221761425174,0.108307519033845
"603|45 - Dirección General de Administración-SSN",0.817796518356124,-0.500123465470169,1.12927768495584,0.00078178863390131,603,"CABA","CABA","programatico","administracion","descentralizada","antiguo","medio","media","una_sede",64,0.458873412757072,-0.208914882847574,0.986713801595043,-0.458773171000015
"604|46/000 - Coordinación de Licitaciones y Contrataciones - DNV",0.0928990716310306,-0.388950848104674,0.653973904964242,0.00443218753077908,604,"CABA","CABA","anclado","infraestructura","descentralizada","antiguo","alto","grande","distribuido",349,0.304502769035229,-0.231683307061505,0.485336989322809,0.364517411972958
"604|46/01 - 19° Bahía Blanca - DNV",-0.414476503943755,-0.175074698681677,0.150008927031459,0.00308406382350044,604,"Buenos Aires","Buenos Aires","anclado","infraestructura","descentralizada","antiguo","alto","grande","distribuido",202,0.168642676278312,-0.428546731512946,0.0668542597130396,0.1900557226567
"604|46/02 - 2° Córdoba - DNV",-0.510650141828797,-0.078923065062792,0.00146323688421376,0.00132350044321875,604,"Córdoba","Córdoba","anclado","infraestructura","descentralizada","antiguo","alto","media","distribuido",125,0.068023276681249,-0.40857495306038,0.207494379042386,0.19892741624281
"604|46/02 - 2° Distrito Córdoba - DNV",-0.740645834502919,-0.186539712401494,0.0107285102937333,0.000166207032404216,604,"Córdoba","Córdoba","anclado","infraestructura","descentralizada","antiguo","alto","chica","distribuido",27,0.10862039926828,-0.333498460438343,0.207494379042386,0.19892741624281
"604|46/03 - 3° Tucumán - DNV",-0.503324132195059,-0.145792923746991,0.0912391517072383,0.00290554515906629,604,"Tucumán","Tucumán","anclado","infraestructura","descentralizada","antiguo","alto","grande","distribuido",190,0.0296254506080432,-0.4217653243016,-0.0009999681710899,-0.0352815621822257
"604|46/04 - 4° Mendoza - DNV",-0.512695024207348,-0.129334129804823,0.0810648600491107,0.00553407859745888,604,"Mendoza","Mendoza","anclado","infraestructura","descentralizada","antiguo","alto","grande","distribuido",296,0.0572515848529645,-0.360169822955024,0.207494379042386,0.19892741624281
"604|46/05 - 5° Salta - DNV",-0.481892328846984,-0.150097929787796,0.105887607080066,0.00181596572441643,604,"Salta","Salta","anclado","infraestructura","descentralizada","antiguo","alto","media","distribuido",168,0.138782272573877,-0.425701569423551,-0.0009999681710899,-0.0352815621822257
"604|46/06 - 6° Jujuy - DNV",-0.542370890380487,-0.165180268907911,0.115018078090203,0.00288707771102137,604,"Jujuy","Jujuy","anclado","infraestructura","descentralizada","antiguo","alto","grande","distribuido",204,0.0663632468846554,-0.335952742675119,0.207494379042386,0.19892741624281
"604|46/07 - 7° Santa Fe - DNV",-0.504188430780432,-0.150840198877438,0.0935326143848616,0.00372426868905742,604,"Santa Fe","Santa Fe","anclado","infraestructura","descentralizada","antiguo","alto","grande","distribuido",283,0.0530562847774992,-0.428267071150817,-0.0009999681710899,-0.0352815621822257
"604|46/08 - 8° La Rioja - DNV",-0.540332989872607,-0.11212936251304,0.0205875416576204,0.00394587806559638,604,"La Rioja","La Rioja","anclado","infraestructura","descentralizada","antiguo","alto","grande","distribuido",234,0.0478300137383659,-0.483756686596043,-0.0009999681710899,-0.0352815621822257
"604|46/09 - 9° San Juan - DNV",-0.491310619487432,-0.115593081858612,0.0842541933672345,0.00172362848419186,604,"San Juan","San Juan","anclado","infraestructura","descentralizada","antiguo","alto","media","distribuido",168,0.0802892822749126,-0.359271798835536,-0.0009999681710899,-0.0352815621822257
"604|46/10 - 10° Corrientes - DNV",-0.589349630686542,-0.193352654961575,0.103558981160286,0.0021606914212548,604,"Corrientes","Corrientes","anclado","infraestructura","descentralizada","antiguo","alto","media","distribuido",165,0.0843447079419239,-0.371055995484947,-0.0009999681710899,-0.0352815621822257
"604|46/11 - 11° Catamarca - DNV",-0.530350867616183,-0.157313613534318,0.10033979340074,0.0030717521914705,604,"Catamarca","Catamarca","anclado","infraestructura","descentralizada","antiguo","alto","grande","distribuido",197,0.050576846925906,-0.38712190749646,0.207494379042386,0.19892741624281
"604|46/12 - 12° Neuquen - DNV",-0.481744872466315,-0.165905804843798,0.157530242941693,0.00224687284546439,604,"Neuquén","Neuquén","anclado","infraestructura","descentralizada","antiguo","alto","media","distribuido",212,0.144068530624607,-0.366802670750882,0.207494379042386,0.19892741624281
"604|46/13 - 13° Chubut - DNV",-0.649968652239652,-0.245578604060215,0.187386765389972,0.00438294100265931,604,"Chubut","Chubut","anclado","infraestructura","descentralizada","antiguo","alto","grande","distribuido",288,0.0288656017286442,-0.237179101336495,0.207494379042386,0.19892741624281
"604|46/14 - 14° San Luis - DNV",-0.543259902334302,-0.206576330346932,0.162512858596318,0.0017790308283266,604,"San Luis","San Luis","anclado","infraestructura","descentralizada","antiguo","alto","media","distribuido",158,0.0916281127815163,-0.327845294543592,-0.0009999681710899,-0.0352815621822257
"604|46/15 - 15° Misiones - DNV",-0.59409030358615,-0.158559290664036,0.0549265870531455,0.00316408943169507,604,"Misiones","Misiones","anclado","infraestructura","descentralizada","antiguo","alto","grande","distribuido",192,0.0216547034970975,-0.380394246119771,-0.0009999681710899,-0.0352815621822257
"604|46/16 - 16° Santiago del Estero - DNV",-0.491766666144384,-0.188074315880125,0.0732574956158401,0.00272087067861716,604,"Santiago del Estero","Santiago del Estero","anclado","infraestructura","descentralizada","antiguo","alto","grande","distribuido",205,0.0650281080033581,-0.400278483047154,-0.0009999681710899,-0.0352815621822257
"604|46/17 - 17° Entre Rios - DNV",-0.431291922165146,-0.154687158828884,0.119668897615024,0.00461070619521324,604,"Entre Ríos","Entre Ríos","anclado","infraestructura","descentralizada","antiguo","alto","grande","distribuido",302,0.0829847148995284,-0.375850071761535,-0.0009999681710899,-0.0352815621822257
"604|46/18 - 18° Chaco - DNV",-0.611206360739598,-0.185666439997238,0.102160811696448,0.00349034768048853,604,"Chaco","Chaco","anclado","infraestructura","descentralizada","antiguo","alto","grande","distribuido",214,-0.0418717652668922,-0.317832665059187,-0.0009999681710899,-0.0352815621822257
"604|46/19 - 1° Buenos Aires - DNV",-0.0304177201654528,-0.189933795180673,0.276208598871671,0.00264084507042254,604,"CABA","CABA","anclado","infraestructura","descentralizada","antiguo","alto","grande","distribuido",215,0.169499880241714,-0.432901487132087,0.485336989322809,0.364517411972958
"604|46/20 - 20° Río Negro - DNV",-0.537866162191654,-0.180617408761494,0.0931703094463647,0.00317640106372501,604,"Río Negro","Río Negro","anclado","infraestructura","descentralizada","antiguo","alto","grande","distribuido",228,0.12287675678283,-0.393525017664334,0.207494379042386,0.19892741624281
"604|46/21 - 21° La Pampa - DNV",-0.45226387104632,-0.168864471536448,0.121560643795309,0.00320718014379986,604,"La Pampa","La Pampa","anclado","infraestructura","descentralizada","antiguo","alto","grande","distribuido",242,0.0559626336378082,-0.393408773935307,-0.0009999681710899,-0.0352815621822257
"604|46/22 - 22° Formosa - DNV",-0.579629097172952,-0.13044918106794,0.00765477079752602,0.00323180340785975,604,"Formosa","Formosa","anclado","infraestructura","descentralizada","antiguo","alto","grande","distribuido",200,-0.0314596021582584,-0.420360734753537,-0.0009999681710899,-0.0352815621822257
"604|46/23 - 23° Santa Cruz - DNV",-0.472810591181164,-0.11997386294743,0.071685436333299,0.0034103220722939,604,"Santa Cruz","Santa Cruz","anclado","infraestructura","descentralizada","antiguo","alto","grande","distribuido",245,0.0217614598375704,-0.468123958901257,0.347315399912101,0.206543169507874
"604|46/24 - 24° Tierra del Fuego - DNV",-0.535468553565776,-0.30130959619352,0.27039662744897,0.00309021963951541,604,"Tierra del Fuego","Tierra del Fuego","anclado","infraestructura","descentralizada","antiguo","alto","grande","distribuido",173,0.17158972091062,-0.314576201186887,0.207494379042386,0.19892741624281
"607|47 - Dpto. de Compras y Servicios- INIDEP",-0.0622846547763529,0.052869826252413,0.173416239526763,0.0107726780261992,607,"Buenos Aires","Buenos Aires","programatico","ciencia_universidad","descentralizada","medio","medio","grande","una_sede",430,0.141919493905333,-0.447463770506757,0.437182376476089,-0.624895874856477
"609|49/00 - Instituto Nacional de Vitivinicultura",0.217459026339422,-0.00247678460521861,0.72866258520881,0.00406899438589579,609,"Mendoza","Mendoza","programatico","administracion","descentralizada","medio","medio","grande","una_sede",245,0.00627474335457974,-0.198517811222282,0.863727421905113,-0.849004031824735
"612|160 - Gestión de compras- TTN",0.536367901911251,-0.369740014177082,0.796741635700772,0.000363193144883286,612,"CABA","CABA","programatico","administracion","descentralizada","antiguo","bajo","chica","una_sede",36,0.327752366076236,-0.286130482419976,0.960193710104009,-0.12785381945659
"613|90 - Departamento de Compras y Licitaciones-ENOHSA",0.261551606480346,-0.222310054763372,0.4687395065802,0.00224071702944942,613,"CABA","CABA","programatico","infraestructura","descentralizada","medio","alto","media","una_sede",181,0.103979359403485,-0.407669674398899,0.434814198628083,0.087972315852091
"614|50 - Departamento de Compras y Contrataciones",0.590437866068487,-0.00586747282957525,0.560226606713098,0.0018652122525362,614,"CABA","CABA","programatico","administracion","descentralizada","medio","medio","media","una_sede",140,0.380714806224397,-0.255720363749606,1.2102433585293,-0.456820810934615
"620|85/000 - Dirección General de Administracion",0.44152471585365,-0.318036183643727,0.640041019547033,0.00045553038510785,620,"CABA","CABA","programatico","administracion","descentralizada","antiguo","bajo","chica","una_sede",32,0.270558974570378,-0.175315439760606,0.820372689234294,-0.135469572721654
"622|101 - Departamento de Compras y Contrataciones",0.354956427877851,-0.309906277784693,0.588626836943141,0.00178518664434157,622,"CABA","CABA","programatico","administracion","descentralizada","medio","bajo","media","una_sede",156,0.238388695898039,-0.330792022460972,1.18372326703826,-0.125901459391191
"623|52 - Coordinación de Compras y Contrataciones - SENASA",0.818843066324125,0.0248697724071461,0.743951306019963,0.00715305820939624,623,"CABA","CABA","programatico","administracion","descentralizada","medio","alto","grande","una_sede",391,0.365663295644622,-0.0844607512757627,1.06039753840288,0.0103459984183879
"624|Servicio Geológico Minero Argentino - Dir. Administración y Finanzas - Compras",0.510095217105969,-0.0363023741149441,0.667965779065676,0.00164975869201221,624,"CABA","CABA","programatico","ciencia_universidad","descentralizada","medio","bajo","media","una_sede",144,0.441467559982311,-0.187724181827409,1.10631268815206,0.341287369588213
"651|55 - Gerencia de Administración- Área de Compras y Contrataciones",0.446248170409378,-0.362576869323313,0.785202419521012,0.00441987589874914,651,"CABA","CABA","programatico","administracion","descentralizada","medio","medio","grande","una_sede",298,0.247437462300756,-0.249232752618172,1.00174901131582,-0.691029789359651
"652|56 - Compras y Contrataciones - ENRE",0.392066370362209,-0.321175292314807,0.619146331462356,0.00115729341081454,652,"CABA","CABA","programatico","administracion","descentralizada","medio","bajo","media","una_sede",124,0.229175633131346,-0.34336460138482,1.18372326703826,-0.125901459391191
"656|93 - Sector Compras- ORSEP",0.481010571351347,-0.550723804258474,0.969190301948423,0.000221609376538954,656,"CABA","CABA","programatico","administracion","descentralizada","medio","bajo","chica","una_sede",26,0.146666743279412,-0.154728258969181,1.39221761425174,0.108307519033845
"661|73 - Direccion General de  Administración - CNRT",0.31540445070084,-0.202490647113938,0.458232709349608,0.00464764109130306,661,"CABA","CABA","programatico","administracion","descentralizada","medio","medio","grande","una_sede",317,0.248553144295439,-0.367575666523174,1.2102433585293,-0.456820810934615
"664|58 - Dto de compras y contrataciones  - ORSNA",0.429583420782262,-0.402266928246613,0.565023549083469,0.000664828129616862,664,"CABA","CABA","programatico","administracion","descentralizada","reciente","bajo","media","una_sede",68,0.316890296039535,-0.396237898076882,1.20589940559835,0.259399168943773
"664|58/01 - Fideicomiso- ORSNA",0.689662991994554,-0.456998853970814,1.0130823067317,0.000332414064808431,664,"CABA","CABA","programatico","administracion","descentralizada","reciente","bajo","chica","una_sede",45,0.314168334482079,-0.0794124827341044,1.47995175322733,0.537896625130039
"669|327 - Departamento de Compras y Contrataciones- ANAC",0.451498708779078,-0.376030665254888,0.713611198017796,0.00198217275682064,669,"CABA","CABA","programatico","administracion","descentralizada","reciente","medio","media","una_sede",191,0.313640379061482,-0.243033866901868,1.29797749750489,-0.0272317048384211
"669|327/1 - Fideicomiso ANAC",0.133427985010811,-0.249973623171529,0.427433767137427,0.000313946616763518,669,"CABA","CABA","programatico","administracion","descentralizada","reciente","medio","chica","una_sede",45,0.422443630291137,-0.261894075826469,1.43779851837461,-0.0196159515733572
"670|368/000 - Dirección General de Administración - UIF",0.612928447602392,-0.458862873236064,0.827900384317695,0.000646360681571949,670,"CABA","CABA","programatico","administracion","descentralizada","reciente","bajo","media","una_sede",57,0.376942861711795,-0.085304983105903,1.47995175322733,0.537896625130039
"671|436 - MINISTERIO DE ECONOMÍA - JUNTA DE SEGURIDAD EN EL TRANSPORTE - COMPRAS",0.396781725552165,-0.397777815856612,0.718240964391984,0.00222840539741948,671,"CABA","CABA","programatico","administracion","descentralizada","reciente","bajo","media","una_sede",212,0.213213501016231,-0.151063419660412,1.47995175322733,0.537896625130039
"801|87 - Coordinación de Compras; Contrataciones y Servicios Generales - INCAA",0.477979390120565,-0.417043231369041,0.966122831404955,0.00227149610952428,801,"CABA","CABA","programatico","cultura_educacion","otro","medio","sin_presupuesto","media","una_sede",214,0.180572933260557,-0.161171917803222,0.53057260724675,0.322127729359261
"802|59 - Compras-FNA",0.189547725426296,-0.214038495493593,0.39154239159415,0.000510932729242588,802,"CABA","CABA","programatico","cultura_educacion","descentralizada","medio","bajo","chica","una_sede",67,0.176313572422461,-0.448411673889816,0.832260340523081,0.0627899134019467
"804|60 - Oficina de Compras y Contrataciones - CONEAU",0.42006695450188,-0.321212786818595,0.665916252815546,0.000861814242095932,804,"CABA","CABA","programatico","ciencia_universidad","descentralizada","medio","bajo","media","una_sede",79,0.277270942713474,-0.30113594153369,0.897818340938585,0.107078391163177
"850|63/000 - Dirección de Contrataciones - ANSES II",1.08789478105212,-1.45097498397436,3.14350966142607,0.0059526740864769,850,"CABA","CABA","programatico","salud_social","descentralizada","medio","alto","grande","una_sede",486,0.111712943708562,0.425040960034173,0.774492612303204,0.243325848972756
"852|64/000 - Departamento de Compras y Contrataciones- SRT",0.757898361913553,-0.683736883275211,1.26773504835068,0.00534324830099478,852,"CABA","CABA","programatico","administracion","descentralizada","medio","bajo","grande","una_sede",363,0.282010099808756,0.0131353362756078,1.53203863512145,0.115923272298909
"902|65 - División Suministros y Contrataciones",0.698128418972898,0.471718544699759,0.0288541752530266,0.00419826652221018,902,"CABA","CABA","programatico","salud_social","descentralizada","reciente","medio","grande","una_sede",277,0.214115960021662,-0.379552610055473,0.803578224191739,-0.0284608327090892
"903|97/000 - Hospital Nacional Dr Baldomero Sommer",1.32182951870241,1.2675849250946,-0.41207180312921,0.0117329853245346,903,"Buenos Aires","Buenos Aires","programatico","salud_social","descentralizada","medio","medio","grande","una_sede",451,0.335746560069294,-0.298199941392443,0.78549774455928,-0.383071143166378
"904|66/00 - Dirección de Compras; Suministros; Logística y Arquitectura - ANMAT",0.727545016095131,0.278852057536666,0.514661028669561,0.00824263764404609,904,"CABA","CABA","programatico","salud_social","descentralizada","medio","medio","grande","una_sede",285,0.343439776305022,-0.201363061650651,1.06415945329933,-0.216225207115184
"905|67 - Departamento de compras y contrataciones- INCUCAI",0.692723006136077,0.0734711631350735,0.458417664687533,0.00317640106372501,905,"CABA","CABA","programatico","salud_social","descentralizada","medio","medio","grande","una_sede",229,0.380958235331033,-0.231647678957483,1.06415945329933,-0.216225207115184
"906|68/00 - Departamento de Administracion de Bienes - ANLIS",0.641372120364895,0.342737087456306,0.26316305205361,0.0244693686595095,906,"CABA","CABA","programatico","salud_social","descentralizada","antiguo","medio","grande","una_sede",710,0.273407961985657,-0.263564413631267,0.352493507412174,-0.467618052135747
"908|96 - Dirección General de Administración",2.07551796688171,1.94828298052286,-0.636327729993647,0.0118437900128041,908,"Buenos Aires","Buenos Aires","programatico","salud_social","descentralizada","medio","alto","grande","una_sede",412,0.473925020860957,-0.0527058804947639,0.49583090356315,0.0764799129215617
"909|HOSPITAL NACIONAL Y COMUNIDAD DR. RAMON CARRILLO",1.1280759191776,0.944520066961722,-0.238405895896751,0.00570644144587807,909,"Buenos Aires","Buenos Aires","programatico","salud_social","descentralizada","antiguo","medio","grande","una_sede",332,0.311166129104269,-0.292618909693461,0.422147166755311,-0.392639256496841
"910|88/00 - Compras - Instituto Nacional de Rehabilitación Psicofísica del Sur",0.657879267793243,0.732276464348418,-0.2076077254029,0.00476460159558751,910,"Buenos Aires","Buenos Aires","programatico","salud_social","descentralizada","medio","bajo","grande","una_sede",283,0.183890093683392,-0.365234440183198,0.619156632198531,-0.0597675448880169
"914|71 -   Coordinación de Contrataciones y Patrimonio-SSS",0.529887004274468,-0.379907326217411,0.67070697838031,0.00257928691027283,914,"CABA","CABA","programatico","salud_social","descentralizada","medio","medio","grande","una_sede",222,0.178039027386353,-0.0476985849361325,0.924338432429618,-0.223840960380247
"915|477/000 - Departamento de Compras y Adquisiciones -INC",0.808996858312371,-0.294882989547856,0.739708103745013,0.000215453560523983,915,"CABA","CABA","programatico","salud_social","descentralizada","reciente","bajo","chica","una_sede",24,0.366653089679897,-0.0807073240459888,1.19404682712766,0.770876475684407
"917|483 - Compras",0.440778995695215,-0.25451519471021,0.566849546824444,0.00123116320299419,917,"CABA","CABA","programatico","salud_social","descentralizada","reciente","alto","media","una_sede",123,0.286818431548151,-0.255211874688732,0.862226751278799,0.67291495506895
"9196|493/00 - COMPRAS DE LA DIRECCION DE OBRA SOCIAL DEL S.P.F",0.18891248910913,0.0193593081905708,0.176241655900497,0.000172362848419186,9196,"CABA","CABA","programatico","seguridad_defensa","descentralizada","medio","sin_presupuesto","chica","una_sede",23,0.201090191255321,-0.609832381940763,0.326744420578573,-0.0892991074486097
