unidad_ejecutora_id,unidad_ejecutora_desc
1,dummy
2,Secretaría de Asuntos Registrales
4,Presidencia del Instituto Nacional de Vitivinicultura
5,Administración Nacional de Laboratorios e Instit. de Salud (ANLIS) Dr. Carlos G. Malbrán
6,"Administración Nacional de Medicamentos, Alimentos y Tecnología Médica"
8,Administración de Programas Especiales
9,Dirección de Modelos y Diseños Industriales
10,Agrupación Albatros
11,Dirección de Transferencia de Tecnología
12,Auditoría General de la Nación
13,Autoridad Regulatoria Nuclear
14,Banco Nacional de Drogas Oncológicas
15,Subsecretaría de Energía Eléctrica
16,Biblioteca Nacional
18,Biblioteca del Congreso de la Nación
19,Subsecretaría de Industrias Culturales
20,Centro Nacional de Reeducación Social (CE.NA.RE.SO.)
21,CITEFA
22,Consejo Nacional de Investigaciones Científicas y Técnicas
23,"Caja de Retiros, Jubilaciones y Pensiones de la Policía Federal"
24,"Caja de Retiros,Pensiones y Jubilaciones de la Pol.Federal"
25,Cámara Bahía Blanca
26,Cámara Civil
27,Cámara Civil y Comercial Federal
28,Cámara Comercial
29,Cámara Contenciosa
31,Cámara Criminal y Correccional
32,Cámara Criminal y Correccional Federal
33,Dirección Ejecutiva
35,Cámara Federal de la Seguridad Social
36,Cámara Mar del Plata
37,Cámara Nacional Electoral
38,Cámara Federal de Casación Penal
39,Cámara de Comodoro Rivadavia
40,Cámara de Córdoba
41,Cámara de Corrientes
42,Cámara de General Roca
43,Cámara de Mar del Plata
44,Cámara de Mendoza
45,Cámara de Paraná
46,Cámara de Posadas
47,Cámara de Resistencia
48,Cámara de Rosario
49,Cámara de Salta
50,Cámara de San Martín
51,Cámara de Tucumán
52,Cámara de la Plata
53,Cámara del Trabajo
54,Subsecretaría de Asuntos Penitenciarios
57,Capitanía de Armamento
58,Casa Militar
59,Centro Nacional de Control de Calidad de Biológicos
60,Subsecretaría de Política Criminal
61,Centro Nacional de Diagnóstico e Investigación de Endemo-Epidemias
62,Centro Nacional de Genética Médica
63,Centro Nacional de Investigaciones Nutricionales
64,Dirección Nacional de Readaptación
65,Centro Nacional de Red de Laboratorios
66,"Subsecretaría de Derechos para la Niñez, Adolescencia y Familia"
67,Subsecretaría de Desarrollo Institucional e Integración Federal
68,Dirección Nacional de Políticas para Adultos Mayores
69,Unidad Ejecutora del Préstamo BID 1950/OC-AR
70,Unidad Ejecutora del Préstamo BIRF 7425/AR
71,Colegio de Auditores Generales
73,Unidad Ejecutora del Préstamo
74,Subsecretaría de Desarrollo Rural y Agricultura Familiar
76,Unidad Ejecutora Préstamo BIRF 7362/AR
78,Comisión Nacional de Comercio Exterior
80,Unidad Coordinadora BID Nº 1868/OC - AC
81,Comisión Nacional de Energía Atómica
82,Subsecretaría de Control y Fiscalización Ambiental y Prevención de la Contaminación
83,Comisión Nacional de Evaluación y Acreditación Universitaria
84,Comisión Nacional de Pensiones Asistenciales
85,Comisión Nacional de Regulación del Transporte
87,Comisión Nacional de Valores
88,Proyecto Transporte Urbano de Buenos Aires
89,Unidad de Seguridad Nuclear y Ambiente
90,Comisión Nacional Protectora de Bibliotecas Populares
91,Comisión Asesora para la Integración de Personas Discapacitadas
92,Comité Ejecutor del Plan de la Cuenca Hídrica Matanza - Riachuelo
93,Consejo Federal de Ciencia y Tecnología
94,Gabinete Científico Tecnológico - GaCTec
95,Dirección Nacional de Relaciones Internacionales
97,Secretaría de Articulación Científico Tecnológica
98,"Secretaría de Planeamiento y Políticas en Ciencia, Tecnología e Innovación"
100,Consejo de la Magistratura
101,Contaduría General de la Nación
102,"Ministerio de Ciencia, Tecnología e Innovación Productiva"
103,Coordinación General Unidad Presidente
105,Coordinación Lucha contra Incendios Forestales
106,Subsecretaría de Coordinación Administrativa
107,Coordinación PROMES
108,Coordinación del Programa de Mejoramiento de la Educación - PROMEDU
109,Coordinación de Agroquímicos
113,Coordinación de Gestión Técnica
114,Coordinación del Programa de Mejoramiento del Sistema Educativo - PROMSE
116,Coordinación del Programa de Mejoramiento de las Escuelas Rurales - PROMER
117,Coordinación de los Proyectos
118,Corte Suprema de Justicia de la Nación
119,Cuerpo de Administradores Gubernamentales
120,Dirección Nacional de Gestión Educativa
121,Gerencia de Prestaciones
122,Defensoría General de la Nación
123,Departamento Central de Operaciones
124,Gerencia de Prestaciones - Gerencia de Capitalización
125,Gerencia de Prestaciones Activas y Desempelo
127,Gerencia de Asignaciones Familiares
128,Departamento de Investigación y Capacitación
129,Departamento de Previsión
130,Departamento de Sanidad
131,Gerencia de Prestaciones - Gerencia de Asuntos Interjurisdiccionales
132,Dirección de Sanidad de Fronteras y Terminales de Transporte
133,Gerencia de Prestaciones - Unidad de Atención y Asistencia a Veteranos de Malvinas
134,Dirección General del Registro de la Propiedad Inmueble de la Capital  Federal
137,Secretaría de Promoción y Programas Sanitarios
138,Subsecretaría de Gestión de Servicios Asistenciales
139,Dirección Asistente
140,Dirección Nacional de Regulación Sanitaria y Calidad en Servicios de Salud
141,Dirección Ejecutiva y Técnica
143,Dirección General Pericial
144,Secretaría de Promoción y Programas Sanitarios
145,Dirección General de Administración
147,Dirección General de Coordinación Administrativa
148,Subsecretaría de Salud Comunitaria
149,Dirección General de Fabricaciones Militares
151,Dirección Nacional de Maternidad e Infancia
154,Dirección General de Mandamientos  y Notificaciones
155,Dirección General de Sanidad Policial
156,Dirección Nacional de Capital Humano y Salud Ocupacional
157,Dirección General del Archivo General Judicial
158,Dirección General del Régimen Correccional
159,Secretaría de Determinantes de la Salud y Relaciones Sanitarias
160,Dirección Nacional de Relaciones Internacionales
161,Dirección Gral. de Administración del Servicio Penitenciario Federal
162,Dirección Nacional de Determinantes de la Salud e Investigación
163,Subsecretaría de Prevención y Control de Riesgos
164,Dirección de Sida y Enfermedades de Transmisión Sexual
165,Dirección Nacional de Prevención de Enfermedades y Riesgos
167,Subsecretaría de Salud Comunitaria
168,Dirección de Medicina Comunitaria
169,Secretaría de Organización y Comunicación Comunitaria
170,Subsecretaría Legal
171,Subsecretaría Energía Eléctrica
172,Comité Administrativo para el Fondo Fiduciario de Transporte Eléctrico Federal
173,Subsecretaría de Combustibles
174,Unidad Ejecutora del Proyecto CAF Nº 3192
175,Dirección Nacional de Administración de Recursos Hídricos
176,Subsecretaría de Planeamiento Educativo
177,Dirección Nacional de Arquitectura
178,Dirección General de Sistemas Informáticos de Administración Financiera
180,Comisión Directiva del Círculo de Legisladores de la Nación
182,Gerente Unidad Implementadora del Proyecto BIRF Nº 7520/AR
183,Gerente Unidad Implementadora del Proyecto BID Nº 1648-OC/AR
184,Subsecretario de Innovación Científica y Tecnológica
185,Secretaría de Planeamiento
189,Dirección Nacional de Inocuidad y Calidad Agroalimentaria
193,Comando Operacional
194,CAECOPAZ
195,jefe Estado Mayor Conjunto Combinado Cruz del Sur
197,Dirección Nacional de Infraestructura Portuaria
198,Dirección Nacional de Interior
199,Dirección Nacional de Investigación
200,Instituto de Inteligencia Fuerzas Armadas
201,Subsecretaría de Seguridad Ciudadana
202,Dirección Nacional de Migraciones
203,Dirección Nacional de Inteligencia Criminal e Investigaciones
204,Dirección de Control Policial de la Policía de Seguridad Aeronáutica
205,Gerencia Proyecto CAREM
206,Dirección Nacional de Ocupación y Salarios
207,Gcia.Gral Complejo Tecn.Pilcaniyeu
208,Gerencia de Área Energía Nuclear
209,"Dirección Nacional de Patrimonio, Museos y Arte"
212,Direccion Nacional de Política Hídrica
213,Gerencia Área Investigación no Nuclear
214,Gerencia General
215,"Dirección de Infraestructura, Equipamiento y Servicios Generales"
217,Dirección Nacional de Prestaciones Médicas
219,Gerencia Área Seguridad  Nuclear y Ambiente
220,Gcia. Exploración  Materias Primas.
221,Dirección Nacional de Promoción
222,Gcia. Producción Materias Primas
224,Dirección Nacional de Protección Vegetal
226,Gcia. Ciclo de Combustible
227,Gerencia de Control Externo de Entes Reguladores y Privatizaciones
230,Dirección Nacional de Sanidad Animal
234,Dirección Nacional de Vías Navegables
235,Dirección Nacional del Antártico
236,Dirección Nacional del Derecho de Autor
238,Comisión Nacional de Tierras para el Hábitat Social
240,Dirección Nacional del Servicio Geológico
242,Dirección Ejecutiva
243,Dirección Técnica-Jurídica. Departamento de Secretaría Gral.
244,Dirección de Administración de la ANMAT
247,Dirección de Administración y Finanzas
248,Dirección de Asuntos Jurídicos
249,Dirección de Ayuda Social para el Personal del Congreso
250,Dirección de Calidad Agroalimentaria
252,Dirección de Policía Científica
253,Dirección de Control del Ejercicio Profesional
254,Agrupación Metropolitana
255,Dirección de Cuarentena Vegetal
256,Departamento de Misiones al Exterior y Relaciones Internacionales
258,Dirección de Desarrollo Tecnológico Minero
259,Dirección de Documentación
260,Dirección de Documentación. Departamento Delegaciones
261,Dirección General de Cooperación Internacional
262,Dirección de Epidemiología
264,Dirección de Fiscalización Vegetal
266,Subsecretaría Asuntos Registrales
267,Dirección de Infraestructura Judicial
268,Secretaría de Derechos Humanos
269,Agencia Nacional de Seguridad Vial
270,Dirección de Inspección de Productos de Origen Animal
273,Dirección de Laboratorios y Control Técnico
277,Dirección de Operaciones
278,Dirección de Pericias
279,Dirección de Planeamiento y Educación
281,Dirección de Policía de Seguridad de la Navegación
282,Dirección Ejecutiva
284,Dirección Nacional de Licencias de Conducir y Antecedentes de Tránsito
285,Dirección de Prevención Sísmica
286,Dirección Nacional de Coordinación Interjurisdiccional
287,Dirección General de Administración
288,Dirección Nacional de Observatorio Vial
289,Dirección de Protección del Medio Ambiente
290,Subsecretaría de la Pequeña y Mediana Empresa y Desarrollo Regional
291,Dirección de Recursos Humanos y Capacitación
292,Dirección de Retiros y Pensiones
294,Dirección de Sanidad Vegetal
295,Dirección de Seguridad y Traslados
296,Unidad Ejecutora del Préstamo BID Nº 899 y 1956 y BIRF 7425
297,Dirección de Tecnología Médica
298,Dirección de Trafico Internacional
299,Unidad Ejecutora del Préstamo BIRF S/N (Desarrollo Forestal)
300,Unidad Ejecutora del Préstamo FIDA 713 - AR y 514 - AR
302,Dirección de la Biblioteca Nacional
303,Dirección Biblioteca Nacional de Maestros
305,Dirección del CENARESO
306,Dirección del FONTAR
307,Dirección del Hospital
308,Dirección del Material
309,Dirección del Personal
310,"Direcciones de Libros, Hemeroteca y Materiales Especiales"
311,Dirección de Administración Bibliotecológica
312,Dirección Nacional de Asuntos Internacionales
313,Dirección Nacional  de Deporte Social
314,Dirección de Fomento Deportivo
316,Dirección Nacional de Promoción
318,Dirección Ejecutiva
319,Instituto Nacional de Educación Tecnológica
320,Directorio CONICET
322,Gabinete de Estrategia Militar
324,División de Asistencia Médica
325,Ente Nacional Regulador de Gas
326,Ente Nacional Regulador del Gas
327,Jefatura IV - Logística
328,Ente Nacional de Obras Hídricas de Saneamiento
329,Dirección de Sanidad Conjunta
330,Ente de Cooperación Técnica y Financiera
331,Escribanía General del Gobierno de la Nación
332,Escuela Nacional de Bibliotecarios
333,Instituto Nacional de la Propiedad Industrial
334,Estado Mayor Conjunto de las Fuerzas Armadas
335,Estado Mayor General de la Armada
336,Estado Mayor General de la Fuerza Aérea
339,Fondo Nacional de las Artes
340,Gabinete Ministerial
342,Gerencia de Control de Entes Reguladores y Empresas Prestadoras de Servicios Públicos
343,Gerencia de Deuda Pública
344,Gerencia de Control de Transferencias de Fondos Nacionales
345,Subsecretaría de Relaciones con el Poder Judicial y Asuntos Penitenciarios
347,Gerencia General de Control Comunal
348,Gerencia General de Control Externo del Sector Financiero
349,Gerencia General de Control de Deuda Pública
350,Gerencia General de Control del Sector Público No Financiero
351,Dirección Nacional de Formación Profesional
353,Gerencia Jurídica
355,Comisión de Promoción y Asistencia de los Centros de Desarrollo Infantil Comunitarios
357,Administración Nacional de Aviación Civil
360,Gerencia Productos y Servicios-Gcia. de Desempleo
361,Dirección Nacional de la Seguridad Operacional
362,Gerencia Técnica
363,Gerencia de Administración
364,Gerencia de Administración Central
365,Dirección Nacional de Servicios a la Navegación Aérea y Aeródromos
366,Gerencia de Asistencia Técnica
367,Gerencia de Asuntos Jurídicos
368,Gerencia de Control
369,Dirección General de Infraestructura y Servicios Aeroportuarios
370,Gerencia de Estudios
371,Gerencia de Finanzas y Administración
372,Gerencia de Gestión Tecnológica
373,Dirección Nacional de Transporte Aéreo
375,Gerencia de Planeamiento y Servicios Culturales
376,Subdirección de Prestaciones
377,Subdirección de Administración
378,Subdirección del Fondo de Garantía de Sustentabilidad del SIPA
379,Gerencia de Proyectos
380,Gerencia de Recursos Humanos
382,Centro Investigación Ciencias Veterinarias y Agronómicas
383,Gerencia de Tecnología
384,Estación Experimental Agropecuaria Famaillá
386,Estación Experimental Agropecuaria San Luis
387,Coordinación Programa de Asistencia en Áreas con Riesgo Sanitario - PROARSA
388,Coordinación Programa de Asistencia Solidaria - PROAS
389,Coordinación PAYS
390,Gerente Unidad Implementadora del Proyecto
391,Honorable Cámara de Diputados
392,Honorable Cámara de Senadores
394,Coordinación de Gestión
395,Centro de Investigaciones en Recursos Naturales
396,Imprenta del Congreso de la Nación
397,Inspección General de Justicia
399,Instituto de Ayuda Financiera para Pago de Retiros y Pensiones Militares
401,Centro de Investigaciones de Agroindustria
402,Estación Experimental Agropecuaria Chubut
403,Estación Experimental Agropecuaria Pergamino
404,Estación Experimental Agropecuaria San Pedro
405,Instituto Geográfico Militar
406,Instituto Nacional de Enfermedades Virales Humanas Dr. Julio Maiztegui
407,Estación Experimental Agropecuaria Delta
408,Instituto Nacional de Asociativismo y Economía Social (INAES)
409,Instituto Nacional de Alimentos
411,Instituto Nacional de Enfermedades Infecciosas Agudas
412,Instituto Nacional de Enfermedades Respiratorias Dr. Emilio Coni
413,Estación Experimental Agropecuaria Cerro Azul
414,Instituto Nacional de Epidemiología Dr. Juan H. Jara
415,Estación Experimental Agropecuaria La Rioja
416,Estación Experimental Agropecuaria Hilario Ascasubi
417,Instituto Nacional de Estadística y Censos
418,Instituto Nacional de Investigación y Desarrollo Pesquero
419,Instituto Nacional de Medicamentos
420,Instituto Nacional de Parasitología Dr. Mario Fatala Chaben
421,Instituto Nacional de Producción de Biológicos
422,Estación Experimental Agropecuaria Catamarca
423,Instituto Nacional de Semillas
424,Instituto Nacional de Vitivinicultura
425,Instituto Nacional de Tecnología Industrial
426,Estación Experimental Agropecuaria Marcos Juárez
427,Unidad de Extensión y Experimentación Adaptativa Leales
428,Instituto Nacional de la Administración Pública
430,Estación Experimental Agropecuaria Reconquista
431,Instituto Nacional del Agua
432,Instituto Nacional del Teatro
433,Estación Experimental Agropecuaria General Villegas
434,Estación Experimental Agropecuaria Bordenave
435,Instituto Nacional de Prevención Sísmica
439,Unidad de Coordinación de Programas y Proyectos con Enfoque Sectorial Amplio
440,Comisión Bicameral de Control de Fondos de la Seguridad Social
441,Dirección Nacional de Regulación Sanitaria y Calidad en los Servicios de Salud
443,Jefatura de Gabinete de Ministros
444,Jefatura de la Policía Federal Argentina
445,Jurado de Enjuiciamiento
446,Subdirección de Asuntos Internacionales
447,Comisión Nacional de Comunicaciones
448,Departamento Operatoria de Fronteras
450,"Museo Arg. de Cs. Nat. 'Bernardino Rivadavia',Inst. N. Inv. Cs. Na."
451,Obispado Castrense
452,Obra Social del Poder Judicial
455,Oficina Nacional de Presupuesto
456,Organismo Regulador de Seguridad de Presas
457,Organismo Regulador del Sistema Nacional de Aeropuertos
458,Gerencia de Área Aplicaciones de la Tecnología Nuclear
459,Órgano de Control de Concesiones Viales
461,Secretaría de Coordinación
464,Centro Nacional de Investigaciones Agropecuarias Castelar
465,Presidencia Instituto Nacional del Agua
467,Presidencia del Instituto Nacional de Asociativismo y Economía Social (INAES)
468,Presidencia del Servicio Geológico Minero Argentino
469,Presidencia y Directorio
470,Procuración General de la Nación
472,Procuración del Tesoro de la Nación
475,Programa Nacional de SIDA
476,Registro Nacional de las Personas
478,Estación Experimental Agropecuaria Abra Pampa
479,Subgerencia de Mantenimiento y Equipos
480,Subgerencia de Obras y Concesiones
481,Estación Experimental Agropecuaria Concepción del Uruguay
482,Estación Experimental Agropecuaria Concordia
483,Secretaría General
484,Estación Experimental Agropecuaria Corrientes
485,Secretaría Legal y Técnica
486,Estación Experimental Agropecuaria La Consulta
487,"Ministerio de Agricultura, Ganadería y Pesca"
488,Estación Experimental Agropecuaria Leales
490,Estación Experimental Agropecuaria San Juan
492,Subsecretaría de Agroindustria y Mercados
494,Secretaría de Comunicaciones
495,Unidad de Planeamiento Estratégico y Evaluación de la Educación Argentina
496,Unidad Ejecutora de Ingreso Social con Trabajo
497,Unidad Ejecutora (BIRF 7520)
498,Secretaría de Cultura
500,Secretaría de Empleo
501,Secretaría de Energía
502,Secretaría de Hacienda
503,Secretaría de Industria
504,Secretaría de Inteligencia
505,Secretaría de Jurisprudencia
506,Dirección Nacional de Crédito Fiscal y Capacitación Federal
507,Secretaría de Obras Públicas
509,Subsecretaría de Energía
510,Subsecretaría de Combustibles
512,Secretaría de Política y Regulación Sanitaria
513,Subsecretaría de Desarrollo Urbano y Vivienda
514,Subsecretaría de Puertos y Vías Navegables
515,Subsecretaría de Transporte Ferroviario
516,Subsecretaría de Transporte  Automotor
517,Comisión Bicameral de Fiscalización - Ley Nº 26.122
518,Secretaría de Atención Sanitaria
520,Subsecretaría de Coordinación
521,Subsecretaría de Agricultura
522,Secretaría de Seguridad Interior
523,Secretaría de Seguridad Social
524,Secretaría de Trabajo
525,Secretaría de Transporte
527,Subsecretaría de Pesca y Acuicultura
528,Secretaría de la Pequeña y Mediana Empresa
529,Subsecretaría de Lechería
530,Subsecretaría de Ganadería
531,Secretaría de Desarrollo Rural y Agricultura Familiar
532,"Unidad de Ministro del Ministerio de Agricultura, Ganadería y Pesca"
533,Subsecretaría de Agricultura Familiar
534,Secretaría de Relaciones Institucionales
537,Dirección de Coordinación y Política de Recursos Humanos
538,Servicio Nacional de Rehabilitación
539,Servicio de Aviación
541,Servicio de Buques Guardacostas
542,Servicio de Comunicaciones
543,Bicentenario de la Revolución de Mayo 1810-2010
544,Dirección del Servicios de Inteligencia
545,Sindicatura General de la Nación
546,Dirección de Aviación del Ejército
547,Presidencia
548,Dirección de Acreditación de Carreras
549,Dirección de Evaluación Institucional
551,"Dirección de Desarrollo, Planeamiento y Relaciones Internacionales"
552,Subdirección de Retiros y Pasividades
553,Unidad Ejecutora Central BIRF 7843-AR
554,Dirección General de Aeronavegabilidad Militar
555,Banco Nacional de Datos Genéticos
557,Dirección Nacional de Acuicultura
558,Subgerencia de Administración de la Superintendencia de Servicios de Salud
559,Gerencia de Control de Gestión del Sector Público No Financiero
560,Subgerencia de Mantenimiento y Equipos
561,Gerencia de Control Financiero del Sector Público No Financiero
562,Dirección de Capacitación y Campañas Viales
563,Programa de Fortalecimiento de la Seguridad Vial (BIRF Nº 7861)
564,"Dirección de Operaciones para la Seguridad, Defensa y Cooperación Internacional"
566,Subgerencia de Obras y Concesiones
567,Subdirección de Cooperación Transfronteriza y Mercosur
569,Dirección de Inteligencia Criminal e Investigaciones
570,Dirección de Protección Ambiental
571,Dirección de Informática y Comunicaciones
572,"Servicio de Salvamento, Incendio y Protección Ambiental"
573,Dirección Nacional de Planeamiento Educativo
574,Dirección Nacional de Salud Mental y Adicciones
575,Coordinación General del Programa de Cooperacion Económica Financiera Hispano Argentina
578,Subjefatura Estado Mayor General del Ejército
580,Subsecretaría General de la Defensoría del Pueblo
582,Gerencia de Obras e Infraestructura
583,Presidencia del Instituto Nacional de la Propiedad Industrial
584,Unidad de Gestión Ambiental
585,Centro Regional Buenos Aires Norte
586,Centro Regional Buenos Aires Sur
587,Centro Regional Noroeste Argentino Norte
588,Centro Regional Noroeste Argentino Sur
589,Centro Regional Córdoba
590,Centro Regional Cuyo
591,Subsecretaría de Programas de Prevención y Promoción
593,Centro Regional La Pampa - San Luis
594,Centro Regional Patagonia Sur
595,Centro Regional Patagonia Norte
596,Centro Regional Chaco-Formosa
597,Centro Regional Mesopotamia
598,Centro Regional Santa Fe
599,Centro Regional Entre Ríos
600,Centro Regional Metropolitano
601,Estación Experimental Agropecuaria Mercedes
602,Gerencia Servicios Complementarios
603,"Secretaría de Coordinación del Ministerio de Trabajo, Empleo y Seguridad Social"
604,Gerencia de Servicios Complementarios Castelar
605,Estación Experimental Agropecuaria Covas
606,Unidad Ejecutora del Préstamo BIRF 7617
607,Secretaría de Minería
608,Dirección de Promoción y Control de Enfermedades No Transmisibles
609,Subsecretaría de Obras Públicas
610,Subsecretaría de Presupuesto
612,Unidad Ejecutora Central (BID 1903/OC-AR y 2788/OC-AR)
613,Coordinación General Programa Cooperación Económica y Financiera Hispano-Argentina
614,Dirección Enfermedades Transmisibles por Vectores
615,Subsecretaría de Política Latinoamericana
617,Dirección Nacional del Deporte Social
618,Dirección Nacional de Comunicación Estratégica
619,Secretaría de Economía Social
620,Secretaría de Deporte
622,Coordinación de Ciencia y Tecnología Aplicada al Deporte y Servicio Médico
623,Dirección de Asistencia Directa por Situaciones Especiales
624,Subsecretaría de Abordaje Territorial
625,Dirección Nacional de Apoyo Logístico
626,Subsecretaría de Organización y Capacitación Popular
627,Subsecretaría de Fortalecimiento Institucional
628,Comisión Nacional de Coordinación del Programa de Promoción del Microcrédito para el Desar
629,Coordinación Nacional PROHUERTA
630,Secretaría de Coordinación y Monitoreo Institucional
631,Superintendencia de Administración
632,Superintendencia de Riesgos del Trabajo
634,Superintendencia de Servicios de Salud
635,Superintendencia y Direcciones Generales
636,Teatro Nacional Cervantes
637,Tesorería General de la Nación
638,Tribunal Fiscal de la Nación
639,Tribunal de Tasaciones de la Nación
640,Tribunales Orales Correspondientes
641,Tribunales Penales Orales Federales de la Ciudad Autónoma de Buenos Aires
644,U.A.P. BID 989 OC/AR
646,Subsecretaría de Organización de Ingresos Sociales
647,Subsecretaría de Comercialización de la Economía Social
648,Unidad Ejecutora del Préstamo FONPLATA ARG 18/06
649,Coordinación General Unidad Ejecutora Ingreso Social con Trabajo
651,Unidad Ejecutora del Préstamo BID 1101/OC-AR
655,Coordinación del Programa de Formación - PROFOR
658,Unidad Administrador General
660,Unidad Coordinadora Prog.Modern.Port.
662,Unidad Ejecutora Central
663,Comisión Bicameral Commemoración Bicentenarios 2010-2016
668,Dirección General del Servicio Logístico de la Defensa
669,Subsecretaría de Desarrollo Inversiones y Promoción Comercial
670,Comando de Educación
671,Directorio de la Autoridad Federal Servicios Comunicación Audiovisual
672,Instituto de Investigaciones Científicas y Técnicas para la Defensa
673,Instituto Geográfico Nacional
674,Dir.Gral. Producción
675,Dirección General de Administración
678,Dirección General Servicios Geográficos
679,Unidad de Tecnologías de la Información IGN
682,Dirección Nacional de Presupuesto e Información Universitaria
683,Unidad Ejecutora del Préstamo BID 899 PROSAP Y BIRF 4150
684,Unidad Ejecutora del Préstamo BID 1896/OC-AR
686,Dirección Nacional de Políticas Socioeducativas
688,Secretaría de la Pequeña y Mediana Empresa y Desarrollo Regional
689,Unidad Ejecutora del Préstamo BIRF 3948/AR
691,Unidad Ejecutora del Préstamo FIDA
692,Unidad de Coordinación General del Proyecto BIRF 7706-AC
694,Unidad Ministro
696,Unidad Ministro y Unidades de Apoyo
697,Secretaría de Turismo
698,Administrador General de la Defensoría General de la Nación
699,Secretaría de Contralor
700,Secretaría de Desarrollo y Promoción
701,Unidad Secretario
704,Ministerio de Seguridad
705,Coordinación de Asistencia Directa a Instituciones
706,Dirección General de Administración y Finanzas
707,Dirección General de Personal y Bienestar
708,Unidad Subsecretario de Recursos Hídricos
709,Unidad Superintendencia de Seguros
710,Unidad Vicepresidente
711,Dirección General de Inteligencia
712,Unidad de Auditoría Interna
713,Unidad de Coordinación
715,Dirección General de Investigación y Desarrollo
716,Comando de Adiestramiento y Alistamiento
717,Dirección General de Logística
718,Unidad de Informática
719,Dirección de Ingenieros e Infraestructura
720,Comisión Parlamentaria Mixta Revisora de Cuentas
721,Comando Conjunto Antártico
724,Dirección del Instituto del Servicio Exterior de la Nación
725,Dirección Nacional de Ceremonial
726,"Dirección General de Infraestructura, Servicios y Administración de Bienes"
727,Secretaría de Relaciones Exteriores
728,Subsecretaría de Política Exterior
730,Secretaría de Culto y Civilización
731,Secretaría Relaciones Económicas Internacionales
732,Subsecretaría de Integración Económica Latinoamericana y Mercosur
733,Subsecretaría de Comercio Internacional
734,Comisión Cascos Blancos
735,Organismo Nacional de Administración de Bienes
736,Secretaría de Finanzas
737,Subsecretaría de Servicios Financieros
738,Subsecretaría de Financiamiento
739,"Dirección General de Gestión Tecnica, Administrativa y Legal"
740,Dirección Nacional de.Programación Cultural y Eventos Especiales
741,Dirección Nacional de Política Cultural y Cooperación Internacional
744,Subsecretaría de Cultura
745,Directorio del Instituto Nacional de la Propiedad Industrial
746,Administración Nacional de Patentes
747,Dirección de Marcas
748,Coordinación de Gestión
749,Coordinación BID VI - 857
751,Coordinación PROSAC
754,Coordinación BIRF 4484
756,Directorio - Gerencia de Administración y Recursos
757,Directorio - Gerencia de Relaciones Institucionales
758,Directorio - Gerencias de Control y de Ingeniería
759,Gerencia de Control
760,Gerencia de Ingeniería
762,Directorio - Gerencia de Servicios Postales
763,Area Estadística Postal y Control de Calidad
766,Directorio ORSNA
771,"Dirección General de Administración, Finanzas y Recursos Humanos"
775,Instituto Superior de Enseñanza Radiofónica
777,Consejo Directivo y Dirección Nacional
782,Centro Nacional de Investigación Agropecuaria e Instituto de Economía y Sociología
783,Dirección del Centro de Investigación en Ciencias Veterinarias y Agronómicas
784,Dirección del Centro de Investigación en Recursos Naturales
785,Dirección del Centro de Investigación en Agroindustria
786,Dirección del Instituto de Economía y Sociología
787,Centros Regionales y Estaciones Experimentales Agropecuarias
790,Agencias de Extensión Rural y Unidad de Comunicaciones
795,Area Planeamiento - Instituto Geográfico Militar
801,Servicio Dermatolepromina
805,Directorio del INCUCAI
806,Dirección Médica
807,Dirección Científico Técnica
808,Hospital Nacional y Comunidad “Dr. Ramón Carrillo”
809,Dirección General del Instituto Nacional de Rehabilitación Psicofísica del Sur
810,Instituto Nacional de Rehabilitación Psicofísica del Sur Dr. Juan Otimio Tesone
811,Subsecretaría de Coordinación del Ministerio de Salud
813,Unidad Ministro del Ministerio de Salud
818,"Unidad Secretario de la Secretaría de Agricultura, Ganadería, Pesca y Alimentación"
820,Unidad Ministro Ministerio de Justicia y Derechos Humanos
822,Subsecretaría de Coordinación del Ministerio de Justicia y Derechos Humanos
823,Dirección General de Asuntos  Jurídicos
824,Dirección General de Gestión Informática
826,Dirección Nacional de Política Criminal
827,Dirección Nacional del Registro Nacional de Reincidencia
829,Dirección Nacional del Registro Oficial
830,Dirección de Aviación del Ejército
831,Dirección Nacional de los Registros Nacionales de la Propiedad Automotor
833,Dirección Nacional de Promoción de Métodos Participativos de Justicia
834,Subsecretaría de Derechos Humanos
835,Oficina Anticorrupción
836,Gerencia de Obras y Servicios Viales
841,Dirección de Estadísticas e Información en Salud
847,Direccion FONCYT
849,Dirección Nacional de Gendarmería Nacional
851,Dirección General de Educación
852,Dirección General de Operaciones
853,Dirección General de Salud
854,Dirección de Remonta y Veterinaria
855,Dirección de Logística
857,Unidad Ministro del Ministerio
859,Dirección Nacional Técnico Deportiva
862,Laboratorio de Control Antidoping
864,Dirección General de Inteligencia Naval
872,Secretaría de Políticas Sociales
874,Instituto Nacional de Asuntos Indígenas
878,Unidad Ejecutora (BIRF 4085-AR)
886,Coordinación General de Formación Docente
893,Coordinación General de Infraestructura
896,Dirección Nacional de Cooperación e Integración Educativa Internacional
897,Coordinación del Progrma de Financiamiento de la Educación Superior
902,Dirección General de Investigación y Desarrollo de la Armada
904,Unidad Ejecutora BID-AR-0265
908,Dirección de Prestaciones Turisticas
913,Subsecretaría de la Gestión Pública
914,U.E. BIRF N° 4423 - Proyecto Asistencia Técnica 2000
919,Unidad Ejecutora del Préstamo (BIRF 4459 - SINTYS)
922,Unidad Ministro del Ministerio del Interior
923,Comisión Nacional de Defensa de la Competencia
924,Dirección de Administración Financiera
925,Secretaría General de la Prefectura Naval Argentina
926,"Dirección de Policía Judicial, Protección Marítima y Puertos"
927,Administración General de la Corte Suprema de Justicia de la Nación
929,Subsecretaría de Interior
930,Secretaría de Asuntos Políticos
933,Secretaría de Provincias
935,Dirección General del Archivo General de la Nación
936,Dirección Nacional de Coordinación y Análisis para la Prevención del Delito
940,Dirección Nacional de Protección Civil
943,Subsecretaría de Coordinación del Ministerio de Educación
944,Unidad Ministro del Ministerio de Educación
947,Secretaría de Registro Nacional de Cooperativas y Mutuales
949,Comando de Adiestramiento y Alistamiento Naval
951,Subsecretaría de Relaciones con las Provincias
953,Gerencia de Programas y Proyectos
955,Dirección Nacional de Transporte Fluvial y Marítimo
964,Dirección Nacional de la Mujer
967,"Dirección de Contrataciones, Patrimonio y Servicios"
968,Cámara en lo Penal Económico
969,Subsecretaría de Recursos Hídricos
970,Subsecretaría de Desarrollo Urbano y Vivienda
971,Unidad Ejecutora del Préstamo BIRF 4454
972,Presidencia del Servicio Nacional de Sanidad y Calidad Agroalimentaria
973,Dirección Nacional Técnica y Administrativa
974,Unidad Ejecutora del Préstamo  BID 899/OC-AR
975,"Dirección Nacional de Agroquímicos, Productos Veterinarios y Alimentos"
976,Unidad Ejecutora del Préstamo BIRF 4150 - AR
977,Dirección de Administración
978,Unidad Ejecutora (BID AR 0262 - Mejoramiento de Barrios de Rosario)
981,Unidad de Coordinación del Programa Federal de Reconversión Productiva
987,Secretaria de Ingresos Publicos
988,Secretaría de Industria
989,Subsecretaría de Industria
992,Unidad Ejecutora de la Donación BIRF OTF 22.013
995,Secretaría Legal y Administrativa
996,Subsecretaría de Administración y Normalización Patrimonial
997,Intendencia
999,Dirección Nacional de Prestamos con Organismos Internacionales
1000,Secretaría de Comercio
1001,Subsecretaria de Productos y Alimentos
1002,Subsecretaria de Economia Agropecuaria y Regional
1003,Subsecretaria de Pesca y Acuicultura
1004,Gerencia de Capitalización
1005,Coordinación General de Acciones Compensatorias en Educación.
1008,Secretaría de Trabajo y Subsecretaría de Relaciones Laborales
1015,Centro Nacional de Organizaciones de la Comunidad
1021,Subsecretaría de Transporte Aerocomercial
1029,Subsecretaría de Transporte
1032,Consejo Nacional de Políticas Sociales
1033,Consejo Nacional de la Mujer
1035,Sistema de Evaluación y Monitoreo de Políticas Sociales
1039,Unidad Ejecutora del Préstamo (MIPES III)  (BID AR-L 1062)
1041,Subsecretaría de Industria
1043,Unidad de Financiamiento Internacional de Salud (UFI-S)
1044,Secretaría de Medios de Comunicación
1045,"Subsecretaría de Políticas, Regulación y Fiscalización"
1046,Subsecretaría de Relaciones Sanitarias e Investigación
1047,Secretaría de Coordinación del Ministerio de Desarrollo Social
1048,Secretaría de Comunicación Social
1051,Unidad de Coordinación de Fideicomisos de Infraestructura
1052,Secretaría de Educación
1053,Secretaría de Políticas Universitarias
1054,"Secretaría de Ciencia, Tecnología e Innovación Productiva"
1055,Gerencia Normatización de Prestaciones y Servicios - Gerencia Previsional
1056,Gerencia Normatización de Prestaciones y Servicios - Gerencia de Prestaciones Activas
1057,Gerencia Normatización de Prestaciones y Servicios
1058,Gerencia Prestaciones - Gerencia de Asuntos Interjurisdiccionales
1059,Gerencia Sistemas y Telecomunicaciones
1060,Gerencia Normatización de Prestaciones y Servicios - Gerencia de Control
1061,Gerencia Prestaciones
1062,Gerencia de Finanzas
1063,Subsecretaría de Coordinación y Evaluación Presupuestaria
1068,Dirección General de Instrucción
1069,Subsecretaría  de Relaciones Institucionales
1071,Dirección General del Cuerpo Penitenciario
1072,Dirección Nacional de Juventud
1074,Unidad Ejecutora Central - PROAPS
1076,Gerencia de Control de la Cuenta de Inversión
1077,Gerencia de Planificación
1078,Directorio del COMFER
1081,Dirección Nacional de Artes
1082,Dirección General Técnico Administrativa
1083,Secretaría de Gabinete y Relaciones Parlamentarias
1084,Unidad Coordinadora Ejecutora de Programas Materno Infantiles y Nutricionales
1086,Dirección Nacional de Políticas de Recursos Humanos en Salud
1087,Dirección Nacional de Programas Sanitarios
1088,Dirección de Calidad en Servicios de Salud
1089,Dirección de Promoción y Protección de la Salud
1090,Dirección Nacional de Emergencias Sanitarias
1091,Unidad Ejecutora Central (BID 1193/OC - AR)
1092,Dirección General de Unidad de Financiamiento Internacional
1093,Dirección Nacional de Información y Evaluación de la Calidad Educativa
1100,Unidad Ejecutora PROHUERTA
1102,Unidad Ejecutora BID 940 OC - AR
1103,Unidad Ejecutora FONPLATA 7/94
1107,Dirección Nacional de Infraestructura Social
1110,Coordinación de la Reforma
1113,Dirección Nacional Gestión Universitaria
1119,Unidad Ejecutora Central (BIRF Varios)
1124,Subsecretaría de Coordinación y Control de Gestión
1125,Comisión Nacional de Erradicación del Trabajo Infantil
1127,Dirección Nacional de Protección de Datos Personales
1132,Administración  Area Deporte
1136,Dirección de Prestaciones Turísticas
1139,Coordinación Ejecutiva  de Desarrollo y Fomento Deportivo
1140,Dirección Nacional Técnico Deportiva
1142,Dirección Nacional de Política y Planeamiento Deportivo
1145,Consejo Federal de Educación
1147,"Presidencia del Direct.de la Agencia Nac.de Promoc.Cientif.,Tec.y de Innov.Productiva"
1149,Ente Administrador de la Firma Digital
1150,Comisión Nacional del Límite Exterior de la Plataforma Continental
1151,"Instituto Nacional contra la Discriminación, la Xenofobia y el Racismo"
1155,Dirección de Inteligencia Criminal
1157,Secretaría de Gestión y Articulación Institucional
1159,Dirección Nacional de Gestión de Calidad Turística
1161,Gerencia de Fiscalización
1162,Subgerencia de Administración
1164,Comisión Bicameral de Fiscalización de los Organismos y Actividades de Inteligencia
1165,Dirección Nacional de Promoción del Empleo
1167,Dirección Nacional de Relaciones Federales
1168,Dirección Nacional de Orientación y Formación Profesional
1169,Instituto Nacional de Capacitación Política
1170,Dirección Nacional de Políticas Regionales
1171,UEC BID - 1068/OC - AR
1172,"Subunidad de Coordinación, Asistencia Técnica y Seguimiento (SUCATS)"
1173,Dirección Nacional de Relaciones con la Comunidad
1174,Dirección Nacional de Asuntos Políticos y Reforma Política
1175,Comisión Nacional Ex Combatientes de Malvinas
1177,Coordinación PROFOR
1178,Dirección Nacional de Proyectos y Obras Hídricas
1179,Dirección Nacional de Conservación y Protección de los Recursos Hídricos
1180,Subsecretaría de Minería
1181,Coordinación General Proyecto BIRF 4163
1182,Dirección General de Gestión Informática
1183,Secretaría de Interior
1184,Dirección Nacional Electoral
1185,Secretaría de Asuntos Municipales
1186,Subsecretaría de Coordinación
1187,Coordinación General de Asuntos Técnicos de la Unidad Presidente
1188,Coordinación Préstamo BID
1189,Prefectura Naval Argentina
1190,Departamento Previsión
1191,Dirección de Educación
1195,Subsecretaría de Coordinación del Ministerio del Interior
1196,Dirección General de Policía Comunitaria
1197,Unidad Ejecutora del Préstamo (BID 1575/OC-AR)
1198,Coordinación Plan Agua más Trabajo
1199,Coordinación del Préstamo (BID 1588/OC-AR y BID AR-L 1127)
1200,Instituto Nacional Juan Domingo Perón
1201,Gerencia de Análisis Económico y Usuarios
1202,Gerencia de Aeropuertos
1203,Unidad Ejecutora del Préstamo BID 1345/OC - AR
1204,Unidad de Información Financiera (UIF)
1205,Agencia Nacional de Promoción Científica y Tecnológica
1206,Intervencion Policia de Seguridad Aeroportuaria
1208,Unidad Ejecutora Central (BID 1855/OC-AR)
1209,Dirección de Actividades de Prevención y Capacitación
1210,Dirección Nacional de Asistencia
1211,Subsecretaría Técnica de Planeamiento y Control del Narcotráfico y del Lavado del Dinero
1212,Subsecretaría de Turismo
1213,Dirección Nacional de Promoción Turística
1214,Dirección de Registro y Fiscalización de Agentes de Viajes
1215,Dirección Nacional de Desarrollo Turístico
1216,Unidad Turística Embalse
1217,Unidad Turística Chapadmalal
1219,Comando de Educación y Doctrina
1220,Comando de Sanidad
1221,Gerencia Administrativa
1222,Gerencia de Autorizaciones y Registros
1223,Gerencia de Evaluación
1224,Gerencia de Inspección
1225,Dirección Administración Financiera
1226,Jefatura II - Inteligencia
1227,Dirección General Logística Conjunta
1228,Jefatura III - Operaciones
1229,Gerencia de Proyectos y Gerencia de Gestión Tecnológica
1230,Gerencia de Proyectos
1231,Secretaría de Coordinación y Cooperación Internacional
1232,Centro Operaciones Aéreas
1233,Dirección de Bienestar y Sanidad
1234,Departamento Misiones al Exterior y Relaciones
1235,Subdirección de Fronteras
1236,Secretaría de Política Criminal y Asuntos Penitenciarios
1237,Secretaría de Justicia
1238,Direccion Nacional de Políticas Habitacionales
1239,Dirección de Luchas Sanitarias
1240,Dirección de Epidemiología
1241,Dirección de Cuarentena Animal
1242,Coordinacion General de Campo
1243,Dirección Nacional de Planeamiento y Control
1244,Dirección del Sistema Argentino de Información Jurídica
1245,Dirección Nacional de Asuntos Internacionales
1246,Procuración Penitenciaria
1247,Subdirección de Investigaciones de Delitos Federales
1249,Secretaría Ejecutiva del Archivo Nacional de la Memoria
1250,Unidad Ejecutora del Proyecto CAF N° 3192 Alteo Viaducto Laguna La Picasa
1251,Unidad Coordinadora de Programas con Financiamiento Externo
1252,División Geodesia
1253,Unidad Ejecutora del Programa de Fortalecimiento Institucional del Senado de la Nación
1254,Registro Nacional de Armas
1255,Unidad de Investigación Causa AMIA
1262,Presidencia del Organismo Nacional de Control Comercial Agropecuario
1263,Presidencia de la Fundación
1265,Subjefatura V finanzas
1266,Subjefatura I Personal
1267,Jefatura III Operaciones
1268,Dirección General de Logística de Material
1269,Jefatura II Inteligencia
1270,Comando de Remonta y Veterinaria
1271,Sastrería Militar
1272,Comando de Operaciones
1273,Comando de Material
1274,Líneas Aéreas del Estado
1275,Comando de Regiones
1276,Comando de Personal
1277,Subsecretaría de Coordinación
1278,Subsecretaría de Programación Técnica y Estudios Laborales
1279,Unidad Ejecutora Central BIRF 7369-AR
1280,Dirección Nacional del Servicio Federal de Empleo
1281,Centro de Estudios Estratégicos
1282,Dirección de Inteligencia Naval
1283,Comando de Operaciones Navales
1284,Dirección General del Material Naval
1285,Dirección de Educación Naval
1286,Jefatura V-Planeamiento Estratégico
1287,Escuela Superior de Guerra Conjunta
1288,Dirección General del Personal naval
1289,Dirección de Sanidad Naval
1290,Servicio de Hidrografía Naval
1292,Comando de Transportes Navales
1293,Dirección Nacional de Desarrollo Regional
1294,Subsecretaría de Políticas Alimentarias
1295,Unidad Secretaría Administrativa
1296,Unidad Secretaría Técnica
1298,Unidad Coordinación y Administración
1299,Unidad Proyectos Especiales de Suministros Nucleares
1300,Área de Centrales Nucleares
1301,Área Reactores
1302,Unidad Aplicaciones de la Tecnología Nuclear
1303,Gerencia de Radioisótopos y Radiaciones
1304,Área Ciclo de Combustible
1305,Área Medicina Nuclear
1306,Gerencia de Tecnología y Medio Ambiente
1307,Programa Nacional de Gestión de Residuos Radiactivos
1308,Proyecto PRAMU
1309,Unidad Investigación y Aplicaciones no Nucleares
1310,Unidad Ejecutora Central
1311,Unidad Ejecutora Central BIRF S/N
1312,BIRF 7409-AR y 8062-AR
1313,Unidad Coordinación Central -Proyecto de Fortalecimiento de APS
1315,Subsecretaría de Planificación Territorial de la Inversión Pública
1316,"Secretaría Nacional de Niñez, Adolescencia y Familia"
1317,Unidad Secretario
1318,Subsecretaría de Planificación y Política Ambiental
1319,Dirección Nacional de Ordenamiento Ambiental y Conservación de la Biodiversidad
1320,Coordinación Plan Nacional Manejo del Fuego
1321,Unidad Ejecutora (GEF 3010) (BIRF 28385 - AR)
1323,Subsecretaría de Planificación y Política Ambiental
1324,Subsecretaría de Promoción del Desarrollo Sustentable
1325,Dirección Nacional Gestión de Desarrollo Sustentable
1326,Dirección de Gestión Ambiental de los Recursos Hídricos
1327,Subsecretaría de Coordinación de Políticas Ambientales
1328,Dirección Nacional de Políticas Sociales y Territoriales
1330,Dirección Nacional de Control Ambiental
1331,Dirección de Residuos Peligrosos
1332,Dirección de Prevención y Recomposición Ambiental
1333,Jefatura de Gabinete de Asesores
1334,Unidad Ejecutora Central (FONPLATA ARG-16/06)
1335,U.E.C BIRF 7352
1336,Unidad Ejecutora BIRF 7362
1337,Subsecretaría de Espectáculos Futbolísticos
1338,Coordinación Préstamo BID-AR-L1025
1339,Directorio de la Agencia Nacional de Desarrollo de Inversiones
1340,C.A.F. - Unidad Ejecutora del Préstamo BID 1764/OC
1341,Secretaría de Comercio Interior
1342,Comisión Nacional de Defensa de la Competencia
1343,Subsecretaría de Defensa del Consumidor
1344,Subsecretaría de Coordinación Económica y Mejora de la Competitividad
1345,Subsecretaría de Programación Macroeconómica
1346,Secretaría de Política Económica y Planificación del Desarrollo
1347,Subdirección de Seguridad Vial y Transporte
1348,Coordinación Centros de Comprobación Técnica de Emisiones
1349,Subprograma II
1350,Comité Administrador del Fondo Fiduciario para el Transporte Eléctrico Federal
1353,Dirección de Vigilancia y Monitoreo
1354,Unidad de Coordinación de Programas y Proyectos con Financiamiento Externo
1356,Instituto Superior de Seguridad Aeroportuaria
1357,"Dirección de Investigación, Desarrollo y Producción"
1358,Escuela Superior de Guerra Conjunta
1359,Dirección General de logística Conjunta
1360,Comando Operacional
1361,Gerencia Técnico Operativa
1362,Secretaría de Planeamiento
1363,Estación Experimental Agropecuaria Santiago del Estero
1364,Estación Experimental Agropecuaria Salta
1366,Estación Experimental Agropecuaria Sáenz Peña
1367,Centro Regional Misiones
1368,Hospital Nacional 'Profesor  Alejandro Posadas'
1369,Dirección Asistente Administrativo Contable
1370,Dirección Médica
1371,Estación Experimental Agropecuaria Montecarlo
1372,Estación Experimental Agropecuaria Mendoza
1373,Estación Experimental Agropecuaria Junín
1374,Estación Experimental Agropecuaria Anguil
1375,Estación Experimental Agropecuaria Paraná
1376,Estación Experimental Agropecuaria Alto Valle
1377,Estación Experimental Agropecuaria Esquel
1378,Estación Experimental Agropecuaria El Colorado
1379,Estación Experimental Agropecuaria de Cultivos Tropicales Yuto
1380,Estación Experimental Agropecuaria Bella Vista
1381,Estación Experimental Agropecuaria Santa Cruz
1382,Estación Experimental Agropecuaria Bariloche
1383,Estación Experimental Agropecuaria Oliveros
1384,Estación Experimental Agropecuaria Manfredi
1385,Estación Experimental Agropecuaria Bordenave
1386,Estación Experimental Agropecuaria Balcarce
1387,Estación Experimental Agropecuaria Perico
1388,Estación Experimental Agropecuaria Colonia Benítez
1389,Estación Experimental Agropecuaria Las Breñas
1390,Estación Experimental Agropecuaria Rama Caída
1391,Estación Experimental Agropecuaria Rafaela
1392,Estación Experimental Agropecuaria Pergamino
1393,Estación Experimental Agropecuaria Guillermo Covas
1394,Estación Experimental Agropecuaria San Luis
1395,Comando Operaciones Terrestres
1397,Coordinación del Programa Verdad y Justicia
1398,Dirección de Policía y Judicial
1401,Subdirección de Asuntos Internacionales
1402,Dirección Nacional de Articulación Institucional
1404,"Dirección de Registro, Fiscalización y Sanidad de Fronteras"
1405,Dirección  Nacional de Salud Materno Infantil
1406,Unidad Ejecutora Central  BIRF 7412- AR y 7993-AR
1407,Secretaría de Programas Sanitarios
1408,"Secretaría de Políticas, Regulación e Institutos"
1409,Instituto Nacional de Formación Docente
1411,Directorio del Enre
1412,Dirección Nacional de Coordinación Institucional
1413,Dirección Nacional de Programas Compensatorios
1414,Dirección General de Infraestructura
1415,Dirección Nacional de Regulación y Fiscalización
1416,Dirección de Atención al Usuario
1417,Comité Ejecutor del Plan de la Cuenca Hídrica Matanza - Riachuelo
1418,Comando de Ingenieros
1419,Unidad Ejecutora del Préstamo BID 1884
1420,Dirección Ejecutiva del Programa Nacional de Lucha contra los Retrovirus Humanos
1421,Dirección de Educación e Institutos
1422,Subdirección Retiros y Pasividades
1423,Subsecretaría de Política y Gestión Comercial Externa
1424,Convenio ALA/2006/18-398
1425,Subsecretaría de Tierras para el Hábitat Social
1426,Subsecretaría de Coordinación de Obra Pública Federal
1427,Dirección General de Salud de la Armada
1428,Dirección General de Educación Naval
1430,Dirección General de Investigación y Desarrollo de la Fuerza Aérea
1431,Dirección General de Material
1432,Comando de  Adiestramiento y Alistamiento
1434,Dirección General de Líneas Aéreas del Estado
1435,Dirección General de Salud de la Fuerza Aérea
1436,Dirección General de Educación de la Fuerza Aérea
1437,Dirección Nacional de Planeamiento Educativo
1439,Jefatura IV Logística
1440,Subdirección de Control y Vigilancia de Frontera
1441,Consejo Asesor del Sistema Argentino de Televisión Digital Terrestre
1442,Comisión de Planificación y Coordinación de Estrategia
1444,Unidad para el Cambio Rural
1445,Dirección de Arsenales
1446,Unidad Ejecutora del Préstamo BID 2424/OC-AR - PROMEDU II
1447,Dirección Nacional de Preinversión
1448,Unidad Ejecutora del Préstamo Nº 1966
1450,Dirección General de Inteligencia Criminal
1451,Superintendencia de Comunicaciones
1452,Dirección General de Cooperación Internacional
1453,Superintendencia de Interior y Delitos Federales Complejos
1454,Superintendencia de Transporte
1455,Superintendencia de Segurida Metropolitana
1456,Superintendencia Federal de Bomberos
1457,Dirección General de Orden Urbano
1458,Superintendencia de Investigaciones
1459,Dirección Nacional de la Policía de Seguridad Aeroportuaria
1460,"Centro de Análisis, Comando y Control"
1461,Subsecretaria de Coordinación y Control de Gestión Registral
1462,Policía Científica
1463,Superintendencia de Drogas Peligrosas
1464,Unidad de Coordinación de Ejecución de Financiamiento Externo
1472,Instituto de Capacitación de la Auditoría General de la Nación
1474,Estación Experimental Agropecuaria Yuto
1475,Estación Experimental Agropecuaria Valle Inferior
1476,Instituto de Microbiología y Zoología Agrícola
1477,Instituto de Fitopatología y Fisiología Vegetal
1478,Instituto Nacional del Cáncer
1479,Instituto Nacional de Medicina Tropical
1480,Gerencia de Jurídicos y Normas Regulatorias
1481,Unidad Ejecutora Préstamo CAF N°7769
1482,Dirección Laboratorio Farmacéutico Conjunto
1483,Subsecretaría de Promoción al Financiamiento de la Pequeña y Mediana Empresa
1484,Instituto de Recursos Biológicos
1485,Dirección de Logística - Departamento de Construcciones - Bienes Raíces
1486,Subsecretaría de Política y Gestión de la  Pequeña y Mediana Empresa y del Desarrollo Regional
1487,Secretaría de Comunicación Pública
1489,Subsecretaría de Desarrollo de Economías Regionales
1490,Instituto de Tecnología Minera
1491,Instituto de Geología y Recursos Minerales
1492,Subsecretaría de Ingresos Públicos
1493,Unidad de Coordinación del Préstamo
1495,Estación Experimental Cultivos Tropicales Yuto - Jujuy
1497,EEA Junin
1498,Estación Experimental Agropecuaria Ezquel
1500,Gerencia de Fortalecimiento Institucional
1501,Consejo Directivo
1502,Intendencia Parque Nacional Iguazú
1503,Intendencia Parque Nacional Lanín
1504,Intendencia Parque Nacional Nahuel Huapi y Parque Nacional Los Arrayanes
1505,Intendencia Parque Nacional Los Alerces
1506,Intendencia Parque Nacional Los Glaciares
1507,Intendencia Parque Nacional Tierra del Fuego
1508,Intendencia Parque Nacional El Palmar
1509,Intendencia Parque Nacional Lago Puelo
1510,Intendencia Parque Nacional Chaco
1511,Intendencia Parque Nacional Río Pilcomayo
1512,Intendencia Parque Nacional Calilegua
1513,Intendencia Parque Nacional Lihué Calel
1514,Intendencia Parque Nacional Talampaya
1515,Intendencia Parque Nacional Laguna Blanca
1516,Intendencia Monumento Natural Bosques Petrificados
1517,Intendencia Parque Nacional Perito Moreno
1518,Intendencia Reserva Natural Otamendi
1519,Intendencia Parque Nacional Pre-Delta
1520,Intendencia Parque Nacional Sierra de Las Quijadas
1521,Intendencia Parque Nacional El Leoncito
1522,Intendencia Parque Nacional San Guillermo
1523,Intendencia Parque Nacional Quebrada del Condorito
1524,Intendencia Parque Nacional Campo de los Alisos
1525,Intendencia Parque Nacional Los Cardones
1526,Intendencia Monumento Natural Laguna de Los Pozuelos
1527,Intendencia Parque Nacional Baritú
1528,Intendencia Reserva Natural Formosa
1529,Intendencia Parque Nacional Mburucuyá
1530,Intendencia Reserva Natural San Antonio
1531,Intendencia Parque Nacional Campos del Tuyú
1532,Intendencia Parque Nacional Monte León
1533,Intendencia Parque Nacional Marino Patagonia Austral
1534,Intendencia Parque Nacional El Rey
1535,Intendencia Parque Nacional Copo
1536,Intendencia Reserva Nacional el Nogalar de Los Toldos
1537,Intendencia Área Protegida General Pizarro
1538,Secretaría de Relaciones Parlamentarias
1539,Subsecreataría de Evaluación del Presupuesto Nacional
1540,Subsecretaría de Gestión y Empleo Público
1541,Secretaría de Comercio Exterior
1542,Subsecretaría de Planificación Económica
1543,Secretaría de Ambiente y Desarrollo Sustentable
1545,"Centro de Instrucción, Perfeccionamiento y Experimentación"
1546,Secretaría de Planeamiento Estratégico Industrial
1547,Subsecretaría de Gestión Administrativa
1548,Secretaría de Seguridad
1549,"Subsecretaría de Coordinación, Planeamiento y Formación"
1550,Subsetretaría de Investigación del Delito Organizado y Complejo
1551,Área de Material Río Cuarto
1552,Área de Material Quilmes
1553,I Brigada Aérea
1554,III Brigada Aérea
1555,Base Aérea Militar Morón
1556,Secretaría Legal y Técnica de ANSES
1557,Secretaría de Coordinación Político Institucional y Emergencia Agropecuaria
1558,Dirección General de Material Naval
1559,Dirección Nacional del Registro de Dominios de Internet
1560,Dirección General de Informática e Innovación Tecnológica - Subsecretaría de Coordinación
1561,Dirección General de Control de Tránsito Aéreo
1563,Unidad Ejecutora del Préstamo PROMER II
1565,Subsecretaría de Logística
1566,Subsecretaría de Políticas de Seguridad e Intervención Territorial
1567,Subsecretaría de Participación Ciudadana
1568,Subsecretaría de Investigación del Delito Organizado y Complejo
1569,Dirección Nacional de Inteligencia Criminal
1570,"Secretaría de Cooperación con los Poderes Judiciales, Ministerios Públicos y Legislaturas"
1571,Subsecretaría de Articulación Legislativa
1572,Subsecretaría de Articulación con los Poderes Judiciales y los Ministerios Públicos
1573,Unidad Ejecutora Préstamo BID Nº 2923
1574,"Subsecretaría de Coordinación, Monitoreo y Logística"
1575,Coordinación Técnica Proyecto PNUD ARG 06/017 'Primeros Años'
1579,Dirección de Seguridad Vial y Transporte
1580,Subdirección Ejecutiva de Prestaciones
1581,Subdirección Ejecutiva de Administración
1582,Subdirección Ejecutiva de Operaciones del Fondo de Garantías de Sustentabilidad
1583,Consejo Nacional de Coordinación de Políticas Sociales
1584,Dirección General Ejecutiva Programa Conectar igualdad
1585,Dirección Nacional Técnica y Administrativa
1587,Subsecretaría Técnica de Planeamiento y Control del Narcotráfico
1588,"Secretaría de Coordinación, Planeamiento y Formación"
1589,Subsecretaría de Infraestructura Penitenciaria
1590,Subsecretaría de Gestión Penitenciaria
1591,Dirección Nacional del Registro Nacional de Tierras Rurales
1592,Dirección General de Seguridad Aeroportuaria Preventiva
1593,Jefatura de Gabinete de la Gendarmería Nacional Argentina
1595,Instituto Nacional de Revisionismo Histórico Argentino e Iberoamericano 'Manuel Dorrego'
1596,Coordinación Préstamo
1597,Agencia de Administración de Bienes del Estado
1598,Subsecretaría de Política y Gestión de la  Pequeña y Mediana Empresa y Desarrollo Regional
1599,"Secretaría de Agricultura, Ganadería y Pesca"
1600,Unidad Ejecutora del Préstamo BID Nº 2662/OC-AR
1601,Comisión Nacional de Coordinación de  Promoción del Microcrédito
1602,Defensoría del Público de Servicios de Comunicación Audiovisual de la Nación
1603,Intendencia Parque Interjurisdiccional Marino Makenke
1604,Intendencia Parque Nacional Interjurisdiccional Isla Pingüino.
1605,Cámara Federal de La Matanza
1606,Centro de Investigación Agropecuaria
1608,Secretaría Ejecutiva
1609,Gerencia de Prevención y Control del Lavado de Activos y Financiamiento del Terrorismo
1610,Gerencia Administrativa
1611,Subsecretaría de Planeamiento y Formación
1612,Dirección General de Asuntos Consulares
1613,Subsecretaría de Negociaciones Económicas Internacionales
1614,Subsecretaría de Nuevas Tecnologías y Agregado de Valor
1615,Comisión Bicameral de Promoción y Seguimiento de la Comunicación Audiovisual
1616,Unidad Ejecutora Central Ministerio de Interior y Transporte
1617,Secretaría General
1618,Intendencia Parque Nacional Los Venados
1619,Estación Experimental Agropecuaria Campo Experimental Chilecito
1620,Fondo Fiduciario de Capital Social
1621,Unidad Ministro del Ministerio de Seguridad
1622,Dirección del Instituto Nacional de Estudios Estratégicos de la Seguridad
1623,Centro Internacional para la Promoción de los Derechos Humanos
1624,Dirección de Promoción
1627,Unidad Ejecutora de la Obra de Soterramiento del Corredor Ferroviario Caballito - Moreno de la Línea Sarmiento
1628,"Subsecretaría de Investigación, Desarrollo  y Producción para la Defensa"
1629,"Secretaría de Ciencia, Tecnología y Producción"
1630,Unidad de Reestructuración de Deuda
1631,Unidad Ejecutora de Préstamos Internacionales
1632,Estación Experimental Agropecuaria Ingeniero Juárez
1633,Centro Regional Tucumán Santiago del Estero
1634,Instituto Pequeña Agricultura Familiar de Cuyo
1635,Secretaría Ejecutica del Consejo de Seguridad Interior
1636,Subsecretaría de Planificación Estratégica
1637,"Coordinación General del Plan Nacional Argentina Conectada,"
1638,Secretaría de Asuntos Relativos a las Islas Malvinas e Islas del Atlántico Sur
1639,Subsecretaría del Sistema Federal de Manejo del Fuego.
1641,Secretaría de Coordinación Militar de Asistencia en Emergencias
1643,Museo Nacional de Bellas Artes
1644,Direccion Nacional de Industrias Culturales
1645,Dirección de Prestaciones Asistenciales
1646,Cámara Nacional de Casación en lo Criminal y Correccional de la Capital Federal
1647,Cámara Federal de Casación en lo Contencioso Administrativo Federal
1648,Cámara Federal y Nacional de Casación del Trabajo y la Seguridad Social
1649,Cámara Federal y Nacional de Casación en lo Civil y Comercial
1650,Subsecretaría de Lucha contra el Narcotráfico
1651,Dirección Nacional de Preinversión Municipal
1652,Dirección Nacional de Fondos Fiduciarios
1654,Secretaría de Salud Comunitaria
1655,"Subsecretaría de Medicina Comunitaria, Maternidad e Infancia"
1656,Dirección de Patrimonio e Infraestructura
1657,Estación Experimental Agropecuaria Misiones
1658,Instituto  de Ingenieria Rural
1659,Instituto  de Tecnología de Alimentos
1660,Centro de Investigación en Agroindustrias
1661,Unidad de Coordinación del Programa de Modernización Integral del AGN-UCPMIAGN
1662,Dirección General de Administración de la ANMAT
1663,Dirección Nacional de Productos Médicos
1665,Secretaria de Agricultura Familiar
1666,Dirección Regional Comahue
1667,Dirección Regional Cuyo Centro
1668,Dirección Regional Norte
1669,Dirección de Capacitación Fiscal Estratégica
1670,Registro Nacional de Trabajadores y Empleadores Agrarios
1671,Secretaría de Desarrollo Rural
1672,Subsecretaría de Promoción del Sector Social de la Economía
1674,Instituto Nacional de la Música
1675,Comision de Planificacion y Coordinacion Estrategica del Plan Nacional de Telecomuncaciones 'Argentina Conectada'
1676,Comision de Planificacion y Coordinacion Estrategica del Plan Nacional 'Igualdad Cultural'
1682,Ministerio de Cultura
1683,Unidad Ejecutora de Préstamos
1685,Unidad Ejecutora del Programa Namuncurá
1686,Estación Experimental Agropecuaria Famailla
1687,Dirección de Servicios y Mantenimiento
1688,Cámara Nacional de Apelaciones en las Relaciones de Consumo
1689,Dirección General de Material
1690,Dirección General de Líneas Aéreas del Estado
1691,Servicio Meteorológico Nacional
1692,Dirección General del Material de la Armada
1693,Dirección General de Inteligencia de la Armada
1694,Dirección General de Investigación y Desarrollo de la Amada
1695,Dirección General de Educación de la Armada
1696,Comando de Adiestramiento y Alistamiento de la Armada
1697,Servicio Meteorológico Nacional
1698,Dirección de Asuntos Culturales
1699,Instituto de Microbiología y Zoología Agrícola de Castelar
1700,Subsecretaría del Servicio Logístico de la Defensa
1701,Instituto Universitario Nacional de Derechos Humanos 'Madres de Plaza de Mayo'
1702,Subsecretaría de Responsabilidad Social
1703,Dirección Nacional de Medicina Comunitaria
1704,Instituto de Investigación Animal del Chaco Semiárido
1706,Instituto Pequeña Agricultura Familiar (IPAF Patagónico)
1707,Secretaria de Gestión Cultural
1708,Secretaria de Politicas Socioculturales
1709,Dirección Nacional de Acción Federal
1710,Dirección Nacional de Participación y Organización Popular
1711,Subsecretaria de Promoción de Derechos Culturales y Participación Popular
1712,Secretaria de Coordinación Estratégica para el Pensamiento Nacional
1713,Dirección Nacional de Planificación y Articulación
1714,Secretaría General de Capacitación y Jurisprudencia
1715,Intendencia del Parque Nacional Patagonia
1717,Gerencia de Servicios Complementarios del Centro Nacional de Investigaciones Agropecuarias
1719,Comando Aeroespacial
1720,"Secretaría de Ciencia, Técnica y Producción para la Defensa"
1721,Subsecretaría de Formación
1722,Unidad Ejecutora de la Donación BIRF TF 014897
1724,Intendencia Parque Nacional El Impenetrable
1726,Dirección Nacional de Fortalecimiento y Ampliación de Derechos Educativos
1727,Coordinación General de Estudios de Costos del Sistema Educativo
1728,Coordinación del Programa de Formación y Capacitación para el Sector Educación - PROFOR
1729,Junta de Investigación de Accidentes de Aviación Civil
1730,Dirección Nacional de Control de Gestión y Desarrollo
1731,Dirección Nacional de Investigación de Accidentes
1733,Bosques Nativos y Comunidad BIRF 8493
1734,Subsecretaría de Desarrollo
1735,Dirección Nacional de Empresas con Participación del Estado
1736,Subsecretaría de Coordinación Económica
1737,Subsecretaría de Mejora de la Competitividad
1738,Subsecretaría de Asuntos Electorales
1739,Coordinación del Préstamo BID Nº 2754 OC-AR
1740,Subsecretaria de Relaciones Financieras Internacionales
1750,Instituto de Patobiología de Castelar
1752,Centro Regional Salta - Jujuy
1753,Centro de Investigaciones Agropecuarias Córdoba (CIAP Córdoba)
1754,Intendencia Parques Nacional Islas de Santa Fe
1755,Cámara Federal Comandante Piedra Buena
1757,EEA.Ing. Juárez
1758,Dirección General de Investigaciones y Apoyo Tecnológico a la Investigación Penal
1759,Comisión Bicameral de Monitoreo e Implementación del Nuevo Código Procesal Penal de la Nación
1761,Instituto Argentino del Transporte (IAT)
1763,Unidad Ejecutora BIRF 8062-AR y 8516-AR
1764,Unidad Ejecutora Central  BIRF 7993-AR
1765,Comisión Bicameral Especial Investigadora de Instrumentos Bancarios y Financieros
1766,Dirección de Gestión Tecnológica
1767,Coordinación General para la Gestión Integral de Residuos Sólidos Urbanos
1771,Secretaría General de la Presidencia de la Nación
1772,Secretaría Legal y Técnica
1773,Agencia Federal de Inteligencia
1774,Secretaría de Programación para la Prevención de la Drogadicción y la Lucha contra el Narcotráfico
1775,Consejo Nacional de Coordinación de Políticas Sociales
1776,Jefatura de Gabinete de Ministros
1777,Ministerio de Modernización
1778,"Ministerio del Interior, Obras Públicas y Vivienda"
1779,Ministerio de Relaciones Exteriores y Culto
1780,Ministerio de Justicia y Derechos Humanos
1781,Servicio Penitenciario Federal
1782,Ente de Cooperación Técnica y Financiera del Servicio Penitenciario Federal
1783,Ministerio de Seguridad Nacional
1785,Gendarmería Nacional
1786,Prefectura Naval Argentina
1787,Policía de Seguridad Aeroportuaria
1788,Ministerio de Defensa
1789,Instituto de Investigaciones Científicas y Técnicas para la Defensa
1790,Subsecretaría del Servicio Logístico de la Defensa
1795,Instituto Nacional de Estadística y Censos
1797,Ministerio de Producción
1798,Comisión Nacional de Comercio Exterior
1799,Ministerio de Agroindustria
1801,Ministerio de Transporte
1803,Ministerio de Comunicaciones
1804,Ministerio de Educación y Deportes
1806,Ministerio de Cultura
1807,"Ministerio de Trabajo, Empleo y Seguridad Social"
1808,Ministerio de Salud
1809,Ministerio de Medio Ambiente y Desarrollo Sustentable
1810,SAF Apoyo - Autoridad Cuenca Matanza Riachuelo
1811,Ministerio de Desarrollo Social
1814,Ente Nacional de Comunicaciones
1818,"Secretaría de Promoción, Programas Sanitarios y Salud Comunitaria"
1819,Secretaría de Relaciones Nacionales e Internacionales
1820,Subsecretaría de Atención Primaria de la Salud
1821,Subsecretaría de Coordinación Administrativa
1822,"Subsecretaría de Políticas, Regulación y Fiscalización"
1823,Subsecretaría de Prevención y Control de Riesgos
1824,Subsecretaría de Relaciones Institucionales
1825,Subsecretaría de Gestión de Servicios Asistenciales
1826,Agencia Nacional de Laboratorios Públicos
1827,Subsecretaría de Coordinación Administrativa
1828,Secretaría de Planificación del Transporte
1829,Secretaría de Gestión del Transporte
1830,Secretaría de Obras de Transporte
1831,Secretaría de Integración Productiva
1832,Secretaría de Protección Civil y Abordaje Integral de Emergencias y Catástrofes
1834,Secretaría de Promoción de Inversiones
1835,Subsecretaría de Coordinación Administrativa
1836,Subsecretaría de Coordinación de Política Tarifaria
1837,Secretaría de Recursos Hidrocarburíferos
1838,Secretaría de Energía Eléctrica
1839,Secretaría de Planeamiento Energético Estratégico
1840,Comité Directivo del Fondo Fiduciario para el Transporte Eléctrico Federal
1841,Dirección de Obras e Inversion Publicas
1842,Secretaría de Fronteras de la Nación
1843,Secretaría de Transformación Productiva
1844,Secretaría de Industria y Servicios
1845,Subsecretaría de Gestión Productiva
1846,Subsecretaría de Servicios Tecnológicos y Productivos
1847,Secretaría de Emprendedores y de la Pequeña y Mediana Empresa
1848,Subsecretaría de Política y Gestión de la  Pequeña y Mediana Empresa
1849,Subsecretaría de Emprendedores
1850,Subsecretaría de Financiamiento de la Producción
1851,Subsecretaría de Comercio Exterior
1852,Subsecretaría de Comercio Interior
1853,Subsecretaría de Integración de Políticas Productivas
1854,Subsecretaría de Desarrollo Institucional Productivo
1855,Dirección de Captación de las Comunicaciones del Poder Judicial de la Nación
1856,"Subsecretaría de Prevención, Capacitación y asistencia de las Adicciones"
1858,"Subsecretaría de Diseño, Monitoreo y Evaluación de Abordaje territorial relaciones internacionales"
1859,Direccion Nacional de Conservación de Areas Protegidas
1860,Subsecretaría de Coordinación Provincial
1861,Instituto de Virología en Castelar
1862,Sede Central
1867,Secretaría de Asuntos Políticos y Fortalecimiento Institucional
1868,Archivo General de la Nación
1869,Secretaría de Vivienda y Hábitat
1870,Subsecretaría de Obras Públicas
1872,Unidad Plan Belgrano
1873,Sistema federal de Medios y Contenidos Públicos
1875,"Secretaría de Deporte, Educación Física y Recreación"
1877,Secretaría de Gestión Educativa
1878,Subsec. As. Penitenc. y Relac. Poder Judicial y la Com. Académica
1879,Subsecretaría de Asuntos Registrales
1880,Subsecretaría Acceso a la Justicia
1881,Dirección Nacional de Cooperación Internacional Jurídica y en Sistemas Judiciales
1882,Secretaría de Derechos Humanos y Pluralismo Cultural
1883,Archivo Nacional de la Memoria
1884,Subsecretaría de Relaciones Exteriores
1885,Subsecretaría de Asuntos de América Latina y Caribe
1886,Secretaría de Comercio y Relaciones Económicas Internacionales
1887,Subsecretaría de Integración Económica Americana y Mercosur
1888,Subsecretaría de Promoción Comercial y Desarrollo Inversiones
1890,Subsecretaría de Malvinas y Atlántico Sur
1891,Secretaría de Servicios Logísticos para la Defensa y Coordinación Militar en Emergencias
1892,Subsecretaría de Logística Federal
1893,Subsecretaría de Capacitación y Programas de Seguridad
1894,Subsecretaría de Estadística Criminal
1895,Subsecretaría de Desarrollo de Fronteras
1896,"Dirección Nacional del Registro, Análisis Técnico y Control del Uso de Precursores Químicos"
1897,Subsecretaría de Políticas de Desarrollo Productivo
1898,Subsecretaría de Articulación Federal y Sectorial
1899,Subsecretaría de Desarrollo y Planeamiento Productivo
1900,Dirección de Gestión Tecnológica
1904,Subsecretaría de Centros Temáticos y Expresiones Federales
1905,Dirección Nacional de Centros Temáticos
1906,Dirección Nacional de Expresiones Federales
1907,Dirección Nacional de Generación de Contenidos
1908,Subsecretaría de Lucha contra el Narcotráfico
1909,Subsecretaría de Inversiones Turísticas
1910,Delegación Regional Patagonia
1911,Centro de Formación y Capacitación de Areas Protegidas
1912,Delegación Regional NOA
1913,Subsecretaría de Innovación y Tecnología
1914,Subsecretaría de Calidad Turística
1915,"Secretaria de Innovación, Tecnología y Calidad Turística"
1916,Superintendencia de Seguridad y Custodia
1917,Superintendencia de Aviación Federal
1918,Intendencia PN Lihuel Calel
1919,Intendencia PN Marino Costero
1920,Intendencia PN Marino Costero
1921,Intendencia PN Lanin
1922,Intendencia PN Monte León
1923,Intendencia Isla de los Estados
1924,Intendencia de Faro Querandí
1925,Intendencia de Faro Querandí
1926,Secretaría de política Ambiental Cambio Climático y Desarrollo Sustentable
1927,Intendencia PN PreDelta
1928,Delegación técnica NOA
1929,Subsecretaría de Políticas y Estudios Laborales
1930,Dirección Operativa
1931,Dirección de Información Tecnológica y Documentación
1932,Subsecretaría de Tecnología y Ciberseguridad
1933,Secretaría de Empleo Público
1934,Secretaría País Digital
1935,Secretaría de Gestión e Innovación Pública
1936,Secretaría de Modernización Administrativa
1937,Secretaría de Planificación de Transporte
1938,Subsecretaría de Gestión Administrativa del Transporte
1939,Subsecretaría de Transporte Automotor
1940,Subsecretaría de Gestión Municipal
1942,Secretaría Coordinación Interministerial
1943,"Secretaría de Deportes, Educación Física y Recreación"
1944,Subsecretaría de Deportes y Alto Rendimiento
1945,"Subsecretaría de Educación Física, Recreación e Infraestructura"
1946,Subsecretaría de Gestión Educativa y Políticas Socioeducativas
1947,Secretaría de Innovación y Calidad Educativa
1948,Dirección Nacional de Cooperación e Integración Institucional
1949,Subsecretaría de Desarrollo Foresto Industrial
1950,Subsecretaría de Bio Indutria
1951,Subsecretaría de Hábitat y Desarrollo Humano
1952,Secretaría de Mercados Agroindustriales
1953,Subsecretaría de Información y Estadística Pública
1954,Secretaría de Evaluación de la Calidad Educativa
1955,Dirección Nacional de la Biblioteca de Maestros
1956,Secretaría de Innovación y Calidad Educativa
1957,Secretaría de Coordinación y Desarrollo Territorial
1958,Subsecretaría de Desarrollo Territorial
1959,Subsecretaría de Coordinación Institucional
1960,Jefatura de Gabinete
1961,Subsecretaría de Cultura Ciudadana
1962,Subsecretaría de Coordinación Política
1963,Dirección Nacional de Gestión y Programación
1964,Dirección Nacional de Diversidad Cultural y Comunitaria
1966,Secretaría de Patrimonio Cultural
1967,"Comisión Nacional de Monumentos, Lugares y Bienes Históricos"
1968,Dirección Nacional de Museos
1969,Dirección Nacional de Bienes y Sitios Culturales
1970,Instituto Nacional de Antropología y Pensamiento Latinoamericano
1971,Dirección Nacional de Investigación Cultural
1972,Subsecretaría de Economía Creativa
1973,Dirección Nacional de Innovación Cultural
1974,Secretaría de Integración Federal y Cooperación Internacional
1975,Dirección Nacional de Cooperación Internacional
1976,Dirección Nacional de Promoción Exterior de la Cultura
1977,Secretaría de Cultura y Creatividad
1978,Subsecretaría de Alimentos y Bebidas
1979,Secretaría de Agregado de Valor
1980,Dirección Nacional de Prensa y Comunicación
1981,Dirección Nacional de Formación Cultural
1982,Subsecretaría de Cooperación Cultural
1983,Dirección Nacional de Emprendedorismo Cultural
1984,Dirección Nacional de Industrias Creativas
1985,Unidad Ejecutora Central BIRF N° 8508-AR
1986,Unidad Ejecutora Central Cooperación Ítalo-Argentina
1987,Unidad Ejecutora Central Crédito República Popular China
1988,Unidad Ejecutora Central BCIE S/N
1989,Subsecretaría para la Reforma Institucional y Fortalecimiento de la Democracia
1990,Dirección Nacional de Reforma Política
1991,Subsecretaría de Asuntos Políticos
1993,Subsecretaría de Desarrollo Turístico
1994,Sistema Federal de Medios y Contenidos Públicos
1995,"Dir.General Tec, Adm, y Legal"
1996,Secretaría de Contenidos Públicos
1997,Secretaría de Medios Públicos
1998,Dirección de Sensores de Radar
1999,Subsecretaría de Cambio Climático y Desarrollo Sustentable
2001,Secretaria de Trabajo y Dirección Nacional de Relaciones Federales
2002,Dirección Nacional del Sistema Federal de Empleo
2003,Hospital Nacional en Red Especializado en Salud Mental y Adicciones 'Licenciada Laura Bonaparte'
2005,Dirección de Programación Financiera de Programas de Empleo y Capacitación Laboral
2006,Subsecretaría de Ahorro y Eficiencia Energética
2007,Agencia Nacional de Materiales Controlados
2008,Dirección Ejecutiva
2010,Intendencia Parque Nacional El Impenetrable
2011,Coordinación Regional Sur
2012,Intendencia del Parque Nacional Iberá
2013,Dirección Nacional de Control de Tránsito Aéreo
2014,"Ministro del Interior, Obras Públicas y Vivienda"
2015,Coordinación General DNTyA
2017,Dirección de Control y Asistencia de Ejecución Penal
2018,Secretaría de Acompañamiento y Protección Social
2019,Unidad Coordinadora de Programas y Proyectos con Financiamiento Externo
2020,Ministerio de Finanzas
2021,Subse. de Financiamiento y Serv. Fin
2022,Unidad de Participación Público Privada
2023,Dirección de Informática
2024,Dirección de Vigilancia de Productos para la Salud
2025,Parque Nacional Ciervo de los Pantanos
2026,Parque Nacional Aconquija
2027,Parque Nacional Mar Chiquita
2029,Subsecretaría de Desarrollo Minero
2030,Subsecretaría de Política Minera
2033,Dirección Nacional de Asuntos de Fronteras
2035,"Secretaría de Promoción de la Salud, Prevención y Control de Riesgos"
2037,Dirección Nacional de Maternidad e Infancia y Adolescencia
2039,Dirección de Promoción de la Salud y Control de Enfermedades no Transmisibles
2042,Dirección General de Relaciones Institucionales
2045,Dirección Sanidad Conjunta
2046,Jefatura VII-Investigación y Desarrollo
2047,Dirección General de Inteligencia Criminal e Investigaciones
2048,Dirección de Fronteras y Asuntos Internacionales
2049,Dirección Antidrogas
2050,Dirección de Investigación Criminal
2051,Dirección de Aviación
2052,Dirección de Criminalística y Estudios Forenses
2053,Dirección Nacional de Gestión Integral de Residuos (DNGIR)
2054,Dirección Nacional de Seguridad en Espectáculos Futbolísticos
2056,Unidad Ejecutora BIRF 8516-AR
2057,"Dirección del Centro de Investigación en Ciencias Políticas, Económicas y Sociales"
2058,"Agencias de Extensión Rural, Oficinas de Información Técnica y Unidades de Extensión Rural"
2059,Superintendencia de Institutos Policiales
2060,Superintendencia Federal de Orden Público
2061,Superintendencia de Seguridad de Estado y Protección del Sistema Republicano
2063,Asistencia y Coordinación de Políticas Sociales
2064,Dirección Nacional
2066,Direccion del Centro de Investigación y Desarrollo Tecnológico para la Agricultura Familiar
2072,"Dirección Nacional Asistentes de Sistemas de Información, Comunicación y Calidad"
2073,Dirección Nacional Asistente de Relaciones Institucionales
2074,Estaciones Experimentales Agropecuarias Área Metropolitana de Buenos Aires
2079,Secretaría de Planificación Estratégica
2081,Dirección General de Movimiento Migratorio
2082,Paso Fronterizo Aguas Blancas
2083,Departamento de Servicios
2084,Dirección de Control Terrestre
2086,Secretaría de Coordinación Interjurisdiccional
2087,Bosques Nativos y Comunidad (BIRF 8493)
2088,Subsecretaría de Estrategias de Tratamiento y Prevención
2089,Subsecretaría de Abordaje Integral
2091,Subsecretaría de Ciberdefensa
2093,Agencia Nacional de Materiales Controlados
2095,Secretaría de Gestión de Transporte
2096,"Dirección Nacional de Administración, Asuntos Jurídicos y Modernización"
2097,Comisión Bicameral Permanente de Seguimiento y Control del Ministerio Público de la Nación
2098,Comisión Bicameral para la Reforma Tributaria
2099,Unidad Ejecutora Central BID 2788 OC-AR y 3772/OC-AR
2101,Secretaria de Agricultura Familiar Coordinación y Desarrollo Territorial
2102,Subsecretaría de Primera Infancia
2103,Dirección General de Aviación Federal
2104,Subsecretaría de Escenarios y Evaluación de Proyectos
2105,Dirección Nacional de Pre-Inversión
2107,Dirección General de Ingeniería
2108,Dirección de Obligaciones a Cargo del Tesoro
2109,Unidad Ejecutora y Coordinadora Nacional (UCEN - SH)
2110,Instituto Conjunto de Conducción Estratégica ¿ ICCE
2112,Secretaría Tecnologías de la Información y las Comunicaciones
2113,Dirección de Ingenieros
2116,Dirección Nacional de Asuntos Provinciales
2117,"Subsecretaría Parque Tecnópolis del Bicentenario, Ciencia Tecnología, Cultura y Arte"
2118,Dirección Nacional Casas de Contenidos Federales
2119,Dirección de Control Terrestre
2120,Agencia Nacional de Discapacidad
2121,Instituto Nacional de las Mujeres
2122,Dirección de la Estación Experimental Agropecuaria Delta del Paraná
2123,"Comisión Bicameral del Defensor de los Derechos de las Niñas, Niños y Adolescentes."
2124,Dirección General de Cooperación y Financiamiento Internacional
2125,Subsecretaría de Coordinación Administrativa
2126,Agencia de Acceso a la Información Pública
2127,Secretaría de Coordinación y Planificación Exterior
2128,Subsecretaría de Relaciones Institucionales y Diplomáticas Públicas
2129,"Subsecretaría de Malvinas, Antártida y Atlántico Sur"
2130,Secretaría de Relaciones Económicas Internacionales
2131,Secretaría de Relaciones Exteriores
2132,Subsecretaría de Estrategia Comercial y Promoción Económica
2133,Secretaría de Alimentos y Bioeconomía
2135,Ministerio de Ambiente y Desarrollo Sustentable
2136,Secretaría de Simplificación Productiva
2137,Gerencia Área Investigación y Aplicaciones No Nucleares
2138,Gerencia de Administración y Finanzas
2139,Oficina de Presupuesto del Congreso
2140,"Comisión de Supervisión Parlamentaria del Sist Nac de Preven de Tortura y Otros Tratos o Penas Crueles, Inhumanas o Degradantes"
2141,"Defensoría de los Derechos de las Niñas, Niños y Adolescentes"
2143,Secretaría de Políticas Integrales sobre Drogas de la Nación Argentina
2144,Subsecretaría de Estrategias de Tratamiento y Prevención
2145,Subsecretaría de Abordaje Integral
2147,Secretaría de Coberturas y Recursos de Salud
2148,Secretaría de Coordinación de Política Minera
2149,Dirección General de Programas y Proyectos Sectoriales y Especiales
2150,Secretaría de Infraestructura y Política Hídrica
2151,Dirección General de Programas y Proyectos Sectoriales y Especiales
2152,Secretaría de Coordinación de Gestión Cultural
2153,Dirección Nacional de Gestión Patrimonial
2155,Dirección Nacional de Diversidad y Cultura Comunitaria
2156,Dirección Nacional de Economía Creativa
2157,Dirección Nacional de Servicios Basados en el Conocimiento
2158,Secretaría de Coordinación Administrativa
2159,Comisión Bicameral de Seguimiento de Contratos de Participación Público-Privada
2160,"Comisión Bicameral Especial Investigadora sobre la desaparición, búsqueda y operaciones de rescate del submarino ARA San Juan"
2161,Comisión Bicameral de Seguimiento y Control de la Gestión de Contratación y Pago de la Deuda Exterior de la Nación
2162,Subsecretaría de Programación Técnica y Logística
2163,"Subsecretaría de Calidad, Regulación y Fiscalización"
2164,Dirección de Contrataciones
2166,Secretaría de  Ingresos Públicos
2167,Subsecretaría de Política Tributaria
2168,Instituto Nacional de Juventudes
2169,Dirección Nacional de Responsabilidad Social para el Desarrollo Sostenible
2170,Dirección General de Programas y Proyectos Sectoriales y Especiales / Subsecretaría de Coordinación de Obra Pública Federal
2171,Secretaría de Articulación de Política Social
2172,Secretaría de Integración Socio Urbana
2174,Subsecretaría de Compre Argentino y Desarrollo de Proveedores
2175,Dirección Nacional de Competitividad y Financiamiento PYME
2176,Dirección Nacional de Asistencia a Emprendedores y PYME
2177,Dirección Nacional de Capital Emprendedor
2178,Dirección Nacional de Modernización Productiva
2179,Dirección Nacional de Políticas Públicas Productivas
2180,Dirección Nacional de Acuerdos Sectoriales
2181,Secretaría de Cooperación con los Poderes Constitucionales
2182,Unidad de Coordinación General
2183,Subsecretaría de Justicia y Política Criminal
2184,Centro Integral de Género
2189,Secretaría de Gestión Federal
2190,Secretaría de Infraestructura y Política Hídrica / Dirección General de Programas y Proyectos Sectoriales y Especiales
2191,Subsecretaría de Control y Vigilancia de Fronteras
2192,Secretaría de Infraestructura Urbana
2193,Gerencia Proyecto RA- 10
2195,Gerencia de Liquidaciones de Entidades Controladas
2196,Gerencia de Asuntos Institucionales y Relaciones Internacionales
2197,Secretaría de Infraestructura Urbana / Dirección General de Programas y Proyectos Sectoriales y Especiales
2198,Dirección Nacional de Inspecciones de Navegaciones Aereas
2199,Subsecretaría de Recursos Hidrocarburíferos
2200,Secretaría de Asuntos Políticos e Institucionales
2202,Dirección Nacional para la Inclusión de las Personas con Discapacidad
2203,Dirección Nacional de Apoyos y Asignaciones Económicas
2204,Dirección Nacional de Acceso a los Servicios de Salud
2205,Dirección Nacional de Políticas y Regulación de Servicios
2206,Subsecretaría de Coberturas Públicas Sanitarias
2207,Subsecretaría de Promoción de la Salud y Prevención de la Enfermedad
2208,Subsecretaría de Prevención y Control de Enfermedades Comunes E Inmunoprevenibles
2209,Secretaría de Planificación Territorial y Coordinación de Obra Pública
2213,Secretaría de Planificación Territorial y Coordinación de Obra Pública/Dirección General de Prog y Proy Sect y Esp
2229,Centro Nacional de Investigaciones Agropecuarias
2231,Directorio y Áreas de Apoyo
2232,Gerencia de Planeamiento y Servicios Culturales / Gerencia de Comunicación y Relaciones Institucionales.
2235,Dirección de Desarrollo Territorial
2241,Dirección Nacional de Formación Inicial
2242,Dirección Nacional de Fortalecimiento Educativo Territorial
2244,Dirección Nacional de Formación Continua
2246,Dirección Nacional de Becas Educativas
2249,Dirección Nacional de Gestión y Desarrollo Institucional
2250,Dirección Nacional de Sistemas de Protección
2251,Secretaría de Regulación y Gestión Sanitaria
2252,Subsecretaría de Gestión de Servicios e Institutos
2253,Dirección Nacional de Promocioón de la Salud y Control de Enfermedades Cronicas no Transmisibles
2254,Comisión Bicameral Administradora del Edificio del Molino
2255,Dirección Nacional de Investigaciones
2256,Subsecretaría de Prevención del Delito y la Violencia
2257,Secretaría de Protección Civil
2258,Subsecretaría de Formación y Carrera del Personal de las Fuerzas Policiales y de Seguridad
2259,Secretaría de Gestión Presupuestaria y Control
2260,Subsecretaría de Investigación Científica y Política Industrial para la Defensa
2261,Unidad de Coordinación General
2262,"Secretaría de Investigación, Política Industrial y Producción para la Defensa"
2263,Dirección Nacional de Derechos Humanos y de Derecho Internacional Humanitario
2264,Dirección General de Inteligencia
2265,Dirección General de Planeamiento Estratégico Militar
2266,Comando Conjunto de Operaciones
2267,Dirección General de Asuntos Internacionales
2268,"Dirección General de Educación, Adiestramiento y Doctrina"
2269,"Dirección General de Planificación, Investigación y Desarrollo"
2270,Secretaría de Política Económica
2271,Dirección de Evaluación Presupuestaria Salarial
2273,Subsecretaría de Relaciones Municipales
2274,Secretaria de Provincias y Municipios
2275,"Subsecretaría de Puertos, Vías Navegables y Marina Mercante"
2276,Secretaria de Vivienda
2277,Dirección Nacional de Mediación y Métodos Participativos de Resolución de Conflictos
2278,Subsecretaría de Gestión Operativa
2279,Comisión Bicameral de fiscalización de los órganos y actividades de Seguridad Interior
2280,Subsecretaría de Políticas de Seguridad e Intervención Federal
2283,Dirección General de Seguridad Operacional Aeroespacial Militar
2284,Secretaría de Vivienda/ Dirección General de Programas y Proyectos Sectoriales y Especiales
2285,Secretaría de Política Minera
2286,Dirección de Programas y Proyectos Especiales con Enfoque Sectorial Amplio
2287,Vicepresidencia Administración de Parques Nacionales
2288,Secretaría de Gobierno de Turismo
2289,Secretaría de Gobierno de Modernización
2291,Secretaría de Gobierno de Trabajo y Empleo
2292,Secretaría de Gobierno de Agroindustria
2293,Secretaría de Gobierno de Cultura
2294,"Secretaría de Gobierno de Ciencia, Tecnología e Innovación Productiva"
2295,Secretaría de Gobierno de Salud
2296,Secretaría de Gobierno de Ambiente
2297,Subsecretaría Interjurisdiccional e Interinstitucional
2298,Comité Nacional para la Prevención de la Tortura (Ley 26.827)
2299,"Secretaría de Coordinación, Formación y Carrera"
2300,Subsecretaría de Programas de Seguridad Federales
2301,Secretaría de Finanzas
2302,Secretaria de Gobierno del Sistema Federal de Medios y Contenidos Públicos
2303,Secretaría de Coordinación de Política Energética
2304,Subsecretaría de Participación Público Privada
2305,Comisión Consultiva del Área Metropolitana de Buenos Aires
2306,"Parque Tecnópolis del Bicentenario, Ciencia, Tecnología, Cultura y Arte"
2307,Casas de Contenidos Federales
2308,Secretaría de Comunicación Pública
2309,Unidad Especial Temporaria Argentina 2030: Ideas para el Futuro
2310,Secretaría de Deportes
2312,Ministerio de Producción y Trabajo
2313,Dirección Nacional de Cooperación Internacional
2314,Dirección Nacional de Operaciones de la APN
2315,Instituto de Genética
2316,Dirección Nacional de Infraestructura
2317,Dirección de Programas y Proyectos Sectoriales Especiales
2318,Dirección Nacional de Formación
2319,Agencia de Deporte Nacional
2320,Secretaría de Comercio Exterior
2321,Secr de Comercio Interior
2322,Dirección Nacional de Competitividad y Financiamiento de Pyme
2323,Dirección Nacional de Asistencia a Emprendedores y Pyme
2324,Dirección Nacional de Servicios Basados en el Conocimiento
2325,Comisión Nacional de Bibliotecas Populares
2326,Secretaría de Recursos No Renovables y Mercado de los Combustibles
2327,Secretaría de Recursos Renovables y Mercado Eléctrico
2328,Subsecretaría de Mercado Eléctrico
2329,Subsecretaría de Energías Renovables y Eficiencia Energética
2330,Unidad Coordinadora de Préstamos
2332,Secretaría de Empleo Público
2333,Subsecretaría País Digital
2334,Secretaría de Gobierno Digital e Innovación Tecnológica
2335,Secretaría de Modernización Administrativa
2336,Secretaría de Tecnologías de la Información y las Comunicaciones
2337,Comando de Aviación de Ejército
2341,Subsecretaría de Hidrocarburos y Combustibles
2342,Secretaría de Política Ambientalen Recursos Naturales
2343,Secretaría de Política Ambiental en Recursos Naturales
2348,Unidad Ministro
2357,Dirección Ejecutiva
2362,Dirección Nacional de Desarrollo y Promoción Cooperativo y Mutual
2363,Dirección de Normas y del Registro Nacional de Cooperativas y Mutuales
2364,Dirección Nacional de Cumplimiento y Fiscalización de Cooperativas y Mutuales
2365,Dirección Nacional de Evaluación y Monitoreo Accidentológico
2367,Ministerio del Interior
2368,"Ministerio de Relaciones Exteriores, Comercio Internacional y Culto"
2369,Ministerio de Economía
2370,Ministerio de Desarrollo Productivo
2371,Ministerio de Obras Públicas
2372,"Ministerio de Mujeres, Géneros y Diversidad"
2373,Ministerio de Educación
2374,"Ministerio de Ciencia, Tecnología e Innovación"
2375,Ministerio de Ambiente y Desarrollo Sostenible
2376,Ministerio de Turismo y Deporte
2377,Ministerio de Desarrollo Territorial y Hábitat
2378,Secretaria de Asuntos Estrategicos
2379,Secretaría de Medios y Comunicación Pública
2383,Unidad Gabinete de Asesores
2384,Subsecretaría de Asuntos Legales e Institucionales
2385,"Secretaría de Coordinación, Bienestar, Control y Transparencia Institucional"
2386,Secretaría de Gestión Administrativa
2387,Subsecretaría de Gestión Educativa y Calidad
2391,Secretaría de Innovación Pública
2392,Administración de Parques Nacionales
2393,Subsecretaría Administrativa de Energía
2394,Secretaría de Gestión y Empleo Público
2395,Secretaría de Desarrollo Cultural
2396,Secretaría de Política Ambiental en RRNN
2397,Secretaria de Articulación Interjurisdiccional
2398,Dirección Nacional de Organismos Estables
2399,Secretaría de Política Tributaria
2400,Unidad Ministro del Ministerio de Relaciones Exteriores y Culto
2401,"Secretaría de Malvinas, Antártida y Atlántico Sur"
2402,Dirección de Asuntos Culturales
2403,Dirección Nacional del Antártico
2404,Subsecretaría de Promoción del Comercio e Inversiones
2405,Subsecretaría de Educación Social y Cultural
2406,Secretaría de Coordinación Militar en Emergencias
2407,Subsecretaría de Planeamiento Operativo y Servicio Logísitico de la Defensa
2408,Secretaría de Asuntos Políticos
2409,Dirección Nacional Electoral
2410,Dirección Nacional de Relaciones con la Comunidad
2411,Dirección Nacional de Reforma  Política
2412,Instituto Nacional de Capacitación Política
2413,Secretaría de Municipios
2414,Secretaría de Provincias
2415,Subsecretaría de Relaciones con las Provincias y Participación Ciudadana
2416,Secretaría de Interior
2417,Dirección Nacional de Asuntos Técnicos de Frontera
2418,Secretaría de la Pequeña y Mediana Empresa y los Emprendedores
2419,Secretaría de Políticas contra la Violencia por Razones de Género
2420,Secretaría de Políticas de Igualdad y Diversidad
2421,"Subsecretaría de Formación, Investigación y Políticas Culturales para la Igualdad"
2422,"Secretaría de Industria, Economía del  Conocimiento y Gestión Comercial Externa"
2423,Dirección Nacional Estadística Criminal
2424,Dirección Nacional de Logística y Equipamiento Federal
2425,Subsecretaría de Control y Transparencia Institucional
2426,"Subsecretaría de Derechos, Bienestar y Género"
2427,Secretaría de Articulación Federal de la Seguridad
2428,Subsecretaría de Programación Federal y Articulación Legislativa
2429,Subsecretaría de Gestión del Riesgo y Protección Civil
2430,Secretaría de Seguridad y Política Criminal
2431,Subsecretaría de Investigación Criminal y Cooperación Judicial
2432,Subsecretaría de Intervención Federal
2433,Dirección Nacional de Cooperación Internacional
2434,Dirección Nacional de Servicios Geográficos
2435,Dirección Nacional de Producción Cartográfica
2436,"Dirección de Planificación, Investigación y Desarrollo"
2438,Desarrollo del Turismo Nacional
2439,Secretaría de Promocion
2440,Subsecretaría de Promocion y Nuevos Productos
2441,"Subsecretaría de Calidad, Accesibilidad y Sustentabilidad"
2443,Subsecretaría de Infraestructura Deportiva
2444,Subsecretaría de Desarrollo Actividades Deportivas
2445,Secretaria de Deportes
2448,Dirección Nacional de Prestaciones Turísticas
2449,"Gerencia Ejecutiva, Relaciones Institucionales, Comunicación y Política"
2450,Gerencia Ejecutiva de Proyectos y Obras
2451,Gerencia Ejecutiva de Planeamiento y Concesiones
2452,Gerencia Ejecutiva de Operación y Mantenimiento
2453,Departamento Misiones al Exterior
2454,Dirección General de Prensa y Ceremonial
2455,Subsecretaría de Energía Eléctrica
2456,Subsecretaría  de Hidrocarburos
2457,"Secretaría de Cambio Climático, Desarrollo Sostenible e Innovación"
2459,Dirección Nacional de los Registros Nacionales de la Propiedad del Automotor y de Créditos Prendarios
2461,Dirección General del Registro de la Propiedad Inmueble
2462,Dirección Nacional del Registro de Tierras Rurales
2463,Secretaria de Control y Monitoreo Ambiental
2464,Subsecretaria de Participación y Democratización Educativa
2465,Secretaria de Evaluación e Información Educativa
2466,Subsecretaria de Gobierno Abierto y Pais Digital
2467,Subsecretaria de Innovación Administrativa
2468,Subsecretaría de Tecnologías de la Información y las Comunicaciones
2469,Dirección de Articulación y Contenidos Audiovisuales
2470,"Subsecretaría de Federalización de la Ciencia, Tecnología e Innovación"
2471,Subsecretaría de Evaluación Institucional
2472,Subsecretaría de Coordinación Institucional
2473,Subsecretaría de Estudios y Prospectivas
2474,"Subsecretaría de Políticas en Ciencia, Tecnología e Innovación"
2475,Dirección Nacional de Proyectos Estratégicos
2476,Subsecretaría de Gestión Administrativa
2477,Secretaría de Desarrollo Territorial
2478,Secretaría de Hábitat
2479,Secretaría de Integración Socio-Urbana
2481,Instituto Nacional de Productos Médicos
2482,Dirección de Evaluación y Gestión de Monitoreo de Productos para la Salud
2483,Oficina Nacional de Contrataciones
2484,Junta de Seguridad en el Transporte
2485,Secretaría General de Justicia y Derechos Humanos
2486,Subsecretaria de Cooperación Internacional
2487,Secretaria de Cooperación Educativa y Acciones Prioritarias
2488,Subsecretaria de Gestión Administrativa
2489,Subsecretaria de Gestión Administrativa de Innovación Publica
2490,Instituto Nacional de Enfermedades Tropicales (INMET)
2491,"Secretaría de Alimentos, Bioeconomía y Desarrollo Regional"
2492,"Secretaría de Agricultura Familiar, Campesina e Indígena"
2493,Subsecretaría de Agricultura Familiar y Desarrollo Territorial
2494,Dirección Nacional de Control Comercial Agropecuario
2495,Dirección de Políticas de Mercados
2496,"Subsecretaría de Planificación, Estudios y Estadísticas"
2497,Secretaría de Empleo
2498,Secretaria de Seguridad  Social
2499,Subsecretaría de Articulación Territorial
2500,Secretaría de Inclusión Social
2501,Dirección General de Información Social Estratégica
2503,Secretaria de Gestión Administrativa
2504,"Subsecretaría de Puertos, Vías Navegables y Marina Mercante"
2505,Dirección de Articulación Federal y Relaciones Intersectoriales
2506,Dirección de Refugios y Hogares de Protección Integral
2507,Dirección de la Línea 144
2508,Dirección Nacional de Gestión de Servicios Asistenciales
2509,Secretaría de Equidad en Salud
2510,Dirección Nacional de Innovación de la Gestión en Salud
2511,Dirección Nacional de Abordaje por Curso de Vida
2512,"Dirección Nacional de Medicamentos, Insumos y Tecnologías"
2513,Secretaría de Acceso a la Salud
2514,Dirección Nacional de Epidemiología e Información Estratégica
2515,Secretaría de Abordaje Integral
2516,Subsecretaría de Mercados Agropecuarios
2517,Unidad Gabinete de Asesores
2518,Dirección Nacional de Recursos Físicos
2519,Dirección de Redes Integradas de Servicios de Salud
2520,Dirección Gneral de Prensa y Comunicación
2522,Dirección de Géneros y Diversidad
2523,Dirección Nacional de Talento Humano y Conocimiento
2524,Dirección Nacional de Control de Enfermedades Transmisibles
2525,"Dirección Nacional de Economía, Igualdad y Género"
2527,Direccion General de Proyectos con Financiamiento Externo
2528,Secretaría de Calidad en Salud
2529,"Subsecretaría de Calidad, Regulación y Fiscalización"
2530,Dirección General de Programas y Proyectos Sectoriales y Especiales.
2531,Unidad de Ministro del Ministerio de Cultura
2532,Unidad Ejecutora del Soterramiento del Ferrocarril Sarmiento
2533,"Subsecretaria de Planeamiento, Prospectiva e Innovación"
2534,Secretaría General del Consejo Federal de Educacion
2535,"Agencia Nacional de Promoción de la Investigación, el Desarrollo Tecnológico y la"
2536,Subsecretaría de Articulación Federal
2537,Subsecretaría de Integración de los Sistemas
2538,Subsecretaría de Estrategias Sanitarias
2539,Subsecretaría de Medicamentos e Información Estratégica
2540,Dirección Nacional de Salud Comunitaria
2541,Dirección Nacional de Relaciones Institucionales
2542,Dirección de Control de Enfermedades Inmunoprevenibles
2543,"Dirección Nacional de Habilitación, Fiscalización y Sanidad de Fronteras"
2544,Dirección Nacional de Abordaje Integral de Enfermedades No Transmisibles
2545,Dirección Nacional de Salud Sexual y Reproductiva
2546,Secretaria  Comunicacion y Prensa
2548,Subsecretaría de Formación y Carrera
2549,Dirección de Gestión Digital e Información Tecnológica
2550,Dirección de Ejecución de Préstamos Internacionales
2551,Comisión Nacional de Actividades Espaciales
2552,Dirección General de Infraestructura Judicial
2553,Subsecretaría de Ganadería y Producción Animal
2554,"Agencia Nacional de Promoción de la Investigación, el Desarrollo  Tecnológico y la Innovación"
2555,Dirección General de Infraestructura y Servicios
2556,Coordinación de Programas y Proyectos Especiales con Financiamiento Externo
2557,Dirección General de Organización y Doctrina (DGOD)
2558,Instituto de Ciberdefensa de las Fuerzas Armadas
2559,Comando Conjunto Marítimo
2560,Dirección Nacional de Uso Publico
2561,Dirección Nacional de Conservación de Areas Protegidas
2562,Dirección Regional Patagonia Norte
2563,Dirección Regional Patagonia Austral
2564,Dirección Regional Centro
2565,Dirección Regional NOA
2566,Dirección Regional NEA
2568,Subsecretaría de Politicas para el Desarrollo con Equidad
2570,Dirección Nacional de Investigación de Sucesos Aeronáuticos
2571,Dirección Nacional de Investigación de Sucesos Automotores
2572,Dirección Nacional de Investigación de Sucesos Ferroviarios
2573,"Dirección Nacional de Investigación de Sucesos Marítimos, Fluviales y Lacustres"
2574,Subsecretaria de Gestión de Espacios y Proyectos Especiales
2575,Dirección de Delegaciones
2576,Unidad Ejecutora Especial Temporaria “Promover Turismo Federal y Sostenible'
2577,Dirección General de Tecnologías de la Información y Telecomunicaciones
2578,Instituto Nacional de la Administración Pública
2580,Dirección de Comunicación Institucional y Prensa
2581,Unidad Ejecutora Especial Temporaria Argentina Futura
2582,Estación Experimental Agropecuaria Área Metropolitana Buenos Aires
2583,Centro de Investigaciones en Ciencias Veterinarias y Agronómicas
2584,Instituto de Clima y Agua
2585,Dirección de Lucha contra Incedios Forestales y Emergencias
2589,Dirección General de Administración
2591,Dirección de Informática
2593,Secretaría  de Asuntos Económicos y Financieros Internacionales
2595,Subsecretaría de Coordinación Institucional de Energía
2596,Dirección de Programas y Proyectos Sectoriales y Especiales
2597,Secretaría de Coordinación Presupuestaria y Planificación del Desarrollo
2599,Subsecretaría de Servicios y País Digital
2600,Subsecretaría de Telecomunicaciones y Conectividad
2601,Subsecretaría de Gestión de Servicios e Institutos
2602,Dirección de Estadísticas Públicas y Relaciones Institucionales
2603,Dirección de Estudios y Desarrollos Vitivinícolas
2604,Intendencia del P.N. Los Arrayanes
2605,Intendencia P.N. Ciervo de los Pantanos
2606,Intendencia P.N. Aconquija
2607,Intendencia P.N. Traslasierra
2608,Dirección Nacional de Áreas Marinas Protegidas
2609,Intendencia del P.N. Nahuel Huapi
2610,Subsecretaría de Fortalecimiento de las Familias y su Inclusión Comunitaria
2611,Agencia Argentina de Cooperación Internacional y Asistencia Humanitaria - Cascos Blancos
2612,Subsecretaría de Negociaciones Económicas Multilaterales y Bilaterales
2613,Subsecretaría del Mercosur y Negociaciones Económicas Interncionales
2614,Subsecretaría de Empleo Público
2615,Unidad de Coordinacion del Programa Conectar Igualdad
2616,Unidad Ejecutora Especial Temporaria Norte Grande para la Equidad Social
2617,"Dirección General Técnica, Administrativa y Legal"
2619,Subsecretaría de Tecnologías de la Información
2620,Unidad Ejecutora Especial Temporaria Articulación Social del Area Metropolitana de Buenos Aires
2621,Unidad Especial de Coordinación de Financiamiento
2622,Secretaría de Planificación del Desarrollo y la Competitividad Federal
2623,Secretaría de Coordinación Legal y Administrativa
2624,Subsecretaría de Coordinación Presupuestaria
2625,Unidad Ejecutora Especial Temporaria El Estado en tu Barrio
2626,Secretaría de Industria y Desarrollo Productivo
2627,Secretaría de Economía del Conocimiento
2628,Secretaría de Relaciones con la Sociedad Civil y Desarrollo Comunitario
2629,Subsecretaría de Relaciones Financieras Internacionales para el Desarrollo
2630,Subsecretaría de Coordinación Fiscal Provincial
2631,Dirección General de Proyectos con Financiamiento Externo y Cooperación Internacional
2632,Ente Nacional de Control y Gestión de la Via Navegable
2633,Instituto de Suelos
2634,Dirección de Desarrollo de Asuntos Indigenas
2640,Comando Conjunto de Ciberdefensa
2652,Secretaria de Educación
2653,Ministerio de Justicia
2654,Ministerio de Infraestructura
2655,Subsecretaria de Protección Contra la Violencia de Género
2656,"Secretaría de Trabajo, Empleo y Seguridad Social"
2657,"Secretaría de Innovación, Ciencia y Tecnología"
2659,"Subsecretaria de Gestión Administrativa de Niñez, Adolescencia y Familia"
2660,Subsecretaria de Políticas Sociales
2661,Secretaria de Acceso y Equidad de la Salud
2662,Subsecretaría de Vocería y Comunicación de Gobierno
2663,Secretaría de Prensa
2664,"Gerencia Ejecutiva de Relaciones Institucionales, Comunicación y Política"
2666,Secretaria de Hacienda
2667,Direccion de Obligaciones a Cargo del Tesoro
2668,Secretaría de Bioeconomía
2669,Secretaría de Planeamiento y Gestión para el Desarrollo Productivo y de la Bioeconomía
2670,Secretaría de Industria y Comercio
2671,"Secretaría de la Pequeña y Mediana Empresa, Emprendedores y Economía del Conocimiento"
2672,Dirección General Técnica Administrativa
2675,"Subsecretaría de Promoción de las Exportaciones, las Inversiones, la Educación, la Ciencia y la Cultura"
2677,Subsecretaría de Innovación
2678,Subsecretaría de Transición y Planeamiento Energético
2679,Subsecretaría de Negociaciones Económicas Internacionales e Integración
2682,Subsecretaría de Gestión Administrativa de Infraestructura
2683,"Secretaría de Desarrollo Territorial, Hábitat y Vivienda"
2684,Secretaría de Concesiones
2685,Subsecretaría de Transporte Aéreo
2686,Subsecretaría de Integración Socio Urbana
2687,DN Formación y Desarrollo Profesional
2688,Secretaría de Coordinación y Administración
2689,Dirección General de Tecnología de la Información
2690,Subsecretaría Asuntos Penitenciarios
2691,Subsecretaría de Intervención Federal
2692,Subsecretaría de Despliegue Territorial
2693,Dirección de Seguridad en Eventos Deportivos
2694,Secretaría de Seguridad
2695,Secretaría de Lucha contra el Narcotráfico y la Criminalidad Organizada
2696,Subsecretaría de Investigación Criminal
2702,Subsecretaría de Ciencia y Tecnología
2707,Subsecretaría de Ambiente
2708,Subsecretaria de Protección de Derechos Humanos
2709,Subsecretaria de Promoción de los Derechos Humanos
2710,Subsecretaria de Acceso a la Justicia
2711,Subsecretaría de Gestión Administrativa
2713,Subsecretaría de Politicas Universitarias
2714,Subsecretaría de Politicas e Innovación Educativa
2715,Dirección General de Cooperación Internacional
2716,Subsecretaría de Información y Evaluación Educativa
2717,Dirección General de Infraestructura
2718,Instituto Nacional de Formación Docente
2719,Subsecretaría de Políticas Sociales
2721,Subseceratía de Políticas Territoriales y Desarrollo Humano
2726,Secretaría de Asuntos Estratégicos
2728,"Secretaría de Malvinas, Antártida, Política Oceánica y Atlántico Sur"
2729,Subsecretaría de Políticas Familiares
2733,Subsecretaria de Interior
2735,Subsecretaría de Deportes
2740,Subsecretaría de Gestión Administrativa de Producción
2741,Ministerio de Desregulación y Transformación del Estado
2743,Subsecretaría de Combustibles Líquidos
2744,Secretaría de Inteligencia de Estado
2745,Vicejefatura de Gabinete del Interior
2746,Secretaría de Comunicación y Medios
2747,Ministerio de Capital Humano
2748,Secretaría de Gestión Sanitaria
2749,Subsecretaría de Relaciones Sectoriales y Articulación
2750,Subsecretaría de Planificación y Programación Sanitaria
2751,Subsecretaría de Institutos y Fiscalización
2752,Subsecretaría de Programación Federal
2753,Unidad de Alfabetización
2754,Agencia Nacional de Puertos y Navegación
2755,Dirección Nacional de Desarrollo y Promoción
2756,"Subsecretaría de Gestion Administrativa de Turismo, Ambiente y Deportes"
2757,Dirección Nacional de Calidad Turística
2758,Dirección Nacional de Fiscalización
2759,Dirección Ejecutiva Agencia Federal de Emergencias
2760,Subsecretaría de Coordinación y Administración Exterior.
2762,Subsecretaría de Seguridad Social
2763,Subsecretaria de Promoción Humana
2766,Subsecretaría de Coordinación y Administración Exterior
2767,Direccion General de Laboratorios y Control Técnico
2768,Subsecretaría de Relaciones Sectoriales y Articulaciones
2769,Dirección General de Personal
2770,Dirección de Fronteras
2771,Dirección General Del ANES
2772,Dirección Ejecutiva del Hospital Nacional en Red 'Lic. Laura Bonaparte'
2773,Dirección Ejecutiva del Hospital Nacional Dr. Baldomero Sommer
2774,Dirección Ejecutiva del Hosp. Nac. 'Prof. Posadas'
2775,Dirección Ejecutiva del Htal y Com Dr. Carrillo
2776,Dirección Ejecutiva del Instituto Nacional de Rehabilitación Psicofísica del Sur
2777,Dirección Nacional de Integración Federal y Cooperación Internacional Cultural
2778,Dirección General de Apoyo
2779,Subsecretaría de Derechos Humanos
2780,Dirección Nacional de Seg. Inv. Cap. Hum. Sec. Púb. Nac.
2781,Secretaría de Coordinación de Energía y Minería
2782,Secretaría de Justicia
2783,Subsecretaría de Asuntos Registrados
2784,Escribanía General del Gobierno de la Nación
2786,Oficina Anticorrupción
2787,Subsecretaría de Acceso a la Justicia
2788,Subsecretaría de Política Criminal
2789,"Dirección de Tráfico Marítimo, Fluvial y Lacustre"
2790,Secretaría de Coordinación de Producción
2793,Secretaría de Coordinación de Infraestructura
2794,Subsecretaría de Obras y Servicios
2796,Dirección Nacional de Vialidad
2797,Ente Nacional Regulador del Gas y la Electricidad
2798,"Unidad Ministro del Ministerio de relaciones Exteriores, Comercio Internacional y Culto"
2799,"Subsecretaría de Vigilancia Epidemiológica, Información y Estadisticas de Salud"
2800,Secretaría de Turismo y Ambiente
2801,Subsecretaría del Instituto Nacional de Asuntos Indígenas
2802,Gerencia de Área Reactor Argentino Multipropósito - RA-10
2803,Gerencia de Área Producción de Radioisótopos y Aplicaciones de la Radiación
2804,"Gerencia de Área Investigación, Desarrollo e Innovación"
2805,Gerencia de Área Ciclo del Combustible Nuclear
2806,Gerencia de Área Aplicaciones Nucleares a la Salud
2807,Secretaría Nacional de Discapacidad
2808,Secretaría de Comunicación y Prensa
2809,Coordinación Nacional de Relacionamiento Institucional y Vinculación Tecnológica
2810,Centro de Investigación en Economía y Prospectiva
2811,Dirección Nacional Asistente de Transferencia y Extensión
2812,Dirección Nacional Asistente de Investigación y Desarrollo
2813,Gerencia de Area Seguridad Nuclear y Ambiente
2814,Intervención del Ente Nacional Regulador del Gas
2815,Intervención del Ente Nacional Regulador de la Electricidad
2816,Centro Nacional de Ciberseguridad
2817,Secretaría de Asuntos Nucleares
2818,Subsecretaría de Gestión Administrativa
2819,Secretaría de Transformación del Estado y Función Pública
2820,Secretaría de Desregulación
9999,Sin Definir
